id,titulo,genero,actor1,actor2,actor3,director,anio,calidad,formato,sinopsis
2,OPERACIÓN TRUENO,Aventuras,Sean Connery,Claudine Auger,Adolfo Celi,Terence Young,1965,Color,DVD,"Fecha de estreno en Montevideo: 1-01-1968. Trocadero, Radio City
   La organización Spectre se apodera de un bombardero equipado con dos bombas nucleares y amenaza con destruir una ciudad de Usa o Inglaterra si no le entregan cien millones de libras esterlinas. El caso le es asignado al agente 007."
3,MARCHA DE VALIENTES,Western,John Waynne,William Holden,Constance  Towers,John Ford,1959,Color,DVD,"The Horse Soldiers.1959
   En abril de 1863,durante la Guerra de Secesión, el Coronel nordista
Marlowe (John Wayne) recibe la orden de partir con una abundante fuerza y adentrarse trescientas millas en territorio sudista, destruir ferrocarriles y regresar con el menor número de bajas posible, pero debe acompañarles el Comandante médico Kandall (William Holden), lo que no le gusta ya que detesta a los ""matasanos"", a quienes respozabiliza de la muerte de su esposa.
   Durante el trayecto ocupan una casa sudista y tienen que llevar con ellos a Hanna Hunter (Constance Tower) y su criada ya que al espiarlos se han enterado de los planes. Tras cumplir su misión, el Cnel Marlowe no regresa al punto de partida y sigue hasta Báton Rouge para desconcertar a sus perseguidores, reconciliarse con el Dr Kendall y enamorarse de Hanna Hunter.
   Tradicional película de itinerario. No es una de las obras maestras de Ford, pero está cerca y ha ganado con el paso de los años y tiene un mensaje antibélico.
  Fecha de estreno en Montevideo: 11-02-1960. Cines Censa y California."
4,TIBURON,Aventuras,Robert Shaw,Roy Scheider,Richard Dreyfuss,Steven Spielberg,1975,Color,DVD,"Fecha de estreno en Montevideo: 1-01-1976. Metro. Censa
  La película cuenta como un enorme tiburón blanco ataca a los bañistas en las playas de una isla turística. Estos sucesos llevan al sheriff a cerrar las playas y a emprender la caza del éscualo junto a un biólogo marino y un cazatiburones profesional, Dreyfuss y Shaw respectivamente..
  El tema musical que anuncia la inminente aparición del tiburón es inquietante.
  Le siguieron tres secuelas ninguna con la participación de Spielberg."
5,RAMBO,Bélica,Sylvester Stallone,Richard Crenna,Brian Dennehy,Ted Kotcheff,1982,Color,DVD,"Fecha de estreno en Montevideo: 2-06-1983. Censa
  John J Rambo es un veterano de la guerra de Vietnam a quien le fue entregada la Medalla de Honor que tiene problemas para adaptarse a la vida civil.
  Un día un sheriff lo detiene por vagabundear. Al revisarlo ve que tiene un puñal de combate militar. Rambo dice que lo usa para cazar, pero el Sheriff no le cree y lo lleva a la Comisaría. Allí es golpeado y eso le trae recuerdos de cuando fue prisionero de guerra.
  Logra escapar y se retira a las montañas. Un grupo de policías sale en su búsqueda pero son reducidas por Rambo. El sheriff se ve obligado a llamar a la Guardia Nacional. Allí aparece un antiguo oficial que estuvo al mando de Rambo (Richard Crenna) y advierte que, dada la experiencia en combate de Rambo puede matarlos a todos. 
  Finalmente el Coronel le dice a Rambo que termine esta miniguerra y Rambo, entre sollozos, le cuenta de su ira por la forma que la sociedad lo ha maltratado y el ejército lo ha olvidado. Finalmente Rambo se entrega."
6,LOS DOCE DEL PATIBULO,Bélica,Lee Marvin,Charles Bronson,John Cassavetes,Robert Alcrich,1967,Color,DVD,"Fecha de estreno en Montevideo:28-02.1968 Ambassador
  Lee Marvin es el comandante Reisman. Por su indisciplina se le encarga una misión suicida: asaltar un cuartel en los territorios ocupados por los alemanes antes del desembarco y matar la mayor cantidad de oficiales germanos. Para ello recluta doce condenados a muerte con la promesa de otorgarles la libertad a los que regresen."
7,ROSA DE ABOLENGO,Drama,Greer Garson,Walter Pidgeon,Teresa Wright,William Wyler,1942,B&N,DVD,"En un pequeño pueblo de Inglaterra la familia Miniver ve alterada su tranquila vida por la II Guerra Mundial. El padre y el hijo mayor van a combatir y la madre (Greer Garson) se queda con su hijo menor y su nuera. Es una película de propaganda bélica que incita a luchar contra los alemanes.
   Greer Garson ganó el Oscar por su labor.
Fecha de estreno en Montevideo: 4-12-1942 Cine Metro."
8,ROCKY I,Aventuras,Sylvester Stallone,Burguess Meredith,Talia Shire,John Avildsen,1976,Color,DVD,"Fecha de estreno en Montevideo: 2-04-1977 Trocadero
  Rocky es un boxeador de segunda clase. Un buen día el campeón del mundo Apollo Creek al no tener rival ante la imposibilidad del púgil al que iba a enfrentar elige a Rocky para combatir sabiendose superior.
   Rocky acepta y comienza a entrenar solo, es muy recordada la escena en que sube las escalinatas de un edificio público.
   Consigue que un viejo entrenador (Burguess Meredith) lo ayude en la preparación.
   Está basada en algún hecho real, como el del uruguayo Alfredo Evangelista que llegó a pelear con Mohamed Alí en esas condiciones.
   Ganó el Oscar a mejor película."
9,EL PISTOLERO,Western,John Wayne,Laureen Bacall,Ron Howard,Don Siegel,1976,Color,DVD,"Fecha de estreno en Montevideo: 27-10-1977. Iguazu.


  .

 Cuenta la historia de un viejo pistolero enfermo terminal. Sabiendo que le quedaba poco prefiere terminar su vida en un tiroteo en una cantina.
  Don Siegel recurrió a un monteje de fragmentos de films anteriores. La realidad se confundió con la leyenda.
  Ultima pelicula de John Wayne."
10,TIBURON II,Aventuras,Roy Scheider,Lorraine Gary,Joe Mascolo,Jeannet Szware,1978,Color,DVD,"Fecha de estreno en Montevideo: 25-12-1978.Censa,California,Punta Gorda.
  Han pasado cinco años del ataque del tiburón blanco. Dos buzos son atacados por otro tiburón blanco en la misma localidad.
  Se producen otros ataques y el comisario (Roy Scheider) deberá intervenir."
11,AHORA MI NOMBRE ES NADIE,Western,Henry Fonda,Terence Hill,Piero Lulli,Tonino Velrii,1974,Color,DVD,"Fecha de estreno en Montevideo:10-02-1975. Censa
 De camino a Nueva Orleans para tomar el barco que se dirige a Inglaterra, Jack (Henry Fonda)conoce a un forastero cuyo nombre es Nadie (Terence Hill). Este lo seguirá a todas partes pero ayudará a Jack a enterrar su pasado."
12,EL GOLPE,Comedia,Paul Newman,Robert Redford,Robert Shaw,George Roy Hill,1973,Color,DVD,"Fecha de estreno en Montevideo: 1-08-1974. Metro,Censa"
13,LA PANDILLA SALVAJE,Western,William Holden,Ernest Borgnine,Robert Ryan,Sam Peckimpah,1969,Color,DVD,Fecha de estreno en Montevideo:27-12-1969. 18 de julio
14,LA CONQUISTA DEL OESTE,Western,Gregory Peck,Debbie Reynolds,James Stewart,John Ford y otr.,1963,Color,DVD,Fecha de estreno en ROU: 2/07/1964 Cine Eliseo (Cinerama)
15,EL ROLLS ROYCE AMARILLO,Comedia,Rex Harrison,Alain Delon,Omar Shariff,Anthony Asquith,1965,Color,DVD,Fecha de estreno en Montevideo:30-09-1965 Metro
17,ALTA SOCIEDAD,Musical,Grace Kelly,Bing Crosby,Frank Sinatra,Charles Walters,1956,Color,DVD,Fecha de estreno en Montevideo: 21-03-1957.Metro
18,DESPEDIDA DE SOLTERO,Comica,Tom Hanks,Tawney Kitaen,Adrian Zmed,Neal Isa\r\nNeal Israel,1984,Color,DVD,Fecha de estreno en Montevideo:27-11-1984. Plaza
19,ROCKY II,Aventuras,Sylvester Stallone,Burguess Meredith,Talia Shire,Sylvester Stallonne,1979,Color,DVD,"Fecha de estreno en Montevideo:19-10-1979. Ariel, Carrasco"
20,LO MEJOR DE NUESTRA VIDA,Drama,Fredric March,Myrna Loy,Dana Andrews,William Wyler,1946,B&N,DVD,Fecha de estreno en Montevideo: 22-10-1947. Trocadero
21,CIMARRON,Drama,Richard Dix,Irene Dunne,Estelle Taylor,Howard Estabrook,1931,B&N,DVD,Fecha de estreno en Montevideo: 3-10-1931. Rex
22,LOS IRROMPIBLES,Western,Jorge Martínez,Ricardo Espalter,Graciela Alfano,Emilio Vieyra,1975,Color,DVD,"Fecha de estreno en Montevideo: 25-08-1975. Censa
A fines del siglo XIX, dos personas defienden una mina de unos bandidos que dependen de una organización que está en la ciudad.
  Es interesante ir viendo a los integrantes de Telecataplum durante el desarrollo del film."
23,SU VENGANZA ERA MATAR,Western,Gregory Peck,Dawn Lyn,Robert F. Lyons,Henry Hathaway,1971,Color,DVD,Fecha de estreno en Montevideo: 15-01-1972. Ambassador
24,DEL DESTINO NADIE HUYE(La mano izquierda de Dios),Aventuras,Humphrey Bogart,Gene Tierney,Lee J. Cobb,Edward Dmitryck,1955,Color,DVD,Fecha de estreno en Montevideo: 16-07-1956. Trocadero
25,EL ORO DE MACKENNA,Western,Gregory Peck,Omar Shariff,Telly Savalas,J. Lee Thomson,1969,Color,DVD,Fecha de estreno en Montevideo: 18-08-1969. Plaza
26,CASABLANCA,Drama,Humphrey Bogart,Ingrid Bergman,Paul Henried,Michael Curtiz,1942,ByN,DVD,Fecha de estreno en Montevideo: 9-04-1943. Victory
27,HOGAR DULCE HOGAR,Comedia,Tom Hanks,Shelley Long,Alexander Godunov,Richard Benjamin,1986,Color,DVD,"Fecha de estreno en Montevideo: 18-09-1986. Metro,Punta Gorda"
28,UN DÓLAR MARCADO,Western,Giuliano Gemma,Evelyn Stewart,Ida Galli,Giorgio Ferroni,1965,Color,DVD,Fecha de estreno en Montevideo: 30-09-1966 Trocadero
29,HORIZONTES DE GRANDEZA,Western,Gregory Peck,Jean Simmons,Charlton Heston,William Wyler,1958,Color,DVD,"Fecha de estreno en Montevideo: 3-08-1959. Censa, California"
32,APACHE,Western,Burt Lancaster,Jean Peters,John McIntire,Robert Aldrich,1954,Color,DVD,9-05-1955 Trocadero
33,10 LA MUJER PERFECTA,Comedia,Dudley Moore,Bo Derek,Julie Andrews,Blake Edwards,1979,Color,DVD,"25-08-1980 18 de julio, Central"
35,LOS CABALLEROS DEL REY ARTURO,Aventuras,Robert Taylor,Ava Gardner,Mel Ferrer,Richard Thorpe,1953,Color,DVD,8-07-1954 Metro
36,COMANDO,Policial,Arnold Schwzernegger,Rae Dawn,Dan Hedaya,Mark Lester,1985,Color,DVD,"20-03-1986 Central, Casablanca"
37,ESCAPE A LA VICTORIA,Aventuras,Sylvester Stallone,Michael Caine,Max Von Sidow,John Huston,1981,Color,DVD,26-03-1982 18 de julio
38,CRIMEN POR MUERTE,Comedia,David Niven,Peter Sellers,Peter Falk,Robert Moore,1976,Color,DVD,7-04-1977 18 de julio
39,EL SATANICO DR NO,Aventuras,Sean Connery,Ursula Andress,Joseph Witerman,Terence Young,1962,Color,DVD,11-11-1963 Plaza
40,CHARADA,Policial,Cary Grant,Audrey Hepburn,Walter Matthau,Stanley Donen,1963,Color,DVD,10-04-1964 Censa
41,ASCENSOR PARA EL CADALSO,Policial,Jeanne Moreau,Mauriece Ronet,Georges Poujouly,Louis Malle,1958,B&N,DVD,23-08-1958 Plaza
42,EL DESFILADERO DE LA MUERTE,Western,Susan Hayward,Jeff Chandler,Jacques Bergerac,Rusell Rouse,1959,Color,DVD,"Un grupo de inmigrantes vascos llega a Misouri, huyendo de las guerras napoleonicas, con la intención de establecerse en tierrras de California. Para atravesar el peligroso territorio indio contratan a un guía para que los ayude a realizar la travesía, pero la relación de este con la novia del jefe de la caravana va a traerle al grupo graves problemas…
13-02-1960 Trocadero como Tormenta bajo el sol"
44,LA MAQUINA DEL TIEMPO,Ciencia Ficción,Rod Taylor,Alan Young,Ivette Mimieux,George Pal,1960,Color,DVD,7-10-1960 Ariel
45,EL BARON MUNCHAUSEN,Aventuras,Milos Kopecky,Rudolf Jelinek,Jana Brejchova,Kerel Zeman,1962,Color,DVD,10-01-1964 Radio City
46,EL SOL ROJO,Western,Charles Bronson,Toshiro Mifune,Alain Delon,Terence Young,1971,Color,DVD,22-05-1972 Plaza
47,EL COLLAR DE LA MUERTE,Policial,Christopher Lee,Senta Berger,Thorley Waletrs,Terence Fisher,1962,B&N,DVD,No estrenada en salas en Montevideo
48,TOP GUN,Aventuras,Tom Cruise,Kelly McGillis,Abthiny Edwards,Tony Scott,1986,Color,DVD,"25-12-1986. Metro, Alfa"
49,SANGRE Y ARENA,Drama,Tyrone Power,Rita Hayworth,Linda Darnell,Rouben Mamoulian,1941,Color,DVD,5-11-1941. Trocadero
50,EL ACORAZADO POTEMKIN,Drama,Grigorii Aleksandrov,Vladimir Borskii,Ivan Brobov,Sergei Eisenstein,1925,B&N,DVD,13-04-1944. Azul
51,LA LEY DEL TALION,Western,Robert Redford,Will Geer,Allyn Ann,Sydney Pollack,1972,Color,DVD,29-01-1973 Censa
52,HORAS DESESPERADAS,Policial,Humphrey Bogart,Fredric March,Arthur Kennedy,William Wyler,1955,Color,DVD,21-03-1956. PlazaTres convictos escapados de prisión se esconden en un chalet de una familia tomando como rehenes a los miembros de la casa y que vivirán un auténtico horror sin que la policia lo sepa.
53,EL PUENTE SOBRE EL RIO KWAI,Bélica,William Holden,Alec Guinness,Sessue Hayakawa,David Lean,1957,Color,DVD,18-06-1958 Censa
54,LAGRIMAS Y SONRISAS,Drama,Charles Laughton,Richard Widmark,Anne Baxter,Henry Hathaway,1952,B&N,DVD,16-07-1953 Censa
55,LA MUERTE VIAJA A CABALLO,Western,Lee Van Cleef,John P. Law,Luigi Pistili,Giulio Petroni,1967,Color,DVD,14-06-1969 Trocadero
56,ANGUSTIA DE UN QUERER,Drama,William Holden,Jennifer Jones,Torin Tatcher,Henry King,1955,Color,DVD,1-03-1956 Censa
57,CUPIDO MOTORIZADO,Comica,Dean Jones,Michele Lee,David Tomlinson,Robert Stevenson,1968,Color,DVD,14-09-1970 Censa
58,CARTOUCHE,Aventuras,Jean Paul Belmondo,Claudia Cardinale,Jess Hahn,Philippe De Vroca,1962,Color,DVD,4-04-1963 Trocadero
59,GUNGA DIN,Aventuras,Cary Grant,Victor Mc Laglen,Sam Jaffe,George Stevens,1939,ByN,DVD,1-06-1939 Radio City
60,OLA DE CRIMENES (Crime Wave),Cine Negro,Sterling Hayden,Gene Nelson,Charles Bronson,Andre de Toth,1954,B&N,DVD,"8-01-1957 Victory.
Estrenada en Montevideo con el título de ""Ciudad en Tinieblas"""
61,LO QUE EL VIENTO SE LLEVO,Drama,Clark Gable,Vivien Leigh,Leslie Howard,Victor Flemming,1939,Color,DVD,25-09-1940  Metro
62,ALGO PARA RECORDAR,Comedia,Cary Grant,Deborah Kerr,Richard Denning,Leo Mc Carey,1957,Color,DVD,1-01-1958 Radio City
63,EL PIBE,Drama,Charles Chaplin,Edna Purviance,Jackie Coogan,Charles Chaplin,1921,ByN,DVD,28-03-1961 Rex. En versión sonorizada
64,EL PIRATA HIDALGO,Aventuras,Burt Lancaster,Nick Cravat,Eva Bartok,Robert Siodmak,1952,Color,DVD,"23-01-1956 Iguazú, El Porvenir"
65,EL PASTOR DE LAS COLINAS,Western,John Wayne,Betty Field,Harry Carey,Henry Hathaway,1941,B&N,DVD,"16-12-1941 Ambassador con el título ""Destino de Sangre"""
66,LLOYD DE LONDRES,Drama,Tyrone Power,Madeleine Carroll,Freddie Bartholomew,Henry King,1936,B&N,DVD,25-06-1937 Metro
67,LA LUNA DEL CAZADOR,Western,Gregory Peck,Eva Marie Saint,Robert Forster,Robert Mulligan,1968,Color,DVD,3-12-1970 Censa
68,LAS CUATRO PLUMAS,Aventuras,Ralph Richardson,John Clements,C. Aubrey Smith,Zoltan Korda,1939,Color,DVD,19-10-1939 Radio City
69,LA BELLA DEL YUKON,Western,Randolph Scott,Gypsy Rose Lee,Dinah Shore,William Seiter,1944,Color,DVD,"25-12-1946 Trocadero con el titulo ""La divina aventurera"""
70,MARY POPPINS,Comedia,Dick Van Dike,Julie Andrews,David Tomlinson,Robert Stevenson,1964,Color,DVD,29-12-1966 California
71,ANNIE,Comedia,Albert Finney,Carol Burnett,Aileen Quinn,John Huston,1982,Color,DVD,"16-12-1982 Ambassador, Punta Gorda"
72,EL HOMBRE DEL MILLON,Comedia,Gregory Peck,Jane Griffiths,Carol Burnett,Ronald Neame,1954,Color,DVD,"28-03-1955 Eliseo, Trocadero"
73,LA VERDADERA HISTORIA DE UN PERRO,Drama,Donald Crisp,Laurence Naismith,Alex Mackenzie,Don Chaffey,1961,Color,DVD,No estrenada en salas.
74,INTRIGA INTERNACIONAL,Suspenso,Cary Grant,James Mason,Eva Marie Saint,Alfred Hitchcock,1959,Color,DVD,"9-09-1959 Metro, Casablanca"
75,PEDRO Y EL DRAGON,Comedia,Sean Marshall,Mickey Rooney,Shelley Winters,Don Chaffey,1977,Color,DVD,14-09-1979 Iguazú
76,LA VUELTA AL MUNDO EN OCHENTA DIAS,Aventuras,David Niven,Cantinflas,Shirley MacLaine,Michael Anderson,1956,Color,DVD,05-09-1958 Grand Palace
78,DAKOTA,Western,John Wayne,Vera Ralston,Walter Brennan,Joseph Kane,1945,B&N,DVD,"Devlin (John Wayne) es un jugador que se muda con su nueva esposa Sandy (Vera Ralston) a Dakota, donde espera conseguir un buen lucro con la expansión del tren. En el viaje se encuentran con dos bandidos, Bender y Collins (Ward Bond y Mike Mazurki), que viven robando haciendas y expulsando a los hacendados de sus propiedades. Los dos bandidos le roban el dinero a John y Sandy.
  Acción desde el comienzo hasta un emocionante final.
Fecha de estreno en Montevideo: 10 de febrero de 1949.
Cine: Radio City
Se estrenó con el título de ""Corazones sin rumbo"".
10-02-1949 Radio City"
79,CUPIDO MOTORIZADO A LA CARGA,Comedia,Cloris Leachman,Charles Martin Smith,Harvey Korman,Vincent Mc Eveety,1980,Color,DVD,"02-07-1981 California, Casablanca"
80,MUERTE EN EL NILO,Policial,Peter Ustinov,David Niven,Mia Farrow,John Guillermin,1978,Color,DVD,"8-02-1979 Plaza, Casablanca"
81,LA PANTERA ROSA ATACA DE NUEVO,Comedia,Peter Sellers,Harbert Lom,Colin Blakeley,Blake Edwards,1976,Color,DVD,13-05-1977 Plaza
82,MOGAMBO,Aventuras,Clark Gable,Ava Gardner,Grace Kelly,John Ford,1953,Color,DVD,9-05-1954 Metro
83,DESTINO: LA LUNA,Ciencia Ficción,John Archer,Dick Wesson,Tom Powers,Irving Pichel,1950,Color,DVD,"11-03-1952 Trocadero, Eliseo"
84,GORDON EN LA CIUDAD FANTASMA(serial),Western,Buck Jones,Madge Bellany,Walter Miller,Ray Taylor,1933,ByN,DVD,
85,LAS MARIPOSAS SON LIBRES,Comedia,Goldie Hawn,Edward Albert,Eileen Heckart,Milton Katselas,1972,Color,DVD,7-09-1973 Rex
86,MURIERON CON LAS BOTAS PUESTAS,Western,Errol Flynn,Olivia de Havilland,Arthur Kennedy,Raoul Walsh,1941,ByN,DVD,
87,20.000 LEGUAS DE VIAJE SUBMARINO,Ciencia Ficción,James Mason,Kirk Douglas,Paul Lukas,Richard Fleischer,1954,Color,DVD,"1-01-1956 Trocadero, Ariel.
La novela de Julio Verne llevada a la pantalla por la casa Disney.
Se destaca la labor de James Mason como el Capitán Nemo."
88,LAS MINAS DEL REY SALOMON,Aventuras,Stewart Granger,Deborah Kerr,Richard Carlson,Andrew Marton,1950,Color,DVD,15-03-1951 Metro
89,LA PROFECIA,Suspenso,Gregory Peck,Lee Remick,Harvey Stephens,Richard Donner,1976,Color,DVD,01-04-1977 Radio City
90,EL PADRE DE LA NOVIA,Comedia,Spencer Tracy,Joan Bennett,Elizabeth Taylor,Vincente Minelli,1950,Color,DVD,04-01-1951 Metro
91,RAMBO II,Bélica,Sylvester Stallone,Richard Crenna,Charles Napier,George Pan Cosmatos,1985,Color,DVD,"30-06-1988 Trocadero,Grand Splendid,Carrasco."
92,ARSENICO Y ENCAJE ANTIGUO,Comedia,Cary Grant,Priscilla Lane,Raymond Massey,Frank Crapa,1944,ByN,DVD,21-09-1944 Ambassador
93,BILLY DOS SOMBREROS,Western,Gregory Peck,Desi Arnaz Jr.,Jack Warden,Ted Kotcheff,1973,Color,DVD,02-12-1974 Central como Matando sin compasión
94,EL CLAN SICILIANO,Policial,Jean Gabin,Alain Delon,Lino Ventura,Henri Verneuil,1969,Color,DVD,16-10-1970 Censa
95,YO QUIERO SER BATACLANA,Comedia,Juan C. Thorry,Nini Marshall,Sabina Olmos,Manuel Romero,1941,ByN,DVD,"25-03-1941 Ambassador
Un hombre adinerado produce una revista por que está interesado en la vedette del elenco que es novia del director.
 De lo mejor de Manuel Romero y Nini Marshall.
 Inolvidable la Muerte del Cisne interpretada por Marshall.
 El siempre correcto actor y carismático galán Juan Carlos Thorry canta ""Tres recuerdos"" como pocos lo han hecho. Lamentablemente nunca lo llevó al disco. Si lo hizo Sabina Olmos.
  Las actuaciones de todo el elenco hacen olvidar el punto debil del film: el argumento."
96,EL SOLTERON,Comedia,Enrique Serrano,Juan C. Thorry,Fanny Navarro,Francisco Mugica,1940,ByN,DVD,"7-09-1940. Rex
Un solteron y juerguista se regenera para recuperar el afecto de su hijo del que desconocia su existencia. Tiene que volver a la noche para que su cuñado no  llegue a la ruina a causa de una amante.
  Comedia de tono amable, con bastantes momentos de humor a cargo de Enrique Serrano en un rol que le caía de medida."
97,TONTOS DE ALTURA,Comedia,Stan Laurel,Oliver Hardy,Jean Parker,Edward Sutherland,1939,ByN,DVD,"27-04-1940 Rex
 Oliver defraudado por el rechazo de una mujer de la que está enamorado decide suicidarse. Stan intenta ayudar a Oliver a suicidarse pero no quiere compartir todas sus desgracias. El  intento no se consuma por la intervención de un Oficial del Ejército que los convence que se alisten en La Legión Extranjera. Ingresan pero son tan inútiles que son condenados a muerte.Logran fugarse y escapan en un avión que finalmente se estrella y fallece Ollie."
98,"SHANE, EL DESCONOCIDO",Western,Alan Ladd,Jean Arthur,Van Heflin,George Stevens,1952,Color,DVD,11-10-1954 Iguazú
99,SANSON Y DALILA,Histórica,Victor Mature,Hedy Lamarr,George Sanders,Cecil B. De Mille,1949,Color,DVD,"10-07-1951 Trocadero,Eliseo,Radio City"
100,E.T.,Ciencia Ficción,Drew Barrymore,Henry Thomas,Peter Coyote,Steven Spielberg,1982,Color,DVD,"25-12-1982 Censa, Metro, Punta Gorda"
101,LOS MARTES ORQUIDEAS,Comedia,Enrique Serrano,Juan C. Thorry,Mirtha Legrand,Francisco Mugica,1941,ByN,DVD,"10-06-1941 Ambassador
Un hombre padre de cuatro hijas queda preocupado por la timidez de la menor de ellas. Comienza a enviarle semanalmente flores, las orquídeas del título. Un día se olvida y envía las flores por un joven desocupado. La hija lo llega a ver por una ventana y cree que es su secreto admirador.
  De ella el crítico argentino Roland dijo: ""de una fluidez encantadora. Sortea habilmente la cursilería y el chiste vulgar.""
  Grandes actuaciones de Serrano y Thorry. Película consagratoria de Mirtha Legrand."
102,VERACRUZ,Western,Gary Cooper,Burt Lancaster,César Romero,Robert Aldrich,1954,Color,DVD,"22-08-1955 Trocadero, Ariel"
103,RUGIDO DE RATON,Comedia,Peter Sellers,Margaret Rutheford,Jean Seberg,Jack Arnold,1959,Color,DVD,18-07-1960 California
104,LOS CAÑONES DE SAN SEBASTIAN,Western,Anthony Quinn,Charles Bronson,Anjanette Commer,Hanri Verneuil,1969,Color,DVD,31-10-1968 Metro
106,ASI ES LA VIDA,Drama,Luis Sandrini,Susana Campos,Gabriela Gili,Enrique Carreras,1977,Color,DVD,"16-06-1977 Censa
La historia de una familia bonaerense durante tres décadas,desde  principios del siglo XX hasta los años treinta.Es una evocación que refleja alegrías y tristezas de los acontecimientos familiares.
 Basada en la obra de Arnaldo Malfati y Nicolás de las Llanderas.
 Completan el reparto Angel Magaña, Andres Percivale, Darío Vittori, Adolfo García Grau, Ricardo Darín.
Remake de la película del mismo nombre de 1939"
107,ASESINATO POR DECRETO,Policial,Christopher Plumer,James Mason,Donald Sutherland,Bob Clark,1979,Color,DVD,"Fecha de estreno en Montevideo: 2 de octubre de 1980. Cine Plaza.
Christopher Plummer y James Mason interpretan a Sherlock Holmes y al Dr Watson en esta entretenida película de crimen y misterio que trata la brutal sucesión de asesinatos de prostitutas cometidos por Jack el destripador en los años 80 del siglo XIX. Entre los secundarios figuran Donald Sutherland y Anthony Quayle. La película muestra como Holmes intenta detener de una vez por todas la ola de asesinatos en una aventura que alcanza a los miembros màs elevados de la escala social, a lo que se une una conspiraciòn en la que participan masones y miembros de la familia real."
108,RIO DE POLVORA(Honor sin fronteras),Western,Rory Calhoun,Corinne Calver,Cameron Mitchell,Louis King,1953,Color,DVD,"El alguacil Chino Bull (Rory Calhoun) ha decidico colgar las armas, buscar oro y convertirse en un hombre pacífico; pero cuando su compañero es asesinado a tiros, se hace nombrar sheriff del pueblo,entabla amistad con el pistolero Mitch Hardin (Cameron Mitchell), un médico que ha abandonado la profesión por homicidio, y se convierten en enemigos de los hermanos Logan (Carl Betz y John Dehner). Cuando la novia de Hardin, Debbie (Penny Edwards), llega del este, no se siente bien recibida, a lo que ayuda Frenchie (Corinne Calvet) la dueña del salón.
   Este curioso western de serie B se distingue por los sorprendentes giros de guión, el suspenso de la trama - rasgo no común en el género- y la agudeza y brillantez de los diálogos, firmados por Geoffrey Homes. Bajo este seudónimo se ocultaba Daniel Mainwaring, escritor y guionista perseguido durante el macartismo y autor de la novela en que se basó ""Retorno al pasado"" una de las mejores películas del cine negro.
  Fecha de estreno en Montevideo: 15 de diciembre de 1953. Cine Coventry."
109,SISSI,Comedia,Romy Schneider,Karleheinz Böhm,Magda Shneider,Ernst Mariscka,1955,Color,DVD,Estreno en ROU: 30/10/1958 Cine Censa
110,EL TESORO DEL AHORCADO,Western,Robert Taylor,Richard Widmark,Patricia Owens,John Sturges,1958,Color,DVD,23-07-1959 Metro
112,SIGANME MUCHACHOS,Comedia,Fred MacMurray,Vera Miles,Lillian Gish,Norman Tokar,1966,Color,DVD,28-06-1968 California
113,LA GUERRA DE LOS MUNDOS,Ciencia Ficción,Gene Barry,Ann Robinson,Les Tremayne,Byron Haskin,1952,Color,DVD,23-08-1954 Plaza
114,FANTOMAS,Comedia,Louis de Funes,Jean Marais,Mylene Demongeot,André Houmeballe,1964,Color,DVD,1-01-1967 Ambassador
117,ESPERANDO LA CARROZA,Comedia,Antonio Gasalla,China Zorrilla,Luis Brandoni,Alejandro Doria,1985,Color,DVD,"4-07-1985 Plaza
Los integrantes de una familia en lucha para ver quien no se hace cargo de la madre octogenaria.
""El elenco es muy importante y los actores se sacan chispas"" Claudio España
 Basada en una obra del uruguayo Jacobo Langsner"
118,LA FURIA DE LOS SIETE MAGNIFICOS,Western,Lee Van Cleef,Stefanie Powers,Rita Rogers,George Mc Cowan,1972,Color,DVD,
119,CAJITA DE MUSICA,Comica,Stan Laurel,Oliver Hardy,Billy Gilbert,James Parrott,1932,ByN,DVD,Propietarios de un carro y un yegua Laure l& Hardy instalan una empresa de entregas. Se le confía llevar un piano a una casa que se encuenra en una colina a la que se accede subiendo una larguísima escalera. El piano parece resistirse a subir y además tener vida propia ya qye varias veces se desliza hacia el inicio de la escalera. Finalmente llegan  destino y alli se dan cuenta que bordeandola colina podías subir con el carro por una calle paralela. Deseos de hacer las cosas bien bajan el piano y lo suben por esa calle con el carro. Como en la casa no hay nadie intentan entrarlo por una ventana.
120,LAS AVENTURAS DE RED RYDER (Serial),Western,Don (Red) Barry,Noah Berry,Tommy Cook,English-Witney,1940,ByN,DVD,
121,TRES MONEDAS EN LA FUENTE,Drama,Dorothy McGuire,Clifton Webb,Louis Jordan,Jean Negulesco,1954,Color,DVD,
122,ALLA EN EL LEJANO OESTE,Comica,Stan Laurel,Oliver Hardy,James Finlayson,James Horne,1937,ByN,DVD,
123,LOS MALDITOS DE QUANTEZ,Western,Fred MacMurray,Dorothy Malone,James Barton,Harry Keller,1957,Color,DVD,"Fred MacMurray da vida a John Coventry, integrante de una banda de atracadores que intenta escapar cruzando hacia la frontera con Mexico. Mientras cabalgan por el árido territorio escapando de los indios se detienen en el abandonado pueblo de Quantez. A medida que los peligros los acechan los ànimos se caldean y las traiciones aparecen. Los rudos criminales terminan convirtiéndose en héroes y otros en villanos mientras se desesperan tratando de cumpir su plan en este psicológico western.
Fecha de estreno en Montevideo: 12-01-1959 Cine Coventry."
124,QUISIERA SER GRANDE,Comedia,Tom Hanks,Elizabeth Perkins,John Heard,Penny Marshall,1988,Color,DVD,
125,DUELO DE TITANES,Western,Burt Lancaster,Kirk Douglas,Rhonda Fleming,John Sturges,1957,Color,DVD,
126,MUCHACHO LOBO,Comedia,Michael J. Fox,James Hampton,Susan Ursitti,Rod Daniel,1985,Color,DVD,
127,VENGANZA JURADA (Sargento Hook),Western,Joel McCrea,Barbara Stanwyck,Earl Holliman,Charles Marquis Warren,1957,B&N,DVD,"Tras arrasar un poblado apache, los soldados encuentran entre los supervivientes a Cora (Bárbara Stanwyck), una mujer blanca que fue raptada por los indios años atrás y termina siendo rescatada por el Sargento Hook (Joel McCrea). Junto con el hijo mestizo que tuvo con Nanchez, el jefe de la tribu, es devuelta a su hogar, aunque Nanchez no piensa renunciar a su familia tan facilmente…
Fecha de estreno en Montevideo: 7-07-1959 Cine Victory."
128,CUANDO LOS DUENDES CAZAN PERDICES,Comedia,Luis Sandrini,Malvina Pastorino,Maria Esther Buschiazo,Luis Sandrini,1955,ByN,DVD,"7-07-1955 Censa
Un muchacho tímido y audaz al mismo tiempo trata de ubicar a su hermano, que fue dado en adopción cuando nació, para tratar de que lo ayude a pagar una operación a la madre.
  Basada en la obra teatral del uruguayo Orlando Aldama, que estuvo varios años en cartel."
129,RAMBO  III,Aventuras,Sylvester Stallone,Richard Crenna,Marc de Jonge,Peter Mac Donald,1988,Color,DVD,
130,SHERLOCK HOLMES,Suspenso,Clive Brook,Miriam Hordan,Ernest Torrence,William K Howard,1932,ByN,DVD,Fecha de estreno en Montevideo 10 de agosto de 1932 Cine Rex
131,LA PASION MANDA,Cine Negro,George Raft,Ida Lupino,Humphrey Bogart,Raoul Walsh,1940,B&N,DVD,
132,LA REINA AFRICANA,Aventuras,Humphrey Bogart,Katharine Hepburn,Robert Morley,John Huston,1951,Color,DVD,Fecha de Estreno: 6/10/1952 Cine: Trocadero - Eliseo
133,A LA HORA SEÑALADA,Western,Gary Cooper,Grace Kelly,Katy Jurado,Fred Zinnemann,1952,ByN,DVD,
134,LOS SATELITES DE SATAN (Serial),Ciencia Ficción,Judd Holdren,Aline Towne,Wilson Wood,Fred C Brannon,1952,ByN,DVD,
135,POR QUIEN DOBLAN LAS CAMPANAS,Drama,Gary Cooper,Ingrid Bergman,Arturo de Córdova,Sam Wood,1943,Color,DVD,
136,EL ULTIMO DINOSAURIO,Aventuras,Richard Boone,Joan Van Ark,Steven Keats,Alexander Grasshoff,1977,Color,DVD,
137,MAS CORAZON QUE ODIO,Western,John Wayne,Jeffrey Hunter,Vera Miles,John Ford,1956,Color,DVD,
139,BEN HUR,Histórica,Charlton Heston,Jack Hawkins,Stephen Boyd,William Wyler,1959,Color,DVD,
140,ADAN Y LA SERPIENTE,Comedia,Enrique Serrano,Tilda Thamar,Tito Gomez,Carlos H. Christensen,1946,B&N,DVD,"25-07-1946 Ambassador
En un hotel de Mendoza (Arg) una misteriosa dama blanca visita a los hombres en sus habitaciones.
 Christensen supo explotar la picardía de Serrano y la atracción de Tilda Thamar en una combinación osada para la época.
  De las primeras películas prohibidas para menores."
141,RIO BRAVO,Western,John Wayne,Dean Martin,Angie Dickinson,Howard Hawks,1959,Color,DVD,
142,GUERRILEROS DE LAS FILIPINAS (Patrulla Indómita),Aventuras,Tyrone Power,Micheline Presle,Tom Ewell,Fritz Lang,1950,Color,DVD,Fecha de estreno en Montevideo: 29 de junio de 1951
143,LO QUE NO SE PERDONA,Western,Burt Lancaster,Audrey Hepburn,Audie Murphy,John Huston,1959,Color,DVD,
144,FIESTA DE FIN CURSOS /EDUC.ARIZONA,Documental,Analia,Fiesta Fin de Año,Esc E.E.U.U.,Familiar,1990,Color,DVD,
145,TORNEO LIGUILLA 1990,Documental,Futbol,Racing,Peñarol,Familar,1991,Color,DVD,
146,"CHANDU, EL MAGO",Suspenso,Bela Lugosi,Edmund Lowe,Irene Ware,William Cameron Menzies,1932,B&N,DVD,Fecha de estreno en Montevideo: 20-06-1933 Cine París.
147,EL EMBRUJO DE PARIS,Comedia,Bob Hope,Fernandel,Anita Ekberg,Gerd Oswald,1958,Color,DVD,"En un crucero hacia Paris coinciden dos cómicos famosos. Mientras el francés vuelve a casa tras una gira por América, el otro va hacia Francia a comprar el guión de su próximo espectáculo. En el barco tambión viaja una señora que busca en el camarote de Bob, el cómico norteamericano, una copia del guión que quiere comprar para deshacerse de él.
13-08-1958 Censa"
148,MOBY DICK,Aventuras,Gregory Peck,Richard Basehart,Leo Genn,John Huston,1956,Color,DVD,
149,DON QUIJOTE DEL ALTILLO,Comedia,Luis Sandrini,Nuri Montse,Eduardo Sandrini,Manuel Romero,1936,ByN,DVD,"Fecha de estreno en Montevideo: 6-10-1936 Cine Ariel.
Un muchacho se enamora de su vecina de pensión, pero esta acepta los requerimientos de su patrón millonario.
Sandrini una vez más haciendo de infeliz y consuela sus penas de amor con un niño y un perro."
150,TAMBORES LEJANOS,Western,Gary Cooper,Richard Webb,Mari Aldon,Raoul Walsh,1951,Color,DVD,
151,CUPIDO MOTORIZADO SE ENAMORA,Comedia,Dean Jones,Don Knotts,Julie Sommars,Vincent McEveety,1977,Color,DVD,
152,EL DIABLO BAJO EL SOL,Policial,Peter Ustinov,Jane Birkin,James Mason,Guy Hamilton,1982,Color,DVD,
153,CINEMA PARADISO,Drama,Philippe Noiret,Salvatore Cascio,Jacques Perrin,Giuseppe Tornatore,1988,Color,DVD,
154,MAYOR DUNDEE,Western,Charlton Heston,Richard Harris,Senta Berger,Sam Peckinpah,1964,Color,DVD,
155,MUJERCITAS,Drama,Elizabeth Taylor,June Allison,Peter Lawford,Mervyn Le Roy,1949,Color,DVD,
156,VACACIONES,Comedia,Chevy Chase,Beverly D'angelo,Anthony Hall,Harold Ramis,1983,Color,DVD,
157,CHACALES DEL OESTE,Western,John Wayne,Ann Margret,Rod Taylor,Burt Kennedy,1972,Color,DVD,
158,CUENTOS NAVIDEÑOS DE MICKEY,Dibujos Animados,Mickey Mouse,Donald Duck,Goofy,Burney Mattison,1983,Color,DVD,
159,EL DIABLO,Western,Louis Gosset Jr.,Anthony Edwards,Robert Beltran,Peter Morkle,1990,Color,DVD,
160,EL PADRE ES ABUELO,Comedia,Spencer Tracy,Elizabeth Taylor,Joan Bennett,Vincente Minnelli,1950,B&N,DVD,Fecha de estreno en Montevideo 2o-12-1951
161,TARZAN EL HOMBRE MONO,Aventuras,Denny Miller,Cesare Danova,Joanna Barnes,Joseph Newman,1959,Color,DVD,4-07-1960 Metro.
162,EL ALAMO,Western,John Wayne,Richard Widmark,Laurence Harvey,John Wayne,1960,Color,DVD,"17-07-1961 18 de Julio, Radio City"
164,BERNARDO Y BIANCA,Dibujos Animados,Bob Newhart,Eva Gabor,Geraldine Page,John Lounsbery,1977,Color,DVD,Fecha de estreno en Montevideo:26-06-1978. Censa
165,MUERTE EN VENECIA,Drama,Dick Bogarde,Bjorn Andressen,Silvana Mangano,Luchino Visconti,1971,Color,DVD,Fecha de estreno en Montevideo: 26-01-1972 Cine 18 de julio
166,RENEGADO VENGADOR (Chato's land),Western,Charles Bronson,Jack Palance,Richard Basehart,Michael Winer,1971,Color,DVD,
168,ROJO PROFUNDO,Suspenso,David Hemmings,Nacha Meril,Daria Nicolodi,Dario Argento,1975,Color,DVD,"Un vidente con capacidad para leer la mente de las personas capta los pensamientos de un asesino en una conferencia. Un panista inglés envuelto en una serie de asesinatos consigue convencerlo para que solucione el caso, pero sus investigaciones  son obstaculizadas por nuevos crímenes y empieza a preguntarse por que el asesino puede seguir sus movimientos tan de cerca.
  Fecha de estreno en Montevideo: 6-02-1976"
169,MICKEY Y LAS HABICHUELAS MAGICAS,Dibujos Animados,Mickey Mouse,Donald Duck,Goofy,Bill Roberts,1947,Color,DVD,"2-01-1950 Coventry.
 Formaba parte de la película Fun and Fancy Free junto al corto Bongo.
 Voces originales
 Walt Disney……..Mickey
 Clarence Nash….Donald
 Pinto Colvig……..Goofy
 Billy Gilbert………Wllie, el Gigante.
  Fue la última película en que Walt Disney dio su voz a Mickey."
170,LOS CABALLEROS DE LA CAMA REDONDA,Comedia,Alberto Olmedo,Jorge Porcel,Tristán,Gerardo Sofovich,1973,Color,DVD,"17-05-1973 Plaza
Los empleados de una zapateria deciden alquilar un departamento para vivir encuentros amorosos."
171,PECADOS DE GUERRA,Drama,Michael J. Fox,Sean Penn,Don Harvey,Brian de Palma,1989,Color,DVD,31-05-1990 Nuevo Ambassador
172,HABIA UNA VEZ UN ESPIA,Ciencia Ficción,Christopher Lee,Ted Danson,Eleanor Parker,Ivan Nagy,1980,Color,DVD,
173,LAS MINAS DE SALOMON REY,Comica,Rolo Puente,Tristán,Susana Traverso,Gerardo Sofovich,1986,Color,DVD,"29-01-1987 Grand Splendid
Un playboy millonario regala un tapado de piel a una de sus dos novias, paro la otra lo encuentra y se cree que es para ella.
Comedia menor y divertida."
174,EL JINETE PALIDO,Western,Clint Eastwood,Michael Moriarty,Carrie Snodgrass,Clint Eastwood,1985,Color,DVD,
175,EL MAGO DE OZ,Musical,Judy Garland,Bert Lahar,Jack Haley,Victor Fleming,1939,Color,DVD,
176,DURO DE AGUANTAR,Comedia,Michael J. Fox,James Woods,Annabella Sciorra,John Badham,1991,Color,DVD,
177,EL HALCON Y LA FLECHA,Aventuras,Burt Lancaster,Virginia Mayo,Nick Cravat,Jacques Tourneur,1950,Color,DVD,
178,LAS AVENTURAS DE TOM SAWYER/EL RETORNO DE…,Aventuras,Walter Brennan,Tommy Kelly,Jackie Moran,Norman Taurog,1938,Color,DVD,
179,RUMBO A BALI,Comica,Bob Hope,Bing Crosby,Dorothy Lamour,Hal Walker,1953,Color,DVD,
180,EL PROFESOR CHIFLADO,Comedia,Jerry Lewis,Stella Stevens,Del Moore,Jerry Lewis,1963,Color,DVD,Fecha de estreno en Montevideo: 3-07-1964. 18 de julio
181,EL ZORRO Y LA DUQUESA,Western,Goldie Hawn,George Segal,Roy Jenson,Melvin Frank,1976,Color,DVD,
182,EL SECRETO DE MI ÉXITO,Comedia,Michael J. Fox,Helen Slater,Richard Jordan,Herbert Ross,1987,Color,DVD,
183,TOM SAWYER,Familiar,Johnny Whitaker,Celeste Holm,Warren Oates,Don Taylor,1973,Color,DVD,Fecha de estreno en Montevideo: 19 de diciembre de 1974.
184,EL FANTASMA DEL ZORRO (Serial),Western,Clayton Moore,Pamela Blake,Roy Barcroft,Fred Brannon,1949,ByN,DVD,
185,AYER FUE PRIMAVERA,Drama,Roberto Escalada,Analía Gadé,Duilio Marzio,Fernando Ayala,1955,B&N,DVD,"Fecha de estreno en Montevideo: 23-03-1956 Cine Plaza.
Exhibiciones regulares desde 8-05-1956 Cine Central.
  Tras la muerte de su esposa un hombre trata de revivir su pasado con la sospecha que ella le ha sido infiel."
186,BATMAN,Aventuras,Michael Keaton,Jack Nicholson,Kim Basinger,Tim Burton,1989,Color,DVD,
187,EL HIJO DE LA FURIA,Aventuras,Tyrone Power,Gene Tierney,George Sanders,John Cromwell,1942,B&N,DVD,Fecha de estreno en Montevideo:25-06-1942. Ambassador
188,EL MOTIN DEL CAINE,Drama,Humphrey Bogart,Fred MacMurray,Van Johnson,Edward Dmytryk,1954,Color,DVD,
189,HUIDA HACIA EL SOL,Aventuras,Richard Widmark,Trevor Howard,Jane Greer,Roy Boulting,1956,Color,DVD,"Fecha de estreno en Montevideo:28-03-1957 Censa
   Mike (Widmark) es un novelista aventurero que pasa una temporada en algún lugar de Centro América en busca de experiencias que trasladar después a sus novelas. Un día llega en su búsqueda la reportera de una revista llamada Katie (Jane Greer) para hacerle una entrevista y comprobar como el escritor pasa sus dias en un pequeño albergue en medio de la selva. Mike se enamora pronto de Katie y cuando ella necesita viajar a ciudad de México el aprovecha la ocasión para ofrecese para llevarla en avioneta. Pero durante el vuelo sufrirán un accidente y aterrizarán forzosamente en medio de la jungla. Desorientados, encontrarán un refugio donde vive el enigmático Sr Browne (Trevor Howard), quien tiene un motivo secreto para encontrarse en medio de la selva y no desea arriesgarse que sea descubierto por sus nuevos huéspedes…"
190,VACACIONES EN NAVIDAD,Comedia,Chevy Chase,Beverly D'angelo,Randy Quaid,Jeremiah S. Chechik,1989,Color,DVD,
192,40 RIFLES PARA PASO APACHE,Western,Audie Murphy,Michael Burnes,Kenneth Tobey,William Witney,1967,Color,DVD,"En el territorio de Arizona se libra una batalla entre las tropas de la caballería y la tribu apache que está dispuesta a expulsar a todos los habitantes blancos. Acorralado en esa tierra se encuentra un destacamento.La única esperanza es un envío de 40 rifles de repetición que llegarán a Paso Apache…
Estreno en Montevideo: 4 de noviembre de 1968,Central, con el título de ""Rifles de Revancha"""
193,ALMAFUERTE,Drama,Narciso Ibañez Menta,Juan Bono,Federico Mansilla,Luis Cesar Amadori,1949,B&N,DVD,"17-01-1950 California
La vida de Pedro Palacios ""Almafuerte""."
194,ZORRO,Western,Alain Delon,Stanley Baker,Ottavia Piccolo,Duccio Tessari,1976,Color,DVD,
195,LAS CUATRO PLUMAS,Aventuras,Beau Bridges,Robert Powel,Jane Seymour,Don Sharp,1977,Color,DVD,
196,LA MARCA DE LA HORCA,Western,Clint Eastwood,Inger Stevens,Ed Begley Jr,Ted Post,1968,Color,DVD,
197,EL DIA QUE PARALIZARON LA TIERRA,Ciencia Ficción,Michael Rennie,Patricia Neal,Hugh Marlowe,Robert Wise,1951,ByN,DVD,Fecha de estreno en Montevideo: 1-07-1952. Victory
198,BALLET JIMENA 1989/90=FIESTA 6° 1991,Documental,Jimena Rodriguez,Escenas Ballet,Fiesta 6º año,Familiar,1991,Color,DVD,
199,BAMBI,Dibujos Animados,Hardie Albright,Peter Behn,Sam Edwards,David Hand,1942,Color,DVD,
200,LA DAMA DESCONOCIDA,Cine Negro,Franchot Tone,Ella Raines,Alan Curtis,Robert Siodmak,1944,B&N,DVD,"Fecha de estreno en Montevideo 10-08-1944. Cine Radio City
Una noche en que regresa tarde a su casa Scott encuentra asesinada a su mujer. Dado que no triene coartada la policía lo detiene como presunto culpable. Entonces entrará en juego su secretaria, una joven secretamente enamorada de él, que le ayudará a encontrar el verdadero criminal."
201,GRINGO VIEJO,Western,Gregory Peck,Jane Fonda,Jimmy Smits,Luis Puenzo,1989,Color,DVD,
202,LA SOCIEDAD DE LOS POETAS MUERTOS,Drama,Robin Williams,Robert S. Leonard,Ethan Hawke,Peter Weir,1989,Color,DVD,
203,MILAGRO EN LA CALLE 8,Ciencia Ficción,Jessica Tandy,Hume Cronyn,Frank Mc Rae,Matthews Robin,1987,Color,DVD,
204,SEDUCCION DE DOS LUNAS,Drama,Sherilyn Fenn,Richard Tyson,Louise Fletcher,Zalman King,1998,Color,DVD,
205,BIOGRAFIAS,Documental,Biografías de,"J.E.Rodó,Belloni y",Juana de Ibarbourou,C.Ed.Primaria,,Color,DVD,
206,EL LLANERO SOLITARIO Y LA CIUDAD PERDIDA,Western,Clayton Moore,Jay Silverhees,Charles Watts,Lesley Selander,1958,Color,DVD,08-12-1958 Central
207,EL DESFILADERO DEL COBRE,Western,Ray Milland,Hedy Lamarr,MacDonald Carey,John Farrow,1949,Color,DVD,"El ganador del Oscar ® Ray Milland y la bella Hedy Lamarr (Sanson y Dalila) interpretan este interesante western. La acción se ubica tiempo después de finalizada la guerra de secesión. Miland interpreta a John Carter, un experto tirador que se ha dedicado al mundo del espectáculo y que trata de escapar de su pasado como héroe del ejército confederado. Pero cuando algunos mineros, viejos confederados, necesitan protección frente a unos mineros y agentes corruptos que intentan apoderarse de Copper Canyon, Johnny se decide a luchar por la justicia y de paso ganarse el corazón de la belleza del pueblo (Hedy Lamarr, claro…)"
208,EL CISNE NEGRO,Aventuras,Tyrone Power,Maureen O'Hara,Thomas Mitchell,Henry King,1942,Color,DVD,
209,PERFUME DE MUJER,Drama,Al Pacino,Chris O' Donnell,James Rebhorn,Martin Brest,1992,Color,DVD,
210,MURDER AT THE BASKERVILLES,Policial,Arthur Wonter,Ian Fleming,Lyn Harding,Thomas Bentley,1937,B&N,DVD,No estrenada en salas en Montevideo.
211,LA DAMA DE SHANGHAI,Drama,Orson Welles,Rita Hayworth,Everett Sloane,Orson Welles,1948,ByN,DVD,01-07-1948 Radio City
212,LOS IMPERDONABLES,Western,Clint Eastwood,Gene Hackman,Morgan Freeman,Clint Eastwood,1992,Color,DVD,"21-11-1992 trocadero, Montevideo Shopping"
213,EL ULTIMO DE LOS MOHICANOS,Western,Daniel Day Lewis,Madeleine Stowe,Rusell Means,Michael Mann,1992,Color,DVD,23-04-1993 Trocadero
214,HALCON,Drama,Sylvester Stallone,Robert Loggia,Susan Blakely,Manahem Golam,1986,Color,DVD,"16-04-1987 Plaza
  Un camionero busca recuperar el amor de su hijo que está internado en un colegio militar."
215,LA SOGA,Suspenso,James Stewart,John Dall,Phillip Morgan,Alfred Hitchcock,1948,Color,DVD,21-05-1951 Plaza
216,KING KONG,Aventuras,Jeff Bridges,Jessica Lange,Charles Grodin,John Guillermin,1976,Color,DVD,
218,CAYO LARGO,Policial,Humphrey Bogart,Edward Robinson,Lauren Bacall,John Huston,1948,ByN,DVD,"13-06-1951 Iguazú, Central
 Título local: Huracán de Pasiones."
219,ASEDIO EN RIO ROJO,Western,Van Johnson,Joanne Dru,Richard Boone,Rudolph Mate,1954,Color,DVD,
220,UNA PISTOLA PARA UN COBARDE,Western,Fred MacMurray,Jeffrey Hunter,Janice Rule,Abner Biberman,1956,Color,DVD,"Dentro de una familia se desarrolla una historia violenta.
  14-01-1958 Rex"
221,CARA A LA MUERTE,Western,Dana Andrews,Piper Laurie,Rex Reason,Jerry Hopper,1955,Color,DVD,17-04-1956 Eliseo
222,LA PUERTA DEL DIABLO,Western,Louis Calhern,Paula Raymond,Marshall Thompson,Anthony Mann,1950,B&N,DVD,
223,PASO AL NOROESTE,Western,Spencer Tracy,Robert Young,Walter Brennan,King Vidor,1940,Color,DVD,
224,JUBAL,Western,Glenn Ford,Ernest Borgnine,Rod Steiger,Delmer Daves,1956,Color,DVD,
225,LAS FURIAS,Western,Barbara Stanwyck,Wendell Corey,Walter Huston,Anthony Mann,1950,B&N,DVD,
226,RIO SIN RETORNO,Western,Robert Mitchum,Marilyn Monroe,Rory Calhoun,Otto Preminger,1954,Color,DVD,
227,SANGRE EN LA LUNA,Western,Robert Mitchum,Barbara Bel Geddes,Robert Preston,Robert Wise,1948,B&N,DVD,
228,CUATRO CARAS AL OESTE,Western,Joel McCrea,Frances Dee,Charles Bickford,Alfred Green,1948,B&N,DVD,
229,SHENANDOAH,Western,James Stewart,Doug McClure,Patrick Wayne,Andrew V McLagen,1965,Color,DVD,
230,GANADORES,Drama,Gene Hackman,Barbara Hershey,Denis Hooper,David Anspaugh,1986,Color,DVD,22-10-1987 18 de Julio.y  Un entrenador con una historia de éxitos y fracasos llega a un peuqeño Colegio para dirigir el equipo de basqueetbol que competirá en el torneo del estado.
232,RAIMAN,Drama,Dustin Hoffman,Tom Cruise,Valeria Godino,Barry Levinson,1988,Color,DVD,
234,DUELO AL SOL,Western,Gregory Peck,Jennifer Jones,Joseph Cotten,King Vidor,1947,Color,DVD,"19-07-1950 Grand Palace, California, Luxor"
235,POR AMOR O POR DINERO,Comedia,Michael J. Fox,Gabrielle Anwar,Anthony Higgins,Barry Sonnefeld,1993,Color,DVD,23-10-1993 Cinemetro 2
236,PACTO DE SANGRE,Cine Negro,Fred MacMurray,Barbara Stanwyck,Edward Robinson,Billy Wilder,1944,ByN,DVD,1-03-1945 Ambassador
237,NACE UNA ESTRELLA,Drama,Judy Garland,James Mason,Chales Bickford,George Cukor,1954,Color,DVD,2-05-1956 Iguazú
238,LOS TRES MOSQUETEROS,Aventuras,Charlie Sheen,Kiefer Sutherland,Chris O'Donnell,Stephen Heek,1993,Color,DVD,"14-01-1994 Trocadero,Montevideo Shopping"
239,LA PANTERA ROSA,Comedia,David Niven,Peter Sellers,Robert Wagner,Blake Edwards,1964,Color,DVD,4-04-1964 Plaza
240,ERASE UNA VEZ EN EL OESTE,Western,Henry Fonda,Claudia Cardinale,Jason Robards,Sergio Leone,1968,Color,DVD,16-10-1970 18 de julio
241,EL CRUCIFIJO DE SANGRE,Policial,Charlton Heston,Richard Johnson,Susana Harket,Fraser Heston,1991,Color,DVD,4-02-2003 Cine Universitario
242,PHILADELFIA,Drama,Tom Hanks,Denzel Washington,Jason Robards Jr,Jonathan Demme,1993,Color,DVD,15-04-1994 Trocadero Gamma
243,EL TESORO DE LA SIERRA MADRE,Aventuras,Humphrey Bogart,Walter Huston,Tim Holt,John Huston,1948,ByN,DVD,3-06-1949 California
244,EL GRAN SUEÑO(AL BORDE DEL ABISMO),Policial,Humphrey Bogart,Laurenn Bacall,John Ridgely,Howard Hawks,1946,ByN,DVD,17-07-1947 Coventry
246,VIAJE PARA EL OESTE,Western,John Wayne,Marsha Hunt,Johnny Mack Brown,Charles Barton,1937,B&N,DVD,28-11-1939. Título en Uruguay: Cartas boca arriba
247,THELMA & LOUISE,Drama,Susan Sarandon,Geena Davis,Brad Pitt,Ridley Scott,1991,Color,DVD,29-02-1992 Libertad
248,MAVERICK,Western,Mel Gibson,Jodie Foster,James Garner,Richard Donner,1994,Color,DVD,"1-07-1994 California, Trocadero, Carrasco"
249,DRACULA,Terror,Bela Lugosi,Helen Chandler,David Manners,Tod Browning,1932,ByN,DVD,15-02-1945 Rex
250,EL PUENTE DE WATERLOO,Drama,Vivien Leigh,Robert Taylor,Lucile Watson,Marvyn Le Roy,1940,ByN,DVD,15-11-1940 Metro
251,HISTORIA DE CRIMENES,Suspenso,Narciso Ibañez Menta,Zully Moreno,Severo Fernandez,Manuel Romero,1942,ByN,DVD,"Fecha de estreno en Montevideo: 12-08-1943. Cine Ambassador.
Un banquero enloquece al no ser correspondido por la corista de la que se ha enamorado."
252,CON EL MUNDO EN SUS MANOS,Aventuras,Gregory Peck,Anthony Quinn,Ann Blyth,Raoul Walsh,1952,Color,DVD,
253,HERMANITOS DEL DIABLO,Comica,Stan Laurel,Oliver Hardy,Dennis King,Charles Rogers,1933,ByN,DVD,
254,DOS FUSILEROS SIN BALAS,Comica,Stan Laurel,Oliver Hardy,June Lang,James W. Horne,1935,ByN,DVD,
255,CUANDO EN EL CIELO PASEN LISTA,Drama,Narciso Ibañez Menta,Jose Olarra,Ricardo Pasano (h),Carlos Borcosque,1945,ByN,DVD,"Biografía del educador William C. Morris. Narciso compone un personaje que respira humanidad. En el elenco se destacan algunos actores juveniles como Juan Carlos Barbieri y Juan Carlos Altavista mucho tiempo antes de su personaje Minguito.
 Fecha de estreno en Montevideo: 5 de setiembre de 1946. Cine Ambassador"
256,LA MUERTE CAMINA EN LA LLUVIA,Suspenso,Olga Zubarry,Guillermo Battaglia,Eduardo Cuitiño,Carlos H. Christensen,1948,ByN,DVD,"31-08-1948. Grand Palace
Un asesino acecha la ciudad. Deja sobre sus víctimas una tarjeta.
En una pensión todos son sospechosos.Policial de humor negro bien filmado."
257,LA CAIDA DE UN IDOLO,Drama,Humphrey Bogart,Rod Steiger,Jan Sterling,Mark Robson,1956,ByN,DVD,
258,LA LEGION INVENCIBLE,Western,John Wayne,Victor Mc Laglen,John Agar,John Ford,1949,ByN,DVD,
259,FUERTE APACHE,Western,John Wayne,Henry Fonda,Shirley Temple,John Ford,1948,ByN,DVD,
261,LA ISLA MISTERIOSA (Serial)15 ep.,Aventuras,Richard Crane,Marshall Reed,Karen Randle,Spencer Bennet,1951,ByN,DVD,
262,DESALMADOS EN PENA,Comedia,Rafael Carret,Jorge Luz,Guillermo Rico,Leo Fleider,1953,ByN,DVD,"Fecha de estreno en Montevideo: 7-09-1954
En una estancia misteriosa se elabora una droga que produce la resurrección."
263,MIGUITAS EN LA CAMA,Comedia,Enrique Serrano,Alicia Barrié,Amelita Vargas,Mario Lugones,1949,ByN,DVD,"10-01-1950 Grand Palace
Una pareja separada se disputan la tenencia de su hija adolescente.
"" Qué haría Ud. con una madre excesivamente sociable? Qué haría Ud. con un padre excesivamente bohemio? Vea lo que hace con ellos una deliciosa chiquilla dispuesta a evitar a cualquier precio el divorcio de sus padres"" (Programa argentino)
Enrique Serrano…………..Padre
Alicia Barrié………………….Madre
Amelita Vargas…………….Amiga del Padre
Florindo Ferrario………….Novio de la Madre
Patricia Morand…………..La hija
Ramón Garay……………..Abogado del Padre
Alberto de Mendoza…….Abogado de la Madre
María Santos……………….Maestra de la adoslescente
Fue la última película en Argentina de Alicia Barrié, que abandonó la película al promediar el rodaje siendo sustituída por su hermana Elsa del Campillo."
264,LA PEQUEÑA SEÑORA DE PEREZ,Comedia,Juan C. Thorry,Mirtha Legrand,Tito Gomez,Carlos H. Christensen,1944,ByN,DVD,"2-03-1944 Ambassador
Una estudiante deja sus estudios para casarse con un Doctor.
A escondidas, vuelve al colegio"
265,LA SEÑORA DE PEREZ SE DIVORCIA,Comedia,Juan C. Thorry,Mirtha Legrand,Tito Gomez,Carlos H. Christensen,1945,ByN,DVD,"23-08-1945 Ambassador
Al creerse engañada por su esposo, la Sra de Pérez quiere divorciarse.
Película al tono con las comedias sofisticadas de Hollywood."
266,LA GUERRA GAUCHA,Drama,Francisco Petrone,Enrique Muiño,Angel Magaña,Lucas Demare,1942,ByN,DVD,"20-01-1943 Trocadero
Primer film argentino estrenado en esa sala. Cuatro semanas en cartel.
En el norte argentino los criollos luchan por la independencia.
Un teniente del ejercito español, pero nacido en América, es herido y atendido por una criolla. Posteriormente se cambia de bando y se enamora de quien lo cuidó.
 Se destacan además de los nombrados, Sebastián Chiola y Amelia Bence.
 Es un clásico."
267,FILOMENA MARTURANO,Drama,Tita Merello,Guillermo Battaglia,Alberto de Mendoza,Luis Mottura,1950,ByN,DVD,"28-03-1950 Coventry
  Una mujer de vida irregular, logra casarse con un hombre adinerado a quien termina confesando, antes de la boda, que sólo uno de sus tres hijos lleva su sangre.
   La película cumbre de Tita Merello."
268,LA CULPA LA TUVO EL OTRO,Comica,Luis Sandrini,Malisa Zini,Eduardo Sandrini,Lucas Demare,1950,ByN,DVD,"16-06-1950 Grand Palace, Luxor,Victory
  Un joven modesto debe sustituir a un primo lejano que ha sido asesinado. Vivirá una peligrosa aventura policial.
  Luis Sandrini en el personaje que lo había hecho famoso. Fue uno de sus éxitos más rutilantes de su carrera. Como siempre pasa de una nota cómica al dramatismo circunstancial."
269,NOCHE DE BODAS,Comedia,Enrique Serrano,Paulina Singerman,Irma Córdoba,Carlos H. Christensen,1942,ByN,DVD,"5-11-1942 Ambassador
Una novia regresa a la casa paterna la misma noche de bodas.
La causa es el motivo de la trama de la película.
 Primera comedia dirigida por un joven Christensen"
270,UNA LUZ EN LA VENTANA,Suspenso,Narciso Ibañez Menta,Juan C. Thorry,Irma Córdoba,Manuel Romero,1942,ByN,DVD,"Una enfermera llega a una remota localidad donde debe cuidar a una anciana paralítica que habita con un doctor en el chalet ""Las Tunas"". Allí descubre que el hijo de la anciana está afectado de acromegalia y tiene la intención de efectuar un transplante de la glándula hipófisis.
  Es el debut en el cine rioplatense de Narciso Ibáñez Menta.
Reparto:
Narciso Ibáñez Menta……………..Dr Herman
Juan Carlos Thorry………………….Mario Frías
Irma Cordoba………………………..Angélica
Severo Fernández………………….Juan , el chofer
María Esther Buschiazzo………….Madre del Dr Herman
Nicolás Fregues……………………..Dr. Roberts
Anibal Segovia……………………….El  Mudo
Gerardo Rodríguez…………………Oficial de policía
Fernando Campos………………….Sargento
Estreno: 14-05-1942. Ambassador"
271,EL FABRICANTE DE ESTRELLAS,Comedia,Pepe Arias,Tito Lusiardo,Alicia Barrié,Manuel Romero,1943,ByN,DVD,"3-06-1943 Ambassador
Un agente artístico encuentra a un jugador de fútbol que canta y quiere transformarlo en estrella."
272,PAMPA BARBARA,Drama,Francisco Petrone,Luisa Vehil,Domingo Sapelli,Lucas Demare,1945,ByN,DVD,"16-01-1947 Ambassador
El comandante de un fortín decide llevar mujeres desde Buenos Aires para evitar deserciones.
  Gran actuación de Petrone.
  Un clásico."
273,EL MUERTO FALTA A LA CITA,Policial,Angel Magaña,Nélida Bilbao,Sebastián Chiola,Pierre Chenal,1944,ByN,DVD,"7-06-1945 Ambassador
En la noche previa a su casamiento, un joven atropella a un ciclista.Lo cree muerto y esconde el cuerpo pero…"
274,LA CASTA SUSANA,Musical,Juan C. Thorry,Mirtha Legrand,Hector Calcaño,Benito Perojo,1944,ByN,DVD,"15-11-1944 Trocadero
La joven esposa de un oficial recibe el premio a la virtud pero la verdad es que tiene varios amantes.
 Curiosidad: hay escenas filmadas en la rambla de Pocitos."
275,EL MUELLE DE LAS BRUMAS,Drama,Jean Gabin,Michele Morgan,Pierre Brasseur,Marcel Carné,1938,ByN,DVD,
276,EL NACIMIENTO DE UNA NACION,Drama,Henry B. Walthall,Mae Marsh,Lilian Gish,David W. Griffith,1915,ByN,DVD,
277,BESAME MORTALMENTE,Policial,Ralph Meeker,Albert Dekker,Cloris Leachman,Robert Aldrich,1955,ByN,DVD,"KISS ME DEADLY.USA 1955.  105 minutos
   En su intento por ayudar a una joven mujer amenazada de muerte, el detective Mike Hammer (Meeker) descubre una conspiración en torno de un material radiactivo.
  Este es uno de los primeros trabajos de Robert Aldrich (los doce del patíbulo). Tiene su característico estilo vertiginoso,su histérica presentación de los hechos y la utilización de profusos símbolos visuales. Entre Aldrich y el adaptador del guión (A. Bazzerides) consiguen trasladar al mundo las imágenes de ese universo denso,cargado de violencia y sexualidad que el escritor Mickey Spillane plasmó en sus novelas.
   La trama de ""Bésame Mortalmente"" rezuma acción y suspenso muy diestramente manejados.
6-07-1956 Radio City"
278,PLAN 9 DEL ESPACIO SIDERAL,Ciencia Ficción,Bela Lugosi,Tor Johnson,Tom Keene,Edward Wood Jr,1959,ByN,DVD,17-05-2010. Cinemateca Sala Dos
279,BEETHOVEN,Comedia,Bonnie Hunt,Dean Jones,Oliver Platt,Briant Levant,1992,Color,DVD,
280,EL RETRATO DE DORIAN GRAY,Ciencia Ficción,George Sanders,Donna Reed,Hurt Hatfield,Albert Lewin,1945,ByN,DVD,
281,PICNIC,Drama,William Holden,Kim Novak,Betty Field,Joshua Logan,1955,Color,DVD,
282,LA COMEZON DEL SEPTIMO AÑO,Comedia,Marilyn Monroe,Tom Ewell,Evelyn Keyes,Billy Wilder,1955,Color,DVD,
283,PARA ATRAPAR AL LADRON,Suspenso,Cary Grant,Grace Kelly,Charles Vanel,Alfred Hitchcock,1955,Color,DVD,
284,RIO GRANDE,Western,John Wayne,Maureen O'Hara,Ben Johnson,John Ford,1950,Color,DVD,
286,BUFFALO BILL,Western,Joel McCrea,Maureen O' Hara,Linda Darnell,William Wellman,1944,Color,DVD,"Personaje histórico prototípico. William Fredyrick Cody se encargó de construir la leyenda de Buffalo Bill a partir de su circo Wild West Show, del que también formaron parte Will Bill Hickock, Annie Oakley y Sitting Bull, y que hizo giras por Europa. A esto debemos sumar el sobredimensionamiento de sus dotes de cazador contratado en su momento por la Union Pacific en momentos de la construcción del ferrocarril. Lo cierto es que Buffalo Bill, el personaje, ocupó el interés de varios realizadores, entre ellos el de William Wellman, responsable de obras recordadas como Alas y Conciencias Muertas (The Ox Box Incident). Este film exhibió una característica especial que bastaría, solo por ello, para destacarlo entre otros filmes de la época: los indios que aparecen en la película son mostrados como seres humanos, inmersos en la problemática de su tiempo y dignos de consideración y respeto.
   Fecha de estreno en Montevideo: 13-05-1945. Cine Radio City."
287,LILI,Musical,Leslie Caron,Mel Ferrer,Jean Pierre Aumont,Charles Walters,1953,Color,DVD,15-10-1953 Metro
288,BEAU GESTE,Aventuras,Gary Cooper,Ray Milland,Brian Donlevy,William Wellman,1939,ByN,DVD,31-01-1940 Amassador
289,LO QUE SUCEDIÓ AQUELLA NOCHE,Comedia,Clark Gable,Claudette Colbert,Walter Connolly,Frank Capra,1934,ByN,DVD,18-05-1935 Rex
290,LA PASION DE LOS FUERTES,Western,Henry Fonda,Linda Darnell,Victor Mature,John Ford,1946,ByN,DVD,10-04-1947 Radio City
291,GILDA,Drama,Rita Hayworth,Glenn Ford,George Mac Ready,Charles Vidor,1946,ByN,DVD,1-08-1946 Ambassador
292,EL BOSQUE PETRIFICADO,Policial,Leslie Howard,Bette Davis,Humphrey Bogart,Archie Mayo,1936,ByN,DVD,
293,SHERLOCK HOLMES Y ARMA SECRETA,Policial,Basil Rathbone,Nigel Bruce,Lionel Atwill,Roy William Neill,1942,ByN,DVD,
294,MUÑEQUITA DE LUJO,Drama,Audrey Hepburn,George Peppard,Patricia Neal,Blake Edwards,1961,Color,DVD,
295,LA SANGRE LLAMA,Drama,Gregory Peck,Anthony Quinn,Omar Sharif,Fred Zinneman,1964,ByN,DVD,
296,LA VENTANA INDISCRETA,Suspenso,James Stewart,Grace Kelly,Raymond Burr,Alfred Hitchcock,1954,Color,DVD,
297,PUNTO MUERTO,Policial,Humphrey Bogart,Sylvia Sidney,Joel McCrea,William Wyler,1937,ByN,DVD,
298,LA MUJER DEL CUADRO,Suspenso,Edward Robinson,Joan Bennett,Raymond Massey,Fritz Lang,1944,ByN,DVD,
299,LOS TRES MOSQUETEROS,Aventuras,Gene Kelly,Lana Turner,June Allison,George Sidney,1948,Color,DVD,
300,EL PIYAMA DE ADAN,Comedia,Juan C. Thorry,Enrique Serrano,Zully Moreno,Francisco Mugica,1942,ByN,DVD,"18-06-1942 Ambassador.
Al enterarse que su marido ha tenido un amante, una recién casada lo abandona. El padre intentará arreglar el asunto.
Comedia de gran éxito en su momento"
301,JETTATORE,Comedia,Enrique Serrano,Tito Lusiardo,Pedro Quartucci,Luis Bayón Herrera,1938,ByN,DVD,"28-09-1938 Radio City
Un hombre tiene fama de ocasionar mala suerte"
302,NO SALGAS ESTA NOCHE,Comedia,Enrique Serrano,Arturo García Buhr,Alicia Barrié,Arturo García Buhr,1946,ByN,DVD,"4-04-1946 Ambassador
Un hombre simula estar enfermo (fiebre ondulante) para conquistar a una hermosa doctora. La sobrina de la médica se enamora de él."
303,ASI ES LA VIDA,Drama,Enrique Muiño,Elias Alippi,Enrique Serrano,Francisco Mugica,1943,ByN,DVD,"21-09-1939 Radio City
La vida de un familia bonaerense desde principios del siglo XX hasta la decada del treinta.
 Completan el reparto: Sabina Olmos, Arturo García Buhr, Felisa Mary, Nini Gambier, Alberto Bello, Alímedes Nelson.
 ""Así es la vida"" es una frase sencilla y llena de contenido humano, como lo es la evocación de treinta años de la vida de una típica familia bonaerense, con sus tristezas, alegrías y los acontecimientos familiares.
Bellísimo film, tierno y emotivo que refleja un trozo de la vida misma.
 La historia se basa en la obra teatral de Arnaldo Malfatti y Nicolás de la Llanderas."
304,HAY QUE EDUCAR A NINI,Comedia,Nini Marshall,Pablo Palitos,Francisco Alvarez,Luis César Amadori,1940,ByN,DVD,"19-04-1940 Radio City
Una alumna desata una suerte de enredos con sus actitudes en un colegio de señoritas."
305,DANZA DEL FUEGO,Drama,Amelia Bence,Enrique Alvarez Diosdad,Francico de Paulla,Daniel Tinayre,1949,ByN,DVD,"3-01-1950 California
Una concertista no puede olvidar la violación de la que fue víctima en su juventud.
 Contenideo drama policial. Uno de los mejores filmes de Tinayre"
306,LA GUERRA LA GANO YO,Comedia,Pepe Arias,Ricardo Passano,Virginia Luque,Francisco Mugica,1943,ByN,DVD,"11-11-1943 Ambassador
   Un almacenero se enriquece especulando con la escasez generada por la segunda guerra y acaparando insumos que intenta vender a los distintos bandos. Intercambia los retratos de Hitler y Churchill según el representante que lo visita.
   Final previsible y sentimentalaoide."
307,LA TRAMPA,Suspenso,Zully Moreno,George Rigaud,Carlos Thompson,Carlos H. Christensen,1949,ByN,DVD,"31-01-1950 Grand Palace
  Una mujer se casa con el hombre equivocado.
  ""Tras la máscara del amor, traidoramente, el destino le tendió una trampa macabra"" del programa del cine Opera (arg)"
308,EL EXTRAÑO CASO DEL HOMBRE Y LA BESTIA,Suspenso,Mario Soffici,Olga Zubarry,Ana Ma Campoy,Mario Soffici,1951,B&N,DVD,"Fecha de estreno en Montevideo: 27-02-1951. Cines Grand Palace y Victory
   Un científico intenta separa el bien y el mal del alma humana experimentantado consigo mismo.
  ""¡Angel y demonio en una misma alma torturada!"" (Publicidad)"
309,LA VIDA ES UN TANGO,Drama,Hugo del Carril,Florencio Parravicini,Tito Lusiardo,Manuel Romero,1939,ByN,DVD,"8-03-1939 Radio City
""Deliciosa comedia que Manuel Romero escribió hilvanando letras de tango y aún le queda tiempo para narrar la historia de amor entre Hugo del Carril y Sabina Olmos. Narración que se reparte entre Buenos Aires, París y Nueva York sin salir nunca de los estudios Lumiton"" (Daniel López en La Razón a propósito de su proyección por TV Cable, octubre de 1993)"
310,SU SEGURO SERVIDOR,Comedia,Juan Carlos Mareco,Francisco Alvarez,Hector Calcaño,Edgardo Togni,1954,ByN,DVD,"29-11-1954 Ambassador
En la época de que, en los pueblos del interior, existía la figura del ""comisionista"", persona que traía encargos desde la capital, uno de ellos trata de resolver todos los problemas de un pueblo."
311,LUCRECIA BORGIA,Comedia,Olinda Bozán,Marcos Caplán,Héctor Quintanilla,Luis Bayón Herrera,1947,ByN,DVD,"Los anacronismos, hábilmente injertados en la acción, y los discursos, diversos de lo que los personajes hacen, son los puntales de esta película de comicidad simple y directa. Olinda Bozán y Marcos Caplán aprovechan con eficacia la importante producción, que no escatimó recursos para hacer verosímil lo inverosimil. Aunque criticada por algunos desbordes, la Bozán supo llegar al público y hacerlo reir.
   Fecha de estreno en Montevideo: 13-04-1948. Cine Coventry."
312,MAÑANA ES VIVIR,Drama,Orson Welles,Claudette Colbert,George Brent,Irving Pichel,1946,ByN,DVD,"Baltimore 1917. Elizabeth, embarazada, recibe la triste noticia de que John, su marido, ha muerto en combate en Europa. La joven mujer rehace su vida, pero perdura en ella un trauma profundo. Cuando, veinte años más tarde, su segundo marido contrata a un químico austríaco, Elizabeth cree reconocer en él a su marido desaparecido…
  Este inquietante y notable drama con ribetes de cine negro está magnificamente interpretado por Orson Welles y por la diva Claudette Colbert, es también la primera película en la que Natalie Wood, con solo siete años, figuró en los créditos.
   Fecha de estreno en Montevideo: 25-09-1946. Cine Trocadero."
313,LA ESCALERA DE CARACOL,Suspenso,Dorothy Mc Guire,George Brent,Ethel Barrymore,Robert Siodmak,1945,ByN,DVD,17-06-1946 Trocadero
314,LA MARCA DEL VAMPIRO,Terror,Bela Lugosi,Lionel Barrymore,Jean Hersholt,Tod Browning,1935,ByN,DVD,Fecha de estreno en Montevideo:7-12-1935. Cine Azul
315,EL TEMERARIO,Western,Paul Newman,Lita Milán,Hurt Hatfield,Arthur Penn,1958,ByN,DVD,25-09-1959 Iguazú
316,SCARLET STREET,Suspenso,Edward Robinson,Joan Bennett,Dan Duryea,Fritz Lang,1945,ByN,DVD,8-05-1946 Trocadero
317,UNA EVA Y DOS ADANES,Comedia,Marilyn Monroe,Jack Lemmon,Tony Curtis,Billy Wilder,1959,ByN,DVD,10-08-1959 Plaza
318,EL HOMBRE INVISIBLE,Ciencia Ficción,Claude Rains,Gloria Stuart,Una O'Connor,James Whale,1933,ByN,DVD,"Fecha de estreno en Montevideo:10-08-1934.Cine Ariel.
   En esta película, Claude Rains cumple un destacado papel como el misterioso investigador que descubre una fórmula que lo hace invisible. Cubierto de vendas con anteojos oscuros trata de ocultar su invisibilidad, pero la droga que lo hace invisible, lo conduce a cometer actos de terror inenarrables. Basada en la clásica novela de H.G. Wells, y dirigida por James Whale este fime nos muestra una serie de trucos que aún hoy causan asombro.
  Es un gran clásico del cine de terror.
USA 1933 Blanco y negro. Duración aproximada: 70 minutos."
319,LA SENDA DE LOS ELEFANTES,Aventuras,Elizabeth Taylor,Dana Andrews,Peter Finch,William Dieterle,1954,Color,DVD,18-07-1955
320,EL MONSTRUO Y EL SIMIO(Serial),Policial,Robert Lowery,George Macready,Ralph Morgan,Howard Bretherton,1945,ByN,DVD,
321,JESSE JAMES,Western,Tyrone Power,Henry Fonda,Randolph Scott,Henry King,1939,Color,DVD,25-05-1939 Radio City
322,WESTERN UNION,Western,Randolph Scott,Robert Young,Dean Jagger,Fritz Lang,1941,Color,DVD,27-08-1941 Trocadero
323,JUAREZ,Drama,Paul Muni,Bette Davis,Brian Aherne,William Dieterle,1939,ByN,DVD,"Paul Muni compone al caudillo Benito Juarez decidido a dar libertad y organización a su país con enorme autoridad.
Brian Aherne (Maximiliano de Habsburgo) es un hombre equivocado pero honesto a quien le ""vendieron"" un imperio.
Bette Davis es la abnegada esposa que recorre desde la dulzura y la esperanza hasta la ira y la locura en una gama de emociones que sólo una gran actriz puede sortear con éxito.
   La película tuvo dos nominaciones al Oscar ® en 1940: Mejor fotografía en Blanco y Negro (Tony Gaudio) y Mejor Actor Secundario (Brian Aherne).
   Mejor película de 1939 según la revista Cine Radio Actualidad.
  12-07-1939 Radio City"
324,FUERA DE LA LEY,Cine Negro,Luis Arata,José Gola,Irma Córdoba,Manuel Romero,1937,ByN,DVD,"3-08-1937 Ariel
  La relación entre un padre policía y un hijo delincuente."
325,TRES LANCEROS DE BENGALA,Aventuras,Gary Cooper,Franchot Tone,Richard Cromwell,Henry Hathaway,1935,ByN,DVD,"Fecha de estreno en Montevideo 21-03-1935.Cine Rex Theatre.
Dijo el Daily Telegraph (1935): ""La mejor película de tema militar filmada"".
   Tres lanceros de Bengala se convirtió en uno de los filmes favoritos del público de todos los tiempos a pesar de la seriedad de sus personajes y de la omnipotencia con que se presenta el Imperio Británico. El mismo Hathaway (considerado, en su época, el mejor director de películas de acción) en un reportaje para la revista ""Photoplay"" en 1940 la eligió como su película más lograda, recordemos que, entonces, el público seguía atento las historias referidas al enorme y excéntrico poder del Imperio Británico a través de la literatura o del cine. Como retrato colonial es exagerado: se exagera la maldad de los grupos que luchaban por su libertad y se abusa de escenas de traiciones y torturas. Pero como cuadro de la vida de cuartel es notable y emotivo, con magníficas actuaciones de Gary Cooper y Franchot Tone quienes, a pesar de la continua y burlona hostilidad entre ellos, dependen uno del otro como oficiales y como amigos. Ambos protegen al joven recluta Richard Cromwell. Se genera un clima de profunda simpatía hacia los protagonistas, causa de su imperecedero valor nostálgico."
326,EL DESPERTAR,Drama,Gregory Peck,Jane Wyman,Claude Jarman,Clarence Brown,1946,Color,DVD,
327,CANTANDO BAJO LA LLUVIA,Musical,Gene Kelly,Donald O'Connor,Debbie Reynolds,Stanley Donen,1952,Color,DVD,
328,UN DIA EN NUEVA YORK,Musical,Gene Kelly,Frank Sinatra,Betty Garret,Stanley Donen/G.Kelly,1949,Color,DVD,
329,EXTRAÑOS EN UN TREN,Suspenso,Farley Granger,Ruth Roman,Robert Walker,Alfred Hitchcock,1951,ByN,DVD,
330,BATMAN Y ROBIN (Serial),Aventuras,Robert Lowery,John Duncan,Jane Adams,Spencer Bennet,1949,ByN,DVD,
331,EL CAPITAN MARVEL  (Serial),Aventuras,Tom Tyler,Frank Coghlan,Louise Currie,William Witney/J.English,1941,ByN,DVD,"13-04-1943 El Mundo
   Frank Coglan Jr fue contratado debido a su enorme parecido físico con el Billy del comic.
   Los efectos especiales alcanzan un nivel sorprendente y pertenecen a los hermanos Howard y Theodore Lydecker que en ese momento eran empleados de la Republic.
   Está considerado como uno de los mejores seriales de la historia.
   Fue reestrenada en Usa en los sesenta cuando el auge de la fiebre camp que surgió cuando el éxito de la serie Batman."
332,DETECTIVE A CONTRAMANO,Comedia,Juan Carlos Mareco,Mirta Torres,Roberto Fontana,Adolfo L. Fabregat,1949,ByN,DVD,"Uruguay 1949
Argumento: Noel Varona, Pablo Vitarte
Fotogrefía: Francisco Tastas Moreno
Montaje: Daniel Spósito Pereira
Sonido: Narciso Tiboni
Elenco: Juan Carlos Mareco (Pinocho)
             Mirta Torres, Roberto Fontana, Didio Pastorino,Pebete Romero,Hugo Duhalde.
Produccion Ecran (Fabregat) y Magicolor (Tastas Moreno)
   Esta comedia totalmente realizada en Uruguay, con participación de artistas y técnicos nacionales, tiene la particularidad de haber constituido uno de los escasos y mas resonantes éxitos de público del cine uruguayo.
   Las aspiraciones de sus realizadores eran precisamente las de alcanzar un nivel profesional equiparable a lo que posteriormente se conoció como la época dorada del cine argentino desde el punto de vista popular y comercial. Los resultados fueron desde ese punto de vista ampliamente satisfactorios, aunque por razones coyunturales el film vio impedida su distribución en la Argentina (el gobierno peronista no autorizó su exhibición), donde el protagonista Juan Carlos Mareco era ya una figura popular y hubiera contribuido en gran parte al éxito económico de la empresa. De ese modo, la pelícila rodada en cooperatica a un costo de $ 50.200, tuvo que recuperar esa inversión con exhibiciones dentro de fronteras.
   DETECTIVE A CONTRAMANO contaba con el prestigio radial de Pinocho, quien luego se radicó definitivamente en Buenos Aires. Pero además de esa presencia dominante, lograba un ritmo sostenido, una trama ingenua pero resuelta con agilidad y simpatía los enrededos de un jóven aficionado a la literatura policial, envuelto en un asunto detectivesco en la vida real.
   Para los nostálgicos algunas tomas en exteriores muestran el Montevideo de fines de los 40, época feliz para un Uruguay que intentaba - entre otras cosas - instalar su propia industria cinematográfica.
6-10-1949 Grand Palace"
333,MI NOVIA ES UN FANTASMA,Comedia,Mirtha Legrand,Pepe Iglesias,Nuri Montsé,Francisco Mugica,1944,ByN,DVD,"18-05-1944 Ambassador
La mucama de un hotel es confundida con una millonaria y un periodista se enamora de ella."
334,UNA GALLEGA EN MEXICO,Comedia,Niní Marshall,Joaquín Pardavé,Alma Rosa Aguirre,Juan Soler,1949,ByN,DVD,"Pensada sin otra preocupación que provocar la risa utilizando el carisma de Niní, este film fue la consecuencia del involuntario ostracismo de la diva  (caida en desgracia por el primer peronismo) lo que le permitió que filmara en México, España y Cuba. La presencia de un cómico importante de la época como Pardacé, una especie de Pepe Arias mexicano, así como la de Jorge Negrete y el trío Los Panchos, le otorgan a la película una serie ingredientes adicionales.
Fecha de estreno en Montevideo: 15-08-1950 Cine Grand Place"
335,EL ENGAÑO (Defraudadas),Drama,Clint Eastwood,Geraldine Page,Elizabeth Hartman,Donald Siegel,1970,Color,DVD,
336,TRES ANCLADOS EN PARIS,Comedia,Florencio Parravicini,Tito Lusiardo,Hugo del Carril,Manuel Romero,1937,ByN,DVD,"18-03-1938 Radio City
Tres emigrantes tratan de sobrevivir como pueden en París."
337,EL CAÑONERO DE GILES,Comedia,Luis Sandrini,Marcos Caplán,Luisa Vehil,Manuel Romero,1937,ByN,DVD,"Lorenzo Fierro (Sandrini) es un muchacho de pueblo, que practica fútbol en forma amateur. Es un jugador mediocre, pero ante los ladridos de un perro, se transforma en un potente cañonero. Es descubierto por algunos dirigentes de un Club de la Capital y creen que es el jugador que andaban buscando.
8-06-1937 Ariel"
338,MUCHACHAS QUE ESTUDIAN,Comedia,Enrique Serrano,Sofía Bozán,Alicia Vignoli,Manuel Romero,1939,ByN,DVD,"Fecha de estreno en Montevideo:19-03-1940. Cine Radio City.
   Mezcla de comedia sofisticada y melodrama romántico, aborda un tema infrecuente: las chicas que se resisten al amor. El tratamiento que Romero hace del tema le permite, sin embargo, pasar por todos los tópicos atractivos para el público de la época: la gente solidaria, la maldad casi no existe, todo el mundo se casa y termina con un final feliz.
 Un elenco de figuras de relieve donde debe agregarse, además de las citadas más arriba, a Delia Garcés,Pepita Serrador, Alicia Barrié, Enrique Roldán."
339,LOS TRES BERRETINES,Comedia,Luis Sandrini,Luis Arata,Héctor Quintanilla,Enrique T.Susini,1932,ByN,DVD,"15-09-1933 Colonial
Los tres berretines a que alude el título son tres pasiones rioplatenses: el futbol,la música y el cine.
  Hay quienes sostienen que este es el verdadero primer film sonoro argentino, también es el primero del sello Lumiton.
  Netamente superior a Tango, estrenado unos días antes, en lo cinemtográfico y argumento. Hay varios posibles codirectores, John Alton, como ejemplo y no figuran en los créditos, pero hoy es dificil de determinar."
340,LA MUCHACHADA DE ABORDO,Comedia,Luis Sandrini,Tito Lusiardo,Santiago Arrieta,Manuel Romero,1936,ByN,DVD,"30-06-1936 Rex
En la Marina, un conscripto se enfrenta con un supeior por el amor de una mujer."
341,RODRIGUEZ SUPERNUMERARIO,Comedia,Pepe Arias,Golde Flami,Floren Delbene,Enrique Cahen Salaberry,1948,ByN,DVD,"2-08-1948 Grand Palace
   Un humilde empleado busca su nombramiento, pero es resposabilizado por unas deshonestas maniobras de algunos compañeros.
   Un pequeño clásico de Pepe Arias."
342,SAFO,Drama,Mecha Ortiz,Roberto Escalada,Mirtha Legrand,Carlos H. Christensen,1943,ByN,DVD,"16-09-1943 Ambassador
La pasión de un hombre joven por una misteriosa y seductora mujer mucho mayor que él, lo lleva a cancelar su compromiso con una chica.
 Título fundamental en la filmografía de Carlos Hugo Chriestensen y que inaugura el cine erótico rioplatense.
  Un clásico."
343,VUELVEN LOS SIETE MAGNIFICOS,Western,George Kennedy,James Whitmore,Frank Silvera,Paul Wandkos,1969,Color,DVD,Fecha de estreno en Montevideo: 26 de octubre de 1970. Central
344,ANATOMIA DE UN ASESINATO,Policial,James Stewart,Lee Remick,Ben Gazzara,Otto Preminger,1959,ByN,DVD,11-04-1960 Plaza
345,EL DIA DEL CHACAL,Policial,Edward Fox,Alan Badel,Tony Britton,Fred Zinnemann,1973,Color,DVD,01-01-1974 Censa
346,LA CADENA INVISIBLE,Drama,Rody Mc Dowall,Donald Crisp,Nigel Bruce,Fred M. Wilcox,1943,Color,DVD,4-08-1944 Metro
347,SUPERMAN  (Serial),Ciencia Ficción,Kirk Alyn,Noel Neill,Carol Forman,Spencer Bennet/T.Carr,1948,ByN,DVD,15-12-1952 Ambassador. En episodios.
349,EL PRINCIPE DE LOS ZORROS,Aventuras,Tyrone Power,Orson Welles,Wanda Hendrix,Henry King,1949,BYN,DVD,"Durante el renacimiento italiano, César Borgia envía al ambicioso cortesano Andrea Orsini a que se infiltre en una ciudad-estado para que le envíe informes de cara a una futura invasión. Orsini se enamora de Camila, la joven esposa del bonadadoso Conde  Verano, que gobierna el lugar, pero Orsini será incapaz de traicionarles.
  Fecha de estreno en Motevideo: 10 de mayo de 1950. Cines Ambassador,California y Luxor."
350,LA ROSA NEGRA,Aventuras,Tyrone Power,Orson Welles,Cecil Aubry,Henry Hathaway,1950,Color,DVD,"En la Inglaterra del siglo XIII, un noble sajón y su fiel amigo abandonan su patria, hartos de la tiranía de los normandos. Intentan refugiarse en los remotos paises del este. Se unen aun poderoso señor feudal y viven emocionantes aventuras. En China son recibidos como dioses y les enseñan el uso de la pólvora y la imprenta. Entonces decidirán regresar a su patria.
  Fecha de estreno en Montevideo: 6 de diciembre de 1950. Cines California y Luxor."
351,LA REINA,Drama,Helen Mirren,Michael Sheen,James Cromwell,Stephen Frears,2006,Color,DVD,"Fecha de estreno en Montevideo: 18 de mayo de 2007. Cines Movie Center Montevideo, Movie Center Portones,Punta Carretas Hoyts,Alfabeta Hoyts, Grupo Cine Torre de los Profesionales."
353,EL BUEN PASTOR,Comedia,Bing Crosby,Barry Fitzgerald,Frank McHugh,Leo Mc Carey,1944,ByN,DVD,"Este original film ganó 7 Oscar incluyendo el de Mejor Actor (Bing Crosby), Mejor Película y mejor  Director. Cuando el joven Padre O'Malley (Crosby) se une a la vieja congregación de una Parroquia, las cosas se complican. El Padre Fizgibbon (Barry Fitgerald) no cree demasiado en O'Malley y sus ideas. Los dos sacerdotes no coinciden en nada. Pero cuando los métodos de O'Malley empiezan a triunfar entre los miembros más jóvenes de la comunidad la situación cambiará.
Fecha de estreno en Montevideo: 16 de marzo de 1945.Cine Coventry."
354,LA MONTAÑA EMBRUJADA,Comedia,Eddie Albert,Ray Milland,Donald  Pleasence,John Hough,1975,Color,DVD,15-09-1977 Ambassador
355,RETORNO A LA MONTAÑA EMBRUJADA,Comedia,Bette Davis,Christopher Lee,Kim Richards,John Hough,1978,Color,DVD,27-03-1980 Iguazú
356,LOS PULPOS,Drama,Roberto Escalada,Olga Zubarry,Nicolas Fregues,Carlos H. Christensen,1948,ByN,DVD,"25-03-1948
Una chica del interior llega a la ciudad enamorada de un joven novelista al que traiciona."
357,LOS CHICOS CRECEN,Drama,Arturo García Buhr,Santiago Gómez Cou,Pepita Serrador,Carlos H. Christensen,1942,ByN,DVD,"20-08-1942 Ambassador
Un abogado que lleva una doble vida viaja a Europa. Un amigo le cuida la familia que deja. Este se encarga de la educación de sus hijos. Al regresar el padre pretende quedarse con la familia abandonada."
358,OBRAS MAESTRAS DEL TERROR,Terror,Narciso Ibañez Menta,Osvaldo Pacheco,Carlos Estrada,Enrique Carreras,1960,ByN,DVD,"8-01-1962 Coventry
EL CASO DEL SR VALDEMAR
Narciso Ibáñez Menta, Osvaldo Pacheco, Lilian Valmar
Un médico hipnotiza a un enfermo terminal retrasando su muerte.

EL TONEL DEL AMONTILLADO
Narciso, Carlos Estrada, Inés Moreno
Una mujer le es infiel a su esposo

EL CORAZON DELATOR
Narciso Ibáñez Serrador, Silvia Montanari,Narciso Ibáñez Serrador
Un viejo relojero recibe a su sobrino en su negocio.

De lo mejor de Carreras, pero con mucho de Ibáñez Menta e Ibáñez Serrador."
359,PALABRA DE HONOR,Drama,Luis Sandrini,Alicia Vignoli,Roberto Airaldi,Luis César Amadori,1939,ByN,DVD,"18-05-1939 Radio City
Un heladero empeña su palabra de honor para salvar a una mujer."
360,SU MEJOR ALUMNO,Histórica,Enrique Muiño,Angel Magaña,Orestes Caviglia,Lucas Demare,1944,ByN,DVD,"Fecha de estreno en Montevideo: 17-05-1945. Cine Ambassador.
Fragmento de la vida de Domingo Faustino Sarmiento, la relación con su hijo y su vuelta a la Argentina."
361,AVIVATO,Comedia,Pepe Iglesias,Lilian Valmar,Tono Andreu,Enrique Cahen Salaberry,1949,ByN,DVD,"Fecha de estreno en Montevideo: 6-09-1949. Cine Grand Palace.
  Cuenta la historia de un individuo empeñado en entrar a todos lados sin pagar entrada.
  Es el mayor éxito de Pepe Iglesias y de Cahen Salaberry, inspirado en un film francés y con gran resultado de taquilla. Está basado vagamente en el personaje de Lino Palacio, motivó una pequeña moda de historietas llevadas al cine. Marcó todo un record en Argentina, estuvo diez semanas en cartel."
362,PELUQUERIA DE SEÑORAS,Comedia,Luis Sandrini,Amanda Ledesma,June Marlowe,Luis Bayón Herrera,1941,ByN,DVD,"30-04-1942 Radio City
Un peluquero se transforma en campeón de box."
363,EL DIABLO A LAS 4,Drama,Spencer Tracy,Frank Sinatra,Jean Peirre Aumont,Mervyn Le Roy,1961,Color,DVD,5-03-1962 Plaza
364,LAS CAMPANAS DE SANTA MARIA,Comedia,Bing Crosby,Ingrid Bergman,Henry Travers,Leo Mc Carey,1945,Color,DVD,
365,UNA ATREVIDA AVENTURITA,Comedia,Susana Freyre,Roberto Escalada,Tito Gomez,Carlos H. Christensen,1948,ByN,DVD,"1-06-1948 Ambassador
  Los propietarios de un hotel en el sur argentino en decadencia tratan de convencer a un posible comprador de que el mismo funciona normalmente."
366,DON FULGENCIO,Comedia,Enrique Serrano,Malvina Pastorino,Analía Gadé,Enrique Cahen Salaberry,1950,ByN,DVD,"21-09-1950 Grand Palace, Victory
La historia de un hombre que no tuvo infancia, hábil para los negocios, pero que sigue practicando bromas inocentes.
Buena adaptación  de un personaje de historietas creado por Lino Palacio.
 Buena construcción del personaje por parte de Enrique Serrano"
367,SOLO LOS VALIENTES,Western,Gregory Peck,Ward Bond,Lon Chaney Jr,Gordon Douglas,1951,ByN,DVD,"5-12-1955 Plaza.
  El Capitán Richard Lance (Gregory Peck) es injustamente acusado por su novia y sus hombres de la muerte del apreciado teniente Holloway, asesinado por los indios. Con un pequeño grupo de soldados, Lance ha de defender un fuerte abandonado que cierra un paso en un desfiladero hasta que lleguen refuerzos. Una misión imposible por el grupo elegido por el Capitán ya que lo forma con descontentos,desertores, psicópatas, borrachos y cobardes que llevan a Lance a luchar contra los apaches hostiles para probar su lealtad a sus hombres y a la mujer que ama."
368,EL ULTIMO DE LOS MOHICANOS,Western,Randolph Scott,Binnie Barnes,Henry Wilcoxon,George B. Seitz,1936,ByN,DVD,6-03-1937 Rex
370,LA VIDA COLOR DE ROSA,Comedia,Virginia Luque,Fidel Pintos,Santiago Arrieta,Leon Klimovsky,1951,ByN,DVD,"Fecha de estreno en Montevideo: 20 de febrero de 1951. Cine Ambassador y Grand Palace.
  Por error una manicura recibe una herencia."
371,DE AQUÍ A LA ETERNIDAD,Bélica,Burt Lancaster,Deborah Kerr,Frank Sinatra,Fred Zinneman,1953,ByN,DVD,23-04-1954 Censa
372,VIVA ZAPATA,Drama,Marlon Brando,Jean Peters,Anthony Quinn,Elia Kazan,1952,ByN,DVD,
373,WINCHESTER 73,Western,James Stewart,Shelley Winters,Dan Duryea,Anthony Mann,1950,ByN,DVD,"Winchester 73 es el film que inició,seguido por otros cuatro, la estrecha colaboración entre el Director Anthony Mann y James Stewart.
  Un certamen de tiro, el 4 de julio de 1876 (centenario de la independencia de USA) en Dodge City ofrecía de premio el valioso rifle Winchester 73 ""el arma que conquistó el oeste"". El concurso lo gana Lin Mc Adam (Stewart), pero se lo robaba el derrotado Henry Brown (Stepehen Mc Nally), de cuyas manos pasaría, con motivo de una partida de poker, al traficante de armas Joe Lamont (John McIntare). Muerto este por los indios, el rifle queda en poder de Young Bull (Rock Hudson), aunque por poco tiempo: tras un ataque a un destacamento de la caballería, el arma era encontrada entre los cadáveres y recogida por Steve Miller (Charles Drake), amante de
 la pianista de saloon Lola Manners (Shelley Winters). Paralelamente Lin McAdam y su amigo Frankie Spade (Millard Mitchell) seguían la pista de Brown; según se sabría mucho después, era en realidad hermano de Lin y había matado por la espalda al padre de ambos. Y, por via del pistolero Waco (Dan Duryea) el rifle regresaba  a las manos  de Mathhhew; entonces Lin consumaría su venganza, y admás recuperaría el premio de Dodge City.
CURIOSIDADES
                          Para esta película, James stewart renunció a su cache fijo de 250.000 dólares. La Universal, que se hallaba en crisis, le propuso un 50% de las ganancias derivadas de los ingresos. El buen resultado le aseguró al actor la cifra de U$S 600.000.
                        El Winchester fue patentado por Oliver F. Winchester en 1860.
Fecha de estreno en Montevideo: 13-10-1952. Cines Iguazú y Central."
374,DUELO EN LA ALTA SIERRA,Western,Randolph Scott,Joel McCrea,Mariette Hartley,Sam Peckinpah,1962,Color,DVD,
375,LA PATRULLA CHIFLADA,Comica,Rafael Carret,Jorge Luz,Guillermo Rico,Carlos Rinaldi,1952,ByN,DVD,"Fecha de estreno en Montevideo: 28-07-1952.
Con la excusa de perseguir en Casablanca y en el desierto a una banda traficantes, Los cinco grandes del buen humor logran su mejor película. Con un desarrollo ágil y eficaz, buenos gags y meritoria dirección de Carlos Rinaldi."
377,ROOSTER COGBURN,Western,John Wayne,Katharine Hepburn,Richard Jordan,Stuart Millar,1975,Color,DVD,1-03-1976 Censa
378,UN TRANVIA LLAMADO DESEO,Drama,Vivien Leigh,Marlon Brando,Karl Malden,Elia Kazan,1951,ByN,DVD,5-10-1953 Plaza
379,LA MASCARA,Comedia,Jim Carrey,Cameron Diaz,Peter Riegert,Chuck Russell,1994,Color,DVD,"31-03-1995. Cinemetro, Opera, Casablanca"
380,UNA INVENCION DIABOLICA,Ciencia Ficción,Arnost Navratil,Lubor Tokos,Miloslav Holub,Karel Zeman,1958,ByN,DVD,Fecha de estreno en Montevideo: 27-11-1960. Cine Plaza.
381,EL REY DEL CONGO (Serial),Aventuras,Buster Crabbe,Gloria Dea,Leonard Penn,Spencer Bennet,1952,ByN,DVD,31-01-1956 Victory en episodios
382,CANDIDA,Comedia,Nini Marshall,Juan C. Thorry,Augusto Codecá,Luis Bayón Herrera,1939,ByN,DVD,"1-06-1940 Rex
Una doméstica gallega pasa a trabajar en una casa donde reemplaza a la la madre recién fallecida."
383,CHINGOLO,Comedia,Luis Sandrini,Carlos Morganti,Rosa Catá,Lucas Demare,1940,ByN,DVD,"Cuando Chingolo (Luis Sandrini) un joven y simpático linyera salva a un niño de morir ahogado, su tranquila y despreocupada vida ya no será la misma.
    Cuando la acaudalada familia del chico desea recompensarlo con algo de dinero, se sorprenden ante la negativa del singular personaje, que por su heroica acción, solamente aceptaría algo de comida. Ante tanta bondad, la madre del niño se empeña en transformar a Chingolo en un hombre trabajador, motivando los mas disparatados e hilarantes enredos.
Fecha de estreno en Montevideo: 18-09-1940. Ambassador"
384,SAN FRANCISCO,Drama,Clark Gable,Jeanette McDonald,Spencer Tracy,W.S.Van Dyke,1936,ByN,DVD,
385,UNION PACIFIC,Western,Barbara Stanwyck,Joel McCrea,Akim Tamiroff,Cecil B. De Mile,1939,ByN,DVD,
386,13 RUE MADELEINE,Policial,James Cagney,Richard Conte,Frank Latimore,Henry Hathaway,1947,ByN,DVD,
387,OPERACIÓN WHISKY,Comedia,Cary Grant,Leslie Caron,Trevor Howard,Ralph Nelson,1964,Color,DVD,
388,EL LUCHADOR DE KENTUCKY,Western,John Wayne,Oliver Hardy,Vera Ralston,George Waggner,1949,Color,DVD,
389,EL IMPERIO SUBMARINO(Serial),Aventuras,"Ray ""Crash"" Corrigan",Lois Wilde,Monte Blue,B. Reeves Eason,1936,ByN,DVD,
390,EL REY DE LOS HOMBRES COHETE (Serial 12 ep),Ciencia Ficción,Tristram Coffin,Mae Clarke,Don Haggerty,Fred C. Brannon,1949,ByN,DVD,"Un cientifico inventa unos cohetes que al ser colocados en la espalda puede hacer que una persona vuele. Jeff Jing (Tristam Coffin) enfrenta a un endemoniado conspirador(El Dr Vulcano)que quiere apoderarse de los cohetes para amenazar con destruir grandes ciudades si no le pagan un rescate. King sospecha que el maléfico Dr Vulcano integra la Directiva de un círculo de científicos.
 Uno de los últimos seriales importantes de la Republic.
Episodios:
 1) El traidor Dr Vulcano
 2) Muerte en el abismo
 3) Evidencia peligrosa
 4) Alto Peligro
 5) Salto Fatal
 6) El misterio del Hombre Cohete
 7) Terror derretido
 8) Vuelo suicida
 9) Diez segundos de vida
10)Niebla mortal
11)El secreto del Dr Vulcano
12)Ola de desastres
Estreno: 13-04-1954. Victory"
391,LA ARAÑA MORTAL  (Serial),Policial,Bruce Edwards,Carol Forman,Anthony Warde,Spencer Bennet/F.Bran,1947,ByN,DVD,"Un grupo de un país de oriente tiene planes de dominar el mundo.
 La célula infiltrada en USA la lidera una mujer que se hace pasar por adivina (Carol Forman).
Episodios:
1) Profecía Mortal
2) La fórmula robada
3) La Muerte escondida
4) Peligro en el cielo
5) La guarida de la araña
6) La guillotina de cristal
7) La ruedas mortales
8) Información falsa
9) El veneno de la araña
10) El cuerpo robado
11) La muerte marca un número
12) El espejo parlante
13) Una vida por otra
Estreno: 10-07-1949 en episodios en varias salas."
392,LA LEGION DEL ZORRO  (Serial),Western,Reed Hadley,Sheila Darcy,William Corson,William Witney/J.English,1939,ByN,DVD,"El Consejo de San Mendolito tiene que custodiar las entergas de lo producido de las minas de oro al gobierno. Pero un ídolo de los indios Yaquis ""Don del Oro"" cobra vida e incita a los nativos a sublevarse. Un patriota que ha formado una legión para proteger los cargamentos resulta asesinado.Aparece entonces El Zorro para tomar el puesto del patriota asesinado. La aparición del enmascarado coincide con la aparición de un refinado Don Diego de la Vega
7-04-1942 Cine Lezica"
393,FLASH GORDON (Serial),Ciencia Ficción,Buster Crabbe,Jean Rogers,Charles Middleton,Frederick Stephani,1936,ByN,DVD,
394,FLASH  GORDON EN MARTE (Serial),Ciencia Ficción,Buster Crabbe,Jean Rogers,Charles Middleton,Ford Beebe/Robert Hill,1938,ByN,DVD,
395,FLASH GORDON CONQUISTA EL UNIVERSO (serial),Ciencia Ficción,Buster Crabbe,Jean Rogers,Charles Middleton,Ford Beebe/Robert Hill,1940,ByN,DVD,
396,LA DIOSA BLANCA  (Serial),Aventuras,Allan Lane,Linda Stirling,George Lewis,S.Bennet/Wallace Grissell,1944,ByN,DVD,
397,EL LLANERO SOLITARIO (Serial),Western,Lee Powell,Chief Thundercloud,Lynn Roberts,William Witney/John English,1938,ByN,DVD,
398,LA SOMBRA DEL TERROR  (Serial),Policial,Victor Jory,Veda Ann Borg,Roger Moore,James W. Horne,1940,ByN,DVD,
399,EL HIJO DEL ZORRO (Serial),Western,George Turner,Peggy Stewart,Roy Barcroft,S. Bennet/Fred  Brannon,1947,ByN,DVD,
400,EL LATIGO DEL ZORRO (Serial),Western,George Lewis,Linda Stirling,Lucien Litlefield,S. Bennet/Wall.Grisell,1944,ByN,DVD,
401,MANDRAKE EL MAGO   (Serial),Policial,Warren Hull,Doris Weston,Al Kifume,Sam Nelson/N.Deming,1939,ByN,DVD,
402,MARTE INVADE LA TIERRA (Serial),Ciencia Ficción,Roy Barcroft,Linda Stirling,Dennis Moore,S. Bennet y F. Brannon,1945,ByN,DVD,
403,EL FANTASMA (Serial),Aventuras,Tom Tyler,Jeanne Bates,Kenneth McDonald,B. Reeves Eason,1943,ByN,DVD,
404,PELIGRO ATOMICO (Serial),Policial,Charles Quigley,Linda Stirling,Clayton Moore,W.Witney y F. Brannon,1946,ByN,DVD,
405,LA DAGA DE SALOMON (Serial),Aventuras,Rod Cameron,Duncan Renaldo,Lionel Royce,Spencer Bennet,1943,ByN,DVD,
406,EL ANGEL Y EL MALVADO,Western,John Wayne,Gail Rusell,Harry Carey,James E. Grant,1947,ByN,DVD,
407,EL VENGADOR DE SU PADRE,Western,Sterling Hayden,Sebastian Cabot,Carol Kelly,Joseph H. Lewis,1958,ByN,DVD,
408,TIERRA Y ESPERANZA,Western,James Stewart,Julia Adams,Arthur Kennedy,Anthony Mann,1951,Color,DVD,
409,LA ULTIMA AVENTURA,Western,Robert Shaw,Jeffrey Hunter,Ty Hardin,Robert Siodmak,1968,Color,DVD,
410,VACACIONES ROMANAS (LA PRINCESA QUE QUERIA VIVIR),Comedia,Gregory Peck,Audrey Hepburn,Eddie Albert,William Wyler,1953,ByN,DVD,
411,LA MASCARA DEL ZORRO,Aventuras,Antonio Banderas,Anthony Hopkins,Catherine Zeta Jones,Martin Campbell,1999,Color,DVD,
412,LA MARCA DEL ZORRO,Aventuras,Tyrone Power,Linda Darnell,Basil Rathbone,Rouben Mamoulian,1940,ByN,DVD,
413,MILAGRO EN LA CALLE 34,Comedia,Maureen O'Hara,John Payne,Edmund Gwenn,George Seaton,1947,B&N,DVD,
414,DRACULA SE LEVANTA DE LA TUMBA,Terror,Christopher Lee,Rupert Davies,Verónica Carlson,Freddie Francis,1968,Color,DVD,22-01-1970 18 de julio. Título local Dracula vuelve de la tumba.
415,EL CLUB DE LAS DIVORCIADAS,Comedia,Goldie Hawn,Bette Midler,Diane Keaton,Hugh Wilson,1996,Color,DVD,
416,ESPECIALISTA EN SEÑORAS,Comedia,Juan C. Thorry,Analía Gadé,Ana Ma Campoy,Enrique Cahen Salaberry,1951,ByN,DVD,"Fecha de estreno en Montevideo:22-10-1951 Grand Palace
  Un joven Doctor atiende a sus pacientes bajo la atenta vigilancia de su flamante esposa.
  Thorry interpreta por segunda vez a un Dr especialista en Señoras (como se le llamaba antes a los ginecólogos). La primera fue en La Sra de Pérez se divorcia. Luego será en el suceso televisivo de ""Dr Cándido Pérez""
  La pareja protagónica era muy popular en su momento."
417,CON EL DIABLO EN EL CUERPO,Comedia,Juan C. Thorry,Susana Freyre,Miguel Gómez Bao,Carlos H. Christensen,1947,ByN,DVD,"Fecha de estreno en Montevideo: 28-05-1947.Cine Grand Palace.
   Una joven y sus planes para atrapar a un médico reacio al matrimonio."
419,LA CASA DE LOS MILLONES,Comedia,Luis Sandrini,Olinda Bozán,Héctor Quintanilla,Luis Bayón Herrera,1942,ByN,DVD,"Fecha de esteno en Montevideo:15-04-1943. Cine Radio City.
   Una dama de mal carácter y millonaria es encerrada en un manicomio por sus parientes para apoderarse de su fortuna. Uno de sus sirvientes la salvará.
   Es un clásico del dúo Sandrini-Bozán, que soporta el paso del tiempo."
420,EL DIABLO ANDABA EN LOS CHOCLOS,Comedia,Luis Sandrini,Silvana Roth,María E. Buschiazzo,Manuel Romero,1946,ByN,DVD,"29-05-1946 Grand Palace
Un hombre simple del interior se enamora de una rica mujer que primero se burla, pero al final termina enamorándose.
 Basada en la obra teatral del uruguayo Orlando Aldama que fue uno de los grandes éxitos de Sandrini en salas."
421,PROCESADO 1040,Drama,Narciso Ibañez Menta,Walter Vidarte,Tito Alonso,Ruben W. Cavallotti,1958,ByN,DVD,"Fecha de estreno en Montevideo:8-09-1958 Plaza, Polvorin
 Una persona mayor es llavada a prisión por cortar la enredadera de un vecino y romperle una mayólica. En la carcel sufre varios vejámenes y es protegido por un ratero.
 Basada en la obra teatral de Juan Carlos Patrón del mismo nombre.Fue estrenada en Montevideo por la Comedia Nacional. 
 Walter Vidarte interpretó el mismo personaje que en el teatro y fue una revelación.
  Narciso vuelve a encarnar a un ser torturado.
  Actuaciones consagratorias de Vidarte y Alonso."
422,LA ANTESALA DEL INFIERNO,Drama,Kirk Douglas,Eleanor Parker,William Bendix,William Wyler,1951,ByN,DVD,"Fecha de estreno en Montevideo: 13-04-1953 Trocadero, Eliseo"
423,PEDRO Y EL LOBO,Musical,Pedro,El lobo,El cazador,Walt Disney,1946,Color,DVD,
424,LOS TRES MOSQUETEROS,Dibujos Animados,Mickey Mouse,Donald Duck,Goofy,Walt Disney,,Color,DVD,
425,EL MASTIN DE LOS BASKERVILLE,Policial,Basil Rathbone,Nigel Bruce,Richard Greene,Sidney Landfield,1939,ByN,DVD,
426,SHERLOCK HOLMES Y LA MUJER ARAÑA,Policial,Basil Rathbone,Nigel Bruce,Gale Sondergaard,Roy William Neill,1944,ByN,DVD,
428,LAS AVENTURAS DE SHERLOCK HOLMES,Policial,Basil Rathbone,Nigel Bruce,Ida Lupino,Alfred Werker,1939,ByN,DVD,
429,LA PERLA FATAL,Policial,Basil Rathbone,Nigel Bruce,Dennis Hoey,Roy William Neill,1944,ByN,DVD,
430,LA MARCHA DE LOS SOLDADITOS DE MADERA,Comedia,Stan Laurel,Oliver Hardy,Charlotte Henry,Gus Meins-Carley Rogers,1934,ByN,DVD,"Fecha de estreno en Montevideo:30-07-1935.Teatro Artigas, Azul
   En Toyland viven Stannie Dum y Ollie Dee. Los dos se encuentran hospedados en la casa de Madre Peep y trabajan en una fábrica de juguetes. En ese fantástico país el malvado y siniestro Silas Barnaby corteja a la hija de la anciana señora Peep, aunque ella se niega a acceder a sus deseos de matrimonio, puesto que su corazón está entregado a un joven de su entorno. Debido a esta negativa, Barnaby pone en práctica un método de presión…"
431,EL DESEMBARCO DE LOS 33 ORIENTALES,Histórica,Miguel A. Melino,Hugo Duhalde,Aldo Casanova,Miguel A. Melino,1952,ByN,DVD,"Fecha de estreno en Montevideo:15-04-1952. Coventry
Cuenta la historia del mítico desembarco.
Estimables escenas de combate."
432,ELECCIONES Y OTROS FILMS URUGUAYOS,Documental,Actores,no profesionales,,Mario Handler,,,DVD,"fecha de estreno en Montevideo: 4-08-1967. Renacimiento
Elecciones muestra escenas de actos políticos de la época.
 En alguna exhibición, cuando la elecciones de 1971 se suprimieron algunas escenas donde aparecían políticos que habían formado el Frente Amplio."
434,LUCES DE CANDILEJAS,Comedia,Alberto Castillo,Amelita Vargas,Miguel de Molina,Enrique Carreras,1956,Color,DVD,"Fecha de estreno en Montevideo: 29-10-1956 Plaza
Tres hermanos que no se conocían entre si, son convocados por su padre.
  Filmación parcial en Uruguay."
435,EL CURA LORENZO,Familiar,Angel Magaña,Tito Alonso,Nelly Meden,Augusto César Vatteone,1954,ByN,DVD,"Fecha de estreno en Montevideo:30-09-1955. Cine Coventry, con el título de ""Cuna de Campeones"".
  La vida del Padre Lorenzo Mazza, inspirador del Club San Lorenzo de Almagro, sacerdote que en medios carenciados y hostiles llevó a cabo una obra ejemplar."
436,A PLENO SOL,Policial,Alain Delon,Maurice Ronet,Marie laforet,Rene Clemet,1960,Color,DVD,24-08-1961 Censa
438,MORIR EN SU LEY,Cine Negro,Tita Merello,Roberto Escalada,Juan José Miguez,Manuel Romero,1949,ByN,DVD,"Fec ha de estreno en Montevideo: 29-11-1949.
Un policía (Juan José Miguez), se infiltra en una banda de malechores liderada por el Pibe Amalfi (Roberto Escalada)"
439,UN TROPEZON CUALQUIERA DA EN LA VIDA,Comedia,Alberto Castillo,Fidel Pintos,Francisco Alvarez,Manuel Romero,1949,ByN,DVD,"2-03-1949 Grand Palace
Para salvar a su hermano, un buen muchacho se hace encarcelar en su lugar.
  Manuel Romero recurre nuevamente al cantor Alberto Castillo para filmar la vieja fórmula de drama más canciones."
440,EL GUARDIAN ENMASCARADO,Western,Clayton Moore,Jay Silverhees,Perry López,Stuart Heisler,1956,Color,DVD,08-07-1957 Iguazú
441,EL VALIENTE DE OKLAHOMA,Western,James Cagney,Humphrey Bogart,Rosemary Lane,Lloyd Bacon,1939,ByN,DVD,
442,LOS COMANCHEROS,Western,John Wayne,Stuart Whitman,Lee Marvin,Michael Curtiz,1961,Color,DVD,
443,LOS DEPRAVADOS,Western,Gregory Peck,Joan Collins,Stephen Boyd,Henry King,1958,Color,DVD,
444,AL REDOBLAR DE TAMBORES,Western,Henry Fonda,Claudette Colbert,John Carradine,John Ford,1939,Color,DVD,
445,LA FLECHA ROTA,Western,James Stewart,Jeff Chandler,Debra Paget,Delmer Daves,1950,Color,DVD,
446,HOMBRE DEL OESTE,Western,Gary Cooper,Julie London,Lee J. Cobb,Anthony Mann,1958,Color,DVD,
447,TITANIC,Drama,Leonardo DiCaprio,Kate Winslet,Bily Zane,James Cameron,1998,Color,DVD,
448,LA QUIMERA DEL ORO,Western,Charles Chaplin,Georgia Hale,Mack Swain,Charles Chaplin,1925,ByN,DVD,10-02-1943 Trocadero. Versión sonorizada (1942)
449,EL CIUDADANO,Drama,Orson Welles,Joseph Cotten,Dorothy Comingore,Orson Welles,1941,ByN,DVD,
450,LA DILIGENCIA,Western,John Wayne,Claire Trevor,Thomas Mitchell,John Ford,1939,ByN,DVD,24-06-1939 Rex
451,39 ESCALONES,Suspenso,Robert Donat,Madeleine Carroll,Godfrey Tearle,Alfred Hitchcock,1935,ByN,DVD,
452,SER O NO SER,Comedia,Carole Lombard,Jack Benny,Robert Stack,Ernst Lubisch,1942,ByN,DVD,29-07-1942. Trocadero.
453,BARTOLO TENIA UNA FLAUTA,Comedia,Luis Sandrini,Herminia Franco,Eduardo Sandrini,Antonio Botta,1939,ByN,DVD,"15-02-1940 Radio City
Un flutista es engañado, le plagian el tema, gana un juicio, se vuelve millonario y conquista una enfermera.
 Uno de los grandes éxitos de Sandrini"
454,SOMBRERO DE COPA,Musical,Fred Astaire,Ginger Rogers,Edward Everett Horton,Mark Sandrich,1935,ByN,DVD,
455,ESCUELA DE SIRENAS Y TIBURONES,Comica,Alfredo Barbieri,Amelita Vargas,Francisco Alvarez,Enrique Carreras,1955,B&N,DVD,"10-10-1955 Ambassador
  Equivocos, intrigas y canciones en un Colegio. Filmada aprovechando el momento de mayor popularidad de la pareja Barbieri-Vargas."
456,EL ANGEL AZUL,Drama,Marlene Dietrich,Emil Jannings,Kurt Gerron,Josef Von Sternberg,1930,ByN,DVD,
457,EL ARQUERO VERDE (serial),Suspenso,Victor Jory,Iris Meredith,James Craven,James W. Horne,1940,ByN,DVD,"29-04-1942. En 15 episodios, en carias salas"
458,M EL VAMPIRO NEGRO,Suspenso,Peter Lorre,Gustav Grunders,Otto Wernicke,Fritz Lang,1931,ByN,DVD,2-06-1932 Paris
459,LA LOBA,Drama,Bette Davis,Herbert Marshall,Teresa Wright,William Wyler,1941,ByN,DVD,1-07-1942 Trocadero
460,HAMLET,Drama,Laurence Olivier,Jean Simmons,Anthony Quayle,Laurence Olivier,1948,ByN,DVD,22-09-1949 Luxor
462,CONDUCIENDO A MISS DAISY,Drama,Jessica Tandy,Morgan Freeman,Dan Aykroyd,Bruce Beresford,1989,ByN,DVD,22-03-1990 Plaza
463,CUMBRES BORRASCOSAS,Drama,Laurence Olivier,Merle Oberon,David Niven,William Wyler,1939,ByN,DVD,23-11-1939 Radio City
464,LADRONES DE BICICLETAS,Drama,Lamberto Maggiorani,Enzo Staiola,Lianella Carell,Vittorio De Sica,1948,ByN,DVD,
465,LA GENERAL,Comica,Buster Keaton,Marion Mack,Glen Cavender,Buster Keaton,1926,ByN,DVD,
466,LO QUE NO FUE,Drama,Trevor Howard,Celia Johnsonn,Stanley Holloway,David Lean,1945,ByN,DVD,10-09-1947. Trocadero
467,LA GARRA DE ACERO (Serial),Suspenso,Charles Quiley,Joyce Bryant,Walter Sande,James W. Horne,1941,ByN,DVD,
468,LA LLAVE MAESTRA (Serial),Suspenso,Milburn Stone,Dennis Moore,Jan Willey,Ray Taylor,1945,ByN,DVD,
469,INTERMEZZO CRIMINAL,Comedia,Olinda Bozán,Pablo Palitos,Dringue Farías,Luis Moglia Barth,1953,ByN,DVD,"Fecha de estreno en Montevideo: 2-10-53 Grand Palace.
  En un teatro de variedades un actor aparece muerto. La policía investiga quien es el asesino."
470,EL MASTIN DE LOS BASKERVILLES,Suspenso,Peter Cushing,Nigel Stock,Gary Raymond,Graham Evans,1968,ByN,DVD,
471,KING KONG,Aventuras,Fay Wray,Robert Armstrong,Bruce Cabot,Merian Cooper/Schoeds,1933,ByN,DVD,"3-08-1933 Rex
  Un cineasta involucraa una joven mujer desempleada en un rodaje misterioso en la Isla de la Calavera, en los mares del sur, en el que intenta filmar al mítico rey Kong. Después de muchas peripecias es llevado a Nueva York para exhibirlo, pero Kong enfurece y escapa entre los rascacielos de la ciudad."
472,CORRESPONSAL EXTRANJERO,Suspenso,Joel McCrea,Laraine Day,Herbert Marshall,Alfred Hitchcock,1940,ByN,DVD,
473,EL LADRON DE BAGDAG,Aventuras,Conrad Veidt,Sabú,June Duprez,Alexander Korda,1940,Color,DVD,
474,"ADIOS,MUÑECA",Cine Negro,Robert Mitchum,Charlotte Rampling,Sylvia Miles,Dick Richards,1975,Color,DVD,"El detective privado Philip Marlowe (Robert Mitchum) ha sido contratado por el enorme maleante y ex presidiario Moose Malloy (Jack O'Halloran) para localizar a su antigua amante Velma Valento (Charlotte Rampling), de la que no tiene noticias desde que fue encarcelado seis años atrás. Philip contactará con Tommy Ray (Walter McGinn), antiguo trompetista de la sala de fiestas donde trabajaba Velma, y con Jessie Florian (Sylvia Miles), una antigua amiga de Velma. La investigación le llevará a recorrer el submundo del crimen en Los Angeles de la decada de 1940.
   Adios Muñeca está basada en la novela Farewall,my lovely de Raymond Chandler. Por su trabajo en esta película Sylvia Miles fue nominada al Oscar como Mejor Actriz de Reparto.
11-10-1977 California"
475,QUE BELLO ES VIVIR,Drama,James Stewart,Donna Reed,Thomas Mitchell,Frank Capra,1946,ByN,DVD,
476,OLIVER TWIST,Aventuras,Robert Newton,Alec Guinness,Kay Walsh,David Lean,1947,ByN,DVD,4-05-1954 Eliseo
477,CUIDADO CON LAS COLAS,Comedia,Juan C. Thorry,Fernando Siro,Enrique Serrano,Julio Saraceni,1964,ByN,DVD,"Fecha de estreno en Montevideo: 1/06/1967 Cine Monumental
  En ausencia de su esposa, un hombre (Thorry) y su hermano soltero (Siro) invitan a dos mujeres que conocen en la cola de un cine. Allí también está el futuro suegro (Serrano) y todo se complica. Ultima película de Enrique Serrano.
SIC: ""Una comedia de enredos muy grata y animada"" La Nación"" (Arg)"
478,CUANDO BESA MI MARIDO,Comedia,Juan C. Thorry,Malisa Zini,Angel Magaña,Carlos Schlieper,1950,ByN,DVD,"Fecha de Estreno en Montevideo: 16/05/1950. Cines Grand Palace y Victory.
 Una mujer encuentra la carta de amor de una cantante (Amelita Vargas) en el impermeable de su esposo con los consiguientes malentendidos.
SIC: ""No cae en nigún momento en el recurso vulgar, a pesar de que todo su desarrollo resuma peligrosa picardía, jugada a todo lujo con esa rapidez obligada en comedias de este tipo"" El Mundo (Arg)"
479,EL CABALLERO DEL DESIERTO,Western,Gary Cooper,Walter Brennan,Doris Davenport,William Wyler,1940,ByN,DVD,Fecha de estreno en Montevideo: 31/10/1948. Cine Radio City
480,MARTIN PESCADOR,Comedia,Enrique Serrano,Francisco Alvarez,Elsa del Campillo,Antonio Ber Ciani,1951,ByN,DVD,"Fecha de estreno en Montevideo: 31-10-1951 Rex
Un hombre y su afán por educar a su hijo."
481,ISABELITA,Comedia,Juan C. Thorry,Paulina Singerman,Tito Lusiardo,Manuel Romero,1940,ByN,DVD,"Fecha de estreno en Montevideo:7-08-1941
  Una mujer de posición acomodada (Paulina Singerman) se hace pasar por criada para conquistar a un hombre humilde (Juan Carlos Thorry).
  Comedia sofisticada filmada por Romero agilmente confrontando, como siempre lo elitista con lo popular y, como siempre en este director inclinándose por los humildes y populares.
  Ha ganado prestigio con el tiempo."
483,SOLO VIVIMOS UNA VEZ,Drama,Sylvia Sidney,Henry Fonda,Barton Mac Lane,Fritz Lang,1936,ByN,DVD,28-05-1937 Ariel
484,QUINTO AÑO NACIONAL,Drama,Javier Portales,Guillermo Bredeston,Santiago Gomez Cou,Rodolfo Blasco,1961,ByN,DVD,"Fecha de estreno en Montevideo: 5-07-1962 Coventry
  Las historias de distintos alumnos de un colegio secundario, con los ingredientes habituales: humor,romance, profesores bondadosos o severos y algún momento trágico.
  Las interpretaciones en líneas generales son todas buenas."
485,ALMAS DESESPERADAS,Drama,Richard Widmark,Marilyn Monroe,Anne Bancroft,Roy Baker,1952,ByN,DVD,Fecha de estreno en Montevideo: 2-03-1953.Cine California
486,EL JUEZ DEL PATIBULO,Western,Paul Newman,Anthony Perkins,Ava Gardner,John Huston,1971,Color,DVD,Fecha de estreno en Montevideo: 25-05-1973. Cine Censa
487,EL TERCER HOMBRE,Drama,Orson Welles,Joseph Cotten,Alida Valli,Carol Reed,1949,ByN,DVD,"23-05-1951 California, Luxor, Victory"
488,8 MUJERES,Policial,Catherine Deneuve,Isabelle Huppert,Danielle Darrieux,Francois Ozon,2002,Color,DVD,"11-10-2002 Grupocine Ejido. Movie Center Montevideo, Punta Carretas, Portones, Alfabeta Hoyts.
 Una familia se reune para festejar las fiestas de fin de año. Una persona es asesinada y ocho mujeres son sospechosas del crimen. Cada una tiene un motivo, cada una tiene un secreto. Una de ellas es culpable."
489,LOS PROFESIONALES,Western,Lee Marvin,Burt Lancaster,Claudia Cardinale,Richard Brooks,1966,Color,DVD,5-06-1967 Plaza
490,TOMATES VERDES FRITOS,Drama,Jessica Tandy,Kathy Bates,Mary Stuart Masterson,Jon Avnet,1992,Color,DVD,
491,LOS COMIENZOS DEL CINE,Documental,El viaje a la luna,de George Melies,El gran robo del tren,Edwin S.Porter,1903,ByN,DVD,
492,GUNG HO !,Bélica,Randolph Scott,Alan Curtis,Robert Mitchum,Ray Enright,1943,ByN,DVD,6-07-1944 Radio city
493,MUJERES QUE BAILAN,Comedia,Nini Marshall,Fanny Navarro,Enrique Roldán,Manuel Romero,1949,B&n,DVD,"23-05-1949 Grand Palace
 Una muchacha del interior llega a la ciudad para tratar de triunfar en el ballet."
494,LA DILIGENCIA 2,Western,Kris Kristofferson,Willie Nelson,Johnny Cash,Ted Post,1986,Color,DVD,
495,LA CASA DE LA MONTAÑA EMBRUJADA,Terror,Vincent Price,Carolyn Craig,Richard Long,William Castle,1958,ByN,DVD,"21-11-1962 Radio City
 Un excéntrico millonario ofrece diez mil dólares a todo aquel que se considere capaz de pasar una noche en una casa que mantiene dispuesta para escépticos."
496,HACIA LOS GRANDES HORIZONTES,Western,Alex Cord,Bing Crosby,Ann Margret,Gordon Douglas,1966,Color,DVD,"3-04-1967 California
  Un grupo de diversas clases sociales coinciden en un viaje en diligencia que debe cruzar el territorio indio, un médico alcoholico, una hermosa muchacha que ha sido expulsada de la ciudad por conducta inmoral, un jugador profesional, un vendedor de whisky, un banquero corrupto, una joven mujer embarazada y un joven que busca venganza.
 Remake de La Diligencia (1939) de John Ford."
497,LA BALADA DE CABLE HOGUE,Western,Jason Robards,Stella Stevens,Davis Warner,Sam Peckinpah,1970,Color,DVD,1-02-1971 18 de julio. Titulo local: La balada del desierto.
498,EL VUELO DE LA FLECHA,Western,Rod Steiger,Brian Keith,Charles Bronson,Samuel Fuller,1957,Color,DVD,1-12-1958 Trocadero
499,EL MAGO DE OZ,Familiar,Larry Semon,Dorothy Dwan,Oliver Hardy,Larry Semon,1925,B&N,DVD,
500,UN HOMBRE Y UNA MUJER,Drama,Jean-Louis Trintignat,Anouk Aimée,Pierre Barouh,Claude Lelouch,1966,Color,DVD,Fecha de estreno en Montevideo: 1-06-1967. Eliseo
501,ARMAS AL HOMBRO Y EL PEREGRINO,Comica,Charles Chaplin,Edna Purviance,Eric Campbell,Charles Chaplin,1918,ByN,DVD,
502,EL CIRCO,Comedia,Charles Chaplin,Myrna Kennedy,Henry Bergman,Charles Chaplin,1928,ByN,DVD,
503,LOS PELIGROS DE NYOKA (Serial),Aventuras,Kay Aldridge,Clayton Moore,William Benedict,William Witney,1942,ByN,DVD,13-02-1942 en episodios en varias salas
504,EL AVISPON VERDE (Serial),Policial,Gordon Jones,Anne Nagel,Keye Luke,Ford Beebe/Ray Taylor,1940,ByN,DVD,
505,VALLE DE PASIONES (temporada 1),Western,Barbara Stanwyck,Richard Long,Linda Evans,William Graham y otr,1965,Color,DVD,
506,LOS TEMERARIOS DEL CIRCULO ROJO (Serial 12 e),Policial,Charles Quigley,Herman Brix,David Sharpe,W. Witney/John English,1939,ByN,DVD,
507,MUJERES QUE TRABAJAN,Comedia,Mecha Ortiz,Nini Marshall,Enrique Roldán,Manuel Romero,1938,ByN,DVD,"28-07-1938 Rex, Ariel
Una joven aristocrática se ve obligada por las circunstancias a trabajar en una tienda.
"" Cuando se estrenó Mujeres que trabajan se repitió el mismo fenómeno que en la radio. El éxito de Niní era fulminante y estoy segura que el triunfo de la película se debió en gran medida a su labor""(Mecha Ortiz)"
508,SACACHISPAS,Comedia,Armando Bo,Oscar Valicelli,Norma Gimenez,Jerry Gómez,1950,ByN,DVD,"6-07-1950 Central
Un maestro de música y un policía dirigen un club de niños."
509,FILARMONICA CARTOON,Musical,,,,Federico García Vigil,1998,Color,DVD,
510,PAYASO,Comedia,Luis Sandrini,Malvina Pastorino,Carlos Castro,Lucas Demare,1954,BYN,DVD,"2-06-1952 Ambassador
  El éxito de un payaso se debe a la ideas de un hombre detrás de escena."
512,LOS VIGILANTES DE LA LEY (Serial),Western,Robert Livingston,Kay Hughes,Guin (Big Boy) Williams,Mack Wright/Ray Taylor,1936,ByN,DVD,
513,EL PUERTO FANTASMA  (Serial 15 ep),Aventuras,Kane Richmond,Kay Aldridge,Roy Barcroft,Spencer Bennet,1944,Byn,DVD,
514,LA SELVA AFRICANA (Serial 15 ep),Aventuras,Clyde Beatty,Manuel King,Elaine Shepard,B. Reeves Eason,1936,ByN,DVD,
515,EL MISTERIOSO DR. SATANAS  (Serial),Ciencia Ficción,Eduardo Cianelli,Robert Wilcox,Ella Neal,William Witney/John English,1940,ByN,DVD,
516,LA SOMBRA QUE MATA (Serial 12 ep),Suspenso,Bela Lugosi,Viva Tattersall,Malcolm Mc Gregor,Albert Herman y Colbert Clark,1933,ByN,DVD,
517,LOS TAMBORES DE FU MANCHU(Serial),Aventuras,Henry Brandon,William Royle,Robert Kellard,William Witney y John English,1940,ByN,DVD,
518,EL AVISPON VERDE VUELVE AL ATAQUE (serial),Policial,Warren Hull,Wade Boteler,Anne Nagel,Ford Beebe,1940,ByN,DVD,
519,SHERLOCK HOLMES DESAFIA LA MUERTE,Suspenso,Basil Rathbone,Nigel Bruce,Denis Hoey,Roy William Neil,1943,ByN,DVD,
521,MUDOS TESTIGOS,Suspenso,Basil Rathbone,Nigel Bruce,Hillary Brooke,Roy William Neill,1945,ByN,DVD,
522,LA VOZ DEL TERROR,Suspenso,Basil Rathbone,Nigel Bruce,Evelyn Aukers,John Rawlins,1942,ByN,DVD,
523,VESTIDA PARA MATAR,Suspenso,Basil Rathbone,Nigel Bruce,Patricia Morison,Roy William Neill,1945,ByN,DVD,
527,RIO ROJO,Western,John Wayne,Montgomery Clift,Walter Brennan,Howard Hawks,1948,ByN,DVD,
528,FIEBRE DE SANGRE,Western,Gregory Peck,Helen Wetscott,Millard Mitchell,Henry King,1950,ByN,DVD,
529,SANGRE SOBRE EL SOL,Policial,James Cagney,Sylvia Sidney,Wallace Ford,Frank Lloyd,1945,ByN,DVD,
530,EL HOMBRE QUIETO,Drama,John Wayne,Maureen O'Hara,Victor Mc laglen,John Ford,1952,ByN,DVD,fecha de estreno en Montevideo:19-10-1953 Cines Plaza y Central.
531,EL PRINCIPE VALIENTE,Aventuras,Robert Wagner,James Mason,Janet Leight,Henry Hathaway,1954,Color,DVD,
533,MORENA Y DE PELIGRO,Comedia,Bob Hope,Dorothy Lamour,Peter Lorre,Elliott Nugent,1947,ByN,DVD,
534,EL ANGEL DESNUDO,Drama,Olga Zubarry,Guillermo Battaglia,Carlos Cores,Carlos H. Christensen,1946,ByN,DVD,"Fecha de estreno en Montevideo:2-01-1947.Ambassador
Una adolescente decide entregarse a un escultor para salvar de la ruina a su padre. Buen melodrama. Un clásico"
535,LA BESTIA DEBE MORIR,Suspenso,Narciso Ibañez Menta,Guillermo Battaglia,Laura Hidalgo,Román Viñoly Barreto,1952,ByN,DVD,"12-01-1953 Trocadero
Cuando su hijo es atropellado por un auto, un escritor busca desesperadamente vengar su  muerte y sale en busca de su asesino."
536,DEL MISMO BARRO,Western,Warren Beatty,Julie Christie,Rene Auberjonois,Robert Altman,1971,Color,DVD,Fecha de estreno en Montevideo: 4-02-1972
537,FANTASIA 2000,Musical,Steve Martin,Bette Midler,Angela Lansbury,James Algar,1999,Color,DVD,
538,SABES QUIEN VIENE A CENAR ?,Comedia,Spencer Tracy,Katharine Hepburn,Sidney Poitier,Stanley Kramer,1967,Color,DVD,
539,GETTYSBURG,Aventuras,Tom Berenger,Martin Sheen,Jeff Daniels,Ronald Maxwell,1993,Color,DVD,
540,DICK TRACY,Policial,Warren Beatty,Al Pacino,Madona,Warren Beatty,1990,Color,DVD,
541,CUANDO ES PRECISO SER HOMBRE,Western,Candice Bergen,Peter Strauss,Donald Pleasence,Ralph Nelson,1970,Color,DVD,
542,TARZAN Y LOS CAZADORES,Aventuras,Gordon Scott,Eve Brent,Rickie Sorensen,Charles Haas,1958,ByN,DVD,
543,EL HIJO DE GABINO BARRERA,Aventuras,Antonio Aguilar,Jaime Fernández,Martha Dual,Rene Cardona,1965,Color,DVD,
544,UN VERANO CON MONICA,Drama,Harrier Anderson,Lars Ekborg,Dagmar Ebbensen,Ingmar Bergman,1952,ByN,DVD,Fecha de estreno en Montevideo: 27-07-1953. Plaza
545,PERSONA,Drama,Bibi Andersson,Liv Ullmann,Margarita Crook,Ingmar Bergman,1965,ByN,DVD,Fecha de estreno en Montevideo: 22-04-1968. California
546,TRES SECRETOS,Drama,Eleanor Parker,Patricia Neal,Ruth Roman,Robert Wise,1950,ByN,DVD,"Fecha de estreno en Montevideo:10-05-1954 Central
Un niño de cinco años sobrevive a un accidente de aviación en el que mueren sus padres adoptivos. Durante su búsqueda llegan tres mujeres, Susan, Phyllis y Ann, cada una de las cuales cree que el niño es suyo, pues dieron a un niño en adopción cinco años atrás."
547,RIFIFI,Policial,Jean Servais,Carl Mohnner,Magali Noel,Jules Dassin,1954,ByN,DVD,"Fecha de estreno en Montevideo: 14-05-1956. Plaza
   Después de cumplir cinco años de prisión, Tony, el estefanés (Jean Servais) sale de prisión con la intención de cambiar su vida, pero se encuentra con que su antigua amante está viviendo con un conocido gangster. Careciendo de recursos económicos no le queda más remedio que volver a su vida pasada y reunirse con sus viejos compañeros. Durante semanas prepara minuciosamente junto a ellos un golpe perfecto: el robo de una inaccesible joyería de París."
548,EL ZORRO CABALGA DE NUEVO (serial),Western,John Carroll,Helen hristian,Duncan Renaldo,William Witney,1937,ByN,DVD,
549,EL AMO DE LA SELVA,Comedia,Bob Hope,Anita Ekberg,Eddie Adams,Gordon Douglas,1963,Color,DVD,
550,EL JINETE ALADO (Serial),Western,Tom Mix,Joan Gale,Charles Middleton,B. Reeves Eason,1935,ByN,DVD,"El Ranger de Texas, Tom Morgan (Tom Mix), hermano de sangre de la tribu Ravenhead, descubre que los indios estan siendo aterrorizados por Zaroff, un villano que sabe que en sus tierras hay yacimientos de X-94, un poderoso explosivo. Ultima aparición, en la pantalla, de Tom Mix, legendario cowboy del cine."
551,TARZAN EL TIGRE (Serial),Aventuras,Frank Merrill,Natalie Kingston,Lillian Worth,Henry Mac Rae,1929,ByN,DVD,
552,EL FANTASMA DE BARBANEGRA,Familiar,Peter Ustinov,Dean Jones,Suzanne Pleshette,Robert Stevenson,1968,Color,DVD,Fecha de estreno en Montevideo: 6 de julio de 1970.Cine Luxor
553,LA ISLA DEL TESORO,Aventuras,Robert Newton,Bobby Driscoll,Basil Sydney,Byron Haskin,1950,Color,DVD,
554,LA PICARA RECLUTA,Comedia,Goldie Hawn,Eileen Brennan,Armand Assante,Howard Zieff,1980,Color,DVD,Fecha de estreno en Montevideo:6-06-1981 Cine Plaza
555,"ECHAME LA PELOTA,CHICA",Comedia,Goldie Hawn,Swoosie Kurtz,Woody Harrelson,Michael Ritchie,1986,Color,DVD,Fecha de estreno en Montevideo:23-05-1986.Cine California y Punta Gorda.
556,LAS DOS CARAS DEL Dr JEKYLL,Terror,Christopher Lee,Paul Massie,Dawn Adams,Terence Fisher,1960,Color,DVD,
557,VUELAN LAS GRULLAS,Drama,Tatyana Somojlova,Aleksey Batalov,Vasili Merkuryev,Mikhail Kalatozov,1957,ByN,DVD,"12-06-1958. Ambassador, California"
558,DISPAREN SOBRE EL PIANISTA,Policial,Charles Aznavour,Nicole Berger,Marie Dubois,Francois Truffaut,1960,ByN,DVD,"07-04-1962 Plaza
 Una mujer para ayudar a su esposo en su carrera como pianista le es infiel con un emprasario. Tendrá un trágico final."
559,BATMAN,Aventuras,Adam West,Burt Ward,Cesar Romero,Leslie H. Martison,1966,Color,DVD,"30-06-1967 Radio City.
 El combate de Batman contra sus villanos enemigos: El Guason, el Pingúino y el Acertijo."
560,SHERLOCK HOLMES EN NUEVA YORK,Policial,Roger Moore,John Huston,Patrick Macnee,Boris Sagal,1976,Color,DVD,"10-07-2017 Pocitos
 Holemes es convocado a Nueva York para aclarar el robo a un banco internacional."
561,LA MUJER DEL AÑO,Comedia,Spencer Tracy,Katharine Hepburn,Fay Bainter,George Stevens,1942,ByN,DVD,
562,EL CASTILLO MALDITO,Comica,Bob Hope,Paulette Goddard,Anthony Quinn,George Marshall,1940,ByN,DVD,
563,APUNTEN...FUEGO!!!,Comica,Bob Hope,Dorothy Lamour,Otto Preminger,David Butler,1943,ByN,DVD,
564,EL COFRE DEL PIRATA,Comica,Bob Hope,Virginia Mayo,Walter Brennan,David Butler,1944,ByN,DVD,
565,EL DORADO,Western,John Wayne,Robert Mitchum,James Caan,Howard Hawks,1967,Color,DVD,
566,EL LADRON DE BAGDAD,Aventuras,Douglas Fairbanks,Snitz Edwards,Charles Belcher,Raoul Walsh,1924,B&N,DVD,
567,LAS AVENTURAS DE JESSE JAMES (serial),Western,Clayton Moore,Linda Stirling,Roy Barcroft,Fred C.Brannnon,1947,ByN,DVD,
568,EL GENIO INFERNAL (Serial),Aventuras,Rod Cameron,Roland Got,Constance Worth,William Witney,1943,ByN,DVD,
569,EL MARAVILLOSO ENMASCARADO (Serial),Policial,William Forrest,Louise Currie,Anthony Warde,Spencer Bennet,1943,ByN,DVD,
570,EL REY DE LA POLICIA MONTADA(Serial 12 ep),Aventuras,Allan Lane,Robert Strange,Robert Kellard,William Witney y John English,1940,ByN,DVD,
571,LA MANO QUE APRIETA (Serial 15 ep),Suspenso,Jack Mulhall,Rex Lease,Mae Busch,Albert Herman,1936,ByN,DVD,
572,MR WONG DETECTIVE,Suspenso,Boris Karloff,Grant Withers,Maxine Jennings,William Nigh,1938,ByN,DVD,"Fecha de estreno en Montevideo: 1-12-1957. Sala a determinar (según la página Estenos en Montevideo).
  Mr Wong va en ayuda de un hombre que sabe que su vida está en peligro. El sujeto tenía razón ya que muere la mañana siguiente antes de la visita de Wong."
573,EL MISTERIO DEL BARRIO CHINO(serial),Policial,Bela Lugosi,Herman Brix,Joan Barclay,Robert Hill,1936,ByN,DVD,"Los comerciantes del barrio chino son atacados por un grupo de fascinerosos que quiere terminar con ellos. Un escritor y una periodista muy entrometida tratarán de desenmascarar a los bandidos.
Fecha de estreno en Montevideo: 3-10-1943. El Mundo"
574,LOS MISTERIOS DE CHANDU (serial),Suspenso,Bela Lugosi,Marìa Alba,Clara Kimball,Ray Taylor,1934,ByN,DVD,"Considerado el mejor de los seriales independientes y con una superlativa interpretación de Lugosi, puede ser incluido dentro del grupo temático relacionado con la jungla. Posee algunos de los elementos básicos que lo caracterizan, como ser sumos sacerdotes, tribus salvajes, la acción en una isla-en este caso la de Lemuria-,etc. En la práctica se utilizó el material de dos películas para armar este serial que tiene suficiente acción,intriga y vueltas de tuerca como para interesar a los largo de sus 12 capítulos. El nudo de la acción se centra en el rescate de la Princesa Nadji, amada por Frank Chandler: Chandú, el gran Mago Blanco.
EPISODIOS: 1) La victima elegida. 2) La casa de la colina. 3) En alta mar. 4) El ojo maligno. 5) El circulo invisible 6) El paso en falso de Chandú 7) Misteriosa Magia 8) El borde del foso 9) El terror invisible. 

10) La roca aniquiladora. 11) El cuchillo amenazante. 12) El cuchillo desciende."
575,EL MONSTRUO FATAL (Serial 12 ep),Policial,Bela Lugosi,Robert Kent,Dorothy Arnold,Ford Beebe/Saul A. Goodkin,1939,ByN,DVD,"Bela es un científico que maneja un robot gigante, un cinturón de la invisibilidad y un fragmento de meteorito capaz de paralizar un ejército. Todo esto a lo largo de 12 entretenidos episodios que fueron éxito rotundo durante las viejas matinés de los cines de barrio."
576,EL FANTASMA VENGADOR (Serial 12 ep),Western,Lon Chaney Jr,Dorothy Gulliver,Francis Bushman,Spencer Bennet,1932,ByN,DVD,"Primer y único serial de la productora RKO. Ambiantada en el viejo oeste, el misterios Fantasma Negro ayuda al editor Tom Kirby (Lon Chaney Jr.) a pelear contra una banda de rufianes que intentan usar  a los indios para desalojar a los habitantes de un pueblo."
577,CONTRA LA QUINTA COLUMNA (Serial),Western,Sammy Baugh,Neil Hamilton,Duncan Renaldo,W.Witney/J.English,1941,ByN,DVD,
578,EL IMPERIO FANTASMA (Serial),Ciencia Ficción,Gene Autry,Frankie Darro,Betsy King Ross,Otto Browner,1938,ByN,DVD,"Uno de los mejores seriales de la Mascot. La trama por la ciudad de Murania ubicada cientos de metros bajo tierra. Llena de acción y excelentes efectos especiales, para la época, que incluyen un rayo de la muerte.
Capitulos: 1) El vaquero cantante. 2) Los caballeros del trueno. 3) La cámara de rayos. 4) Transmisión fantasma. 5) Debajo de la Tierra. 6) Desastre desde los cielos 7) De la muerte de la vida. 8) Las Fauces del Terror. 9) Prisioneros del rayo. 10) La rebeli{on. 11) Una reina encadenada. 12) El fin de Murania."
579,EL JINETE INDOMITO (Serial),Western,Robert Kent,Peggy Stewart,Le Roy Mason,Spencer Bennet,1946,ByN,DVD,"Las sangrientas luchas con los indios ya habían terminado. Sin embargo, inescrupulosos blancos en complicidad con unos renegados,continuaban abusando de ellos en sus reservaciones, en la mas completa impunidad.
   Cuenta la leyenda, que en tiempos de dificultades, aparece un espíritu vengador que se encarga de proteger a los indios y de castigar a los malvados. Este Vengador Enmascarado aparece justo
cuando va a cometerse la más atroz de las infamias: el asesinato del jefe indio Oso Amarillo."
580,LA HIJA DE LA SELVA (Serial),Aventuras,Frances Gifford,Tom Neal,Trevor Bardette,W.Winey/J.English,1941,ByN,DVD,
581,LA ISLA SALVAJE (Serial),Aventuras,Herman Brix,Ray Mala,Monte Blue,W.Witney/J.English,1938,ByN,DVD,
582,EL LLANERO SOLITARIO (Serie TV),Western,Clayton Moore,Jay Silverhees,,Varios,1949,B&N,DVD,
583,LA HISTORIA DE LA REPUBLIC,Documental,Roy Rogers,Tom Tyler,Linda Stirling,Varios,1995,Color,DVD,
584,KHARTOUM,Aventuras,Charlton Heston,Laurence Olivier,Richard Johnson,Basil Dearden,1966,Color,DVD,
585,TODO SOBRE MI MADRE,Drama,Cecilia Roth,Marisa Peredes,Penèlope Cruz,Pedro Almodovar,2000,Color,DVD,
586,LA MOMIA,Terror,Boris Karloff,Zita Johann,David Manners,Karl Freund,1932,ByN,DVD,
587,LA MOMIA,Suspenso,Peter Cushing,Christopher Lee,Ivonne Furneaux,Terence Fisher,1959,Color,DVD,
588,JOHNNY GUITAR,Western,Joan Crawford,Sterling Hayden,Mercedes Mc Cambridge,Nicholas Ray,1953,Color,DVD,
589,EL TERROR DE LOS ESPIAS (Serial),Aventuras,Kane Richmond,Marguerite Chapman,Sam Flint,William Witney,1942,ByN,DVD,
590,UN ENCUENTRO CON EL DIABLO,Drama,James Cagney,Don Murray,Dana Wynter,Michael Anderson,1959,ByN,DVD,Fecha de estreno en Montevideo 23-11-1959 Plaza
591,UN TAXI PARA TOBRUK,Aventuras,Lino Ventura,Hardy Kruger,Charles Aznavour,Denys de la Patelliere,1961,B&N,DVD,
592,EL SEPTIMO SELLO,Drama,Max Von Sidow,Gunnar Bjornstrnd,Bibi Andersson,Ingmar Bergman,1956,ByN,DVD,"Fecha de estreno en Montevideo: 14-09-1961 Cine California.
   A mediados del siglo XIV, cuando la Peste Negra asolaba Europa, el caballero sueco Antonius Blovk y su leal escudero regresan de la Cruzadas tras 10 años de combates. Blovk es un hombre atormentado y lleno de dudas. En el camino se le aparece la Muerte que lo reclama. Entonces el le propone jugar una partida de ajedrez, con la esperanza de obtner de ella respuestas a las grandes cuestiones de la vida: la muerte y la existencia de Dios."
593,EL LLANERO,Western,Gary Cooper,Jean Arthur,Charles Bickford,Cecil B. De Mille,1937,ByN,DVD,
594,LOS SIETE MAGNIFICOS,Western,Yul Brynner,Eli Walach,Steve Mc Queen,Jhon Sturges,1960,Color,DVD,
595,PAULIE,Familiar,Gena Rowlands,Tony Shalhoub,Cheech Marin,John Roberts,1998,Color,DVD,
596,POR UN PUÑADO DE DOLARES,Western,Clint Eastwood,Marianne Koch,Gian Maria Volonte,Sergio Leone,1964,Color,DVD,
597,POR UNOS DOLARES MAS,Western,Clint Eastwood,Lee Van Cleef,Gian Maria Volonte,Sergio Leone,1965,Color,DVD,
598,"EL BUENO,EL MALO Y EL FEO",Western,Clint Eastwood,Lee Van Cleef,Eli Wallach,Sergio Leone,1966,Color,DVD,
599,LA VUELTA DEL JINETE FANTASMA(serial)),Western,Ken Curtis,Roy Barcroft,Aline Towne,Fred C. Brannon,1951,ByN,DVD,
600,EL CARTERO SIEMPRE LLAMA DOS VECES,Policial,Jack Nicholson,Jessica Lange,John Colcos,Bob Rafelson,1981,Color,DVD,
601,LA DANZA DE LA FORTUNA,Comica,Luis Sandrini,Olinda Bozán,Héctor Quintanilla,Luis Bayón Herrera,1944,ByN,DVD,"15-06-1944 Radio City
Una nueva rica se casa con su mucamo"" in articulo mortis"". No muere y sufre los despilfarros de su esposo.
  Film divertido y alocado, es la continuación de La Casa de los Millones."
602,LA HIJA DEL MINISTRO,Comedia,Enrique Serrano,Juan C.Thorry,Silvana Roth,Francisco Mugica,1943,ByN,DVD,"8-04-1943 Ambassador
La hija del Ministro de Legislación Social se hace pasar por obrera para acercarse al lider de la oposición y poder averiguar los planes que tiene para desestabiliazar a su padre, pero termina enamorándose, claro que Juan Carlos Thorry era el galán del momento."
603,EL CABALLO DEL PUEBLO,Comedia,Juan C. Thorry,Enrique Serrano,Irma Córdoba,Manuel Romero,1935,ByN,DVD,"22-04-1936 Rex
  El propietario de un caballo cae en manos de un malechor que intenta extorsionarlo.
  A pesar del argumento remanido es una película entretenida.
  Curiosidades: Enrique Serrano en un papel de villano.
                       Es la primer película de Juan Carlos Thorry, su personaje era originalmente pensado para Carlos Gardel."
604,"BIOGRAFIA DE ""EL ZORR0""",Documental,Douglas Fairbanks,Tyrone Power,Guy Williams,Jack Perkins,1999,ByN,DVD,
605,QUE RICO EL MAMBO!,Comedia,Amelita Vargas,Leo Marini,Tito Climent,Mario Lugones,1951,ByN,DVD,"Fecha de estreno en Montevideo: 24-03-1952. Plaza
   Una rumbera se enamora de un dentista que aspira a cantar boleros."
606,NUBES DE HUMO,Comedia,Alberto Castillo,Francisco Alvarez,Mercedes Carreras,Enrique Carreras,1959,ByN,DVD,"Fecha de estreno en Montevideo:23-02-1959. Trocadero
  Un estudiante universitario aficionado al tango abandona el canto. Cuando culmina sus estudios reincide.
  El film ofrece algunos momentos de emoción y algunas situaciones de comedia.
  Es el último protagónico de Alberto Castillo."
607,SALUDOS AMIGOS,Comica,Donald Duck,Goofy,José Carioca,Walt Disney,1943,Color,DVD,
609,BIOGRAFIA DE SHERLOCK HOLMES,Policial,Jeremy Brett,Edward Hardwicke,Keith Barron,Tim Sullivan,1993,Color,DVD,
610,S.O.S. GUARDACOSTAS (Serial),Policial,Bela Lugosi,Ralph Byrd,Maxine Doyle,William Witney,1937,ByN,DVD,
611,CAPITAN MEDIANOCHE  (Serial),Policial,Dave O'Brian,Dorothy Short,James Graven,James W.Horne,1942,ByN,DVD,
612,BUCK ROGERS (Serial),Ciencia Ficción,Buster Crabbe,Constance Moore,Anthony Warde,Ford Beebe,1939,ByN,DVD,
613,DICK TRACY (Serial),Policial,Ralph Byrd,Kay Hughes,Smiley Burnette,Ray Taylor,1937,ByN,DVD,
614,DICK TRACY CONTRA EL CRIMEN INC.(serial),Policial,Ralph Byrd,Michael Owen,Jan Wiley,William Witney,1941,ByN,DVD,
615,CHARLIE CHAN Y LA REINA DRAGON,Policial,Peter Ustinov,Angie Dickinson,Roddy McDowall,Clive Donner,1981,ByN,DVD,
616,EVA AL DESNUDO,Drama,Bette Davis,Anne Baxter,George Sanders,Joseph L Mankiewicz,1950,ByN,DVD,
617,JASON Y LOS ARGONAUTAS,Aventuras,Todd Armstrong,Nancy Kovack,Gary Raymond,Dan Chaffey,1963,Color,DVD,
618,CORTOS DE NORMAN Mc LAREN,Documental,Dibujos Animados,Abstractos,o Documentales,Norman Mc laren,1950,Color,DVD,
619,LOS TRES CABALLEROS,Dibujos Animados,Donald Duck,José Carioca,Panchito,Norman Fergusson,1945,Color,DVD,
620,EL QUE RECIBE LAS BOFETADAS,Drama,Narciso Ibañez Menta,Ernesto Vilches,Golde Flami,Boris H. Hardy,1947,B&N,DVD,"6-11-1947 Ambassador
  Un científico traicionado por su esposa se convierte en payaso."
622,EL MISTERIO DEL CUARTO AMARILLO,Policial,Santiago Gomez Cou,Tito Alonso,Adolfo Stray,Julio Saraceni,1947,ByN,DVD,"25-09-1947 Radio City
Un policía, un detective y un periodista investigan un asesinato aparentemente perfecto."
623,TODO UN HOMBRE,Drama,Francisco Petrone,Amelia Bence,Guillermo Battaglia,Pierre Chenal,1943,ByN,DVD,"30-09-1943 Radio City
Una mujer empobrecida, se casa con un hombre rico.
Primer película rioplatense de Pierre Chenal."
624,ALI BABA Y LOS 40 LADRONES,Aventuras,Maria Montez,Jon Hall,Turhan Bey,Arthur Lubin,1943,Color,DVD,
625,DOBLE PARRANDA Y OTROS CORTOS,Comica,Stan Laurel,Oliver Hardy,Jean Harlow,Lewis Foster,1929,B&N,DVD,
626,LA BODA DE MI MEJOR AMIGO,Comedia,Julia Roberts,Dermot Mulroney,Cameron Diaz,P.J. Hogan,1997,Color,DVD,
627,ED WOOD,Comedia,Johnny Depp,Martin Landau,Sarah Jessica Parker,Tim Burton,1994,B y N,DVD,
628,EL REBELDE ORGULLOSO,Western,Alan Ladd,Olivia de Havilland,David Ladd,Michael Curtiz,1958,Color,DVD,Fecha de estreno en Montevideo: 6-11-1958. Metro
629,LA ULTIMA FLECHA,Western,Tyrone Power,Cameron Mitchell,Thomas Gomez,Joseph Newman,1952,color,DVD,Fecha de estreno en Montevideo:30-07-1953.Censa
630,LA VENGANZA DE ULZANA,Western,Burt Lancaster,Bruce Davison,Jorge Luke,Robert Aldrich,1972,Color,DVD,Fecha de estreno en Montevideo:11-06-1973.18 deJulio
631,CONCIENCIAS MUERTAS,Western,Henry Fonda,Dana Andrews,Anthony Quinn,William Wellman,1943,ByN,DVD,
632,LA ULTIMA CARRETA,Western,Richard Widmark,Felicia Farr,Susan Kohner,Delmer Daves,1956,Color,DVD,
633,LA RAYA AMARILLA,Documental,Ricardo Espalter,Griselda Hermida,Marco Maggi,Carlos Maggi,0,Color,DVD,
636,SHAKESPEARE APASIONADO,Drama,Gwyneth Patrol,Joseph Fienes,Geoffrey Rush,John Madden,1999,Color,DVD,
637,TU ULTIMA OPORTUNIDAD,Drama,Dustin Hoffman,Emma Thomson,Kathy Baker,Joel Hopkins,2008,Color,DVD,
638,EL HUEVO Y YO,Comedia,Fred MacMurray,Claudette Colbert,Marjorie Man,Chester Erskine,1947,ByN,DVD,
639,EL EMBAJADOR DEL MIEDO,Suspenso,Frank Sinatra,Laurence Harvey,Janet Leight,John Krankheimer,1962,ByN,DVD,
641,DESHOJANDO MARGARITAS,Comedia,Enrique Serrano,Irma Córdoba,Zita Rosas,Francisco Mugica,1946,ByN,DVD,"24-10-1946 Ambassador
Un millanario descubre los placeres de la vida al aire libre cuando es secuestradoy llevado a una de las islas del Tigre."
642,LA CASA GRANDE,Drama,Luis Sandrini,Beba Bidart,Ma Esther Buschiazzo,Leo Fleider,1953,ByN,DVD,"23-03-1953 Ambassador
  Un honesto funcionario vende terrenos sin saber que es un juego sucio de varios tramposos, entre ellos uno de sus hermanos."
643,LOS SIETE JINETES DE LA VICTORIA,Western,Gary Cooper,Madeleine Carroll,Preston Foster,Cecil B. DeMille,1940,Color,DVD,"Fecha de estreno en Montevideo: 1-04-1941 Cine Ambassador.
   En 1885, tres aventureros de la frontera (el Maestro Riel,el traficante de whisky Corbeau y el trampero Duroc) fomentan en Canadá una rebelión contra la Corona. Sólo la Policía Montada permance leal. El policía Ronnie Logan está enamorado de hija de Corbeau, pero tiene que rivalizar con un ranger de Texas que busca a Corbeau por asesinato.
Título alternativo: Policía Montada del Canadá.
Título original: Northwest Mounted Police."
644,BATMAN   (Serial),Aventuras,Lewis Wilson,Douglas Croft,J. Carrol Naish,Lambert Hillyer,1943,ByN,DVD,
645,LOS GUARDIANES DE LA FRONTERA (serial),Western,Johnny Mack Brown,George Shelly,Lynn Gilbert,Ford Beebe,1937,ByN,DVD,"Esta es una aposionante aventura llena de emociones. Kentucky Wade y sus tres amigos llegan en la ayuda de Larry y Lucy Munro, quienes son amenzados por bandidos. El traicionero dueño del periódico locall está ansioso por descubrir la ubicación de la mima de Larry, rica en mineral. Larry es falsamente acusado y casi linchado, pero escapa con la ayuda de Kentucky.
   Kentucky y sus amigos también se mantienen ocupados luchando por llanuras y montañas para combatir una tribu de indios al mando de Hacha Roja. Y al poco tiempo deben también enfrentar falsos anuncios que inician una fiebre de oro y mucha acción con el gatillo.
   Johnny Mack Brown consigió fama primero como jugador de futbol americano en la Universidad de Alabama. Al momento de filmarse esta película ya se había convertido en un prominente actor de seriales y westerns."
647,ALVAREZ KELLY,Western,William Holden,Richard Widmark,Janice Rule,Edward Dmytryk,1966,Color,DVD,Fecha de Estreno en ROU: 26/02/1968 Cine 18 de Julio
648,VIAJE A BARILOCHE,Documental,Mirta Mezzetta,Eduardo Rodriguez,,,2001,Color,DVD,
649,EL CIELO FUE TESTIGO,Drama,Deborah Kerr,Robert Mitchum,,John Huston,1957,Color,DVD,Fecha de estreno en Montevideo: 3-07-1957. Cine Radio City.
650,LA FIERA DE MI NIÑA,Comedia,Katharine Hepburn,Cary Grant,Charlie Ruggles,Howard Hawks,1938,ByN,DVD,
651,FALDAS DE ACERO,Comica,Bob Hope,Katharine Hepburn,James Robertson,Ralph Thomas,1956,ByN,DVD,
652,EL VIAJE HACIA EL MAR,Drama,Hugo Arana,Julio Calcagno,Julio C. Castro,Guillermo Casanova,2003,Color,DVD,
653,LOS MUCHACHOS DE ANTES NO USABAN GOMINA,Drama,Santiago Arrieta,Florencio Parravicini,Mecha Ortiz,Manuel Romero,1937,ByN,DVD,"25-05-1937 Rex, Ariel
Un muchacho de clase alte se enamora de una bailarina de cabaret.
Tiene un tibio mensaje contra los casamientos obligatorios y los prejuicios de clase."
654,HEROES OLVIDADOS,Policial,James Cagney,Humphrey Bogart,Priscilla Lane,Raoul Walsh,1939,ByN,DVD,
655,ALTA SIERRA,Cine Negro,Humphrey Bogart,Ida Lupino,Cornel Wilde,Raoul Walsh,1941,ByN,DVD,
656,SAHARA,Bélica,Humphrey Bogart,Bruce Bennet,Lloyd Bridges,Zoltan Korda,1943,ByN,DVD,
657,HORAS DE ANGUSTIA,Drama,Humphrey Bogart,John Derek,George Macready,Nicholas Ray,1949,ByN,DVD,
658,SABRINA,Comedia,Humphrey Bogart,Audrey Hepburn,William Holden,Billy Wilder,1954,ByN,DVD,
659,MUERTE EN UN BESO (En un lugar solitario),Policial,Humphrey Bogart,Gloria Grahame,Frank Lovejoy,Nicholas Ray,1950,ByN,DVD,"Fecha de estreno en Montevideo: 6-03-1951. Trocadero, Eliseo"
660,VOTOS O BALAS,Policial,Humphrey Bogart,Edward Robinson,Joan Blondell,William Keihley,1936,ByN,DVD,
661,LEGION NEGRA,Drama,Humphrey Bogart,Dick Foran,Ann Sheridan,Archie Mayo,1937,ByN,DVD,
662,SIROCCO (Intriga en Damasco),Aventuras,Humphrey Bogart,Marta Toren,Lee J Cobb,Curtis Bernhardt,1951,ByN,DVD,Fecha de estreno en Montevideo: 22-04-1952 Eliseo
663,BORSALINO,Aventuras,Alain Delon,Jean Paul Belmondo,Catherine Rouvel,Jacque Deray,1970,Color,DVD,"1-01-1971 18 de julio
  os delincuentes de poca monta, en la Marsella de los años 30, unen sus esfuerzos en diversos negocios y, luego de trabajat para varios capos, operaraá por su cuenta."
664,CORAZON,Drama,Narciso Ibañez Menta,Juan C. Barbieri,Marcos Zucker,Carlos Borbosque,1946,ByN,DVD,"14-08-1947 Radio City
Un Maestro relata cada mes un aleccionador cuento con valores morales a sus alumnos."
665,THE SPIDER'S WEB,Suspenso,Warren Hull,Iris Meridith,Richard Fiske,Ray Taylor,1938,ByN,DVD,
666,CLEOPATRA ERA CANDIDA,Comedia,Nini Marshall,Juan Verdaguer,Amelita Vargas,Julio Saraceni,1964,ByN,DVD,"Fecha de estreno en Montevideo:28-08-1964 Trocadero
Un empresario quiere casarse con la encargada de la ropería de una boite. Pretende ocultarlo hasta la llegada de la dueña de las empresas donde trabaja que pretende casarse con aquel.
  Comedia de enredos, buena actuación de Nini Marshall y Johnny Tedesco como su sobrino."
667,MARABUNTA,Aventuras,Charlton Heston,Eleanor Parker,William Konrad,Byron Haskin,1953,Color,DVD,Fecha de estreno en Montevideo:12-12-1954. Plaza
668,UN ALMA TORTURADA,Cine Negro,Alan Ladd,Veronica Lake,Robert Preston,Frank Tuttle,1942,ByN,DVD,
669,EL HOMBRE QUE SUPO PERDER,Cine Negro,Alan Ladd,Veronica Lake,Brian Donlevy,Stuart Heisler,1942,ByN,DVD,
670,SIN MIEDO Y SIN TACHA (The Far Country),Western,James Stewart,Ruth Roman,Walter Brennan,Anthony Mann,1954,Color,DVD,Fecha de estreno en Montevideo: 24-03-1955
671,CUANDO LOS SERIALES REINABAN,Documental,Buster Crabbe,Kirk Alyn,Linda Stirling,Phillip Dye,1996,ByN,VHS,
672,LOCURA EN EL OESTE,Comedia,Cleavon Little,Gene Wilder,Slim Pickens,Mel Brooks,1974,Color,DVD,Fecha de estreno en Montevideo: 7-07-1975 18 de Julio
673,"TARZAN,EL INDOMABLE (Serial)",Aventuras,Herman Brix,Ula Holt,Frank Baker,Edward Kull,1935,ByN,DVD,
674,LA CASA DE LAS SOMBRAS,Terror,Christopher Lee,Vincent Price,Peter Cushing,Pete Walker,1983,Color,DVD,"No estrenada en salas en Montevideo.
El escritor Kenneth Magee (Desi Arnaz Jr) apuesta 20000 dólares  a que es capaz de escribir una novela de terror en 48 hs y para ello se traslada a una vieja mansión en Escocia. Sus esfuerzos se ven interrumpidos por la llegada de varias personas a la casa. Todos son miembros de la familia Grisbane, propietarios de la mansión. Kenneth se entera de que hace cuarenta años un miembro de la familia, Roderick, fue encerrado en el ático y tratado como un animal después que violara y matara a una mujer. Pero cuando abren el ático, se encuentran con que Roderick ha escapado. Entonces alguien comienza a matar a los allí reunidos y Kenneth se da cuenta de que Roderick está entre ellos como uno más del grupo y ha vuelto para vengarse.."
675,DOCE HOMBRES EN PUGNA,Drama,Henry Fonda,Lee J. Cobb,Martin Balsan,Sidney Lumet,1957,ByN,DVD,
676,4 POR TEXAS,Western,Frank Sinatra,Dean Martin,Anita Ekberg,Robert Aldrich,1963,Color,DVD,
677,PRIMERA PLANA (Ayuno de Amor),Comedia,Cary Grant,Rosalind Russell,Ralph Bellamy,Howard Hawks,1940,ByN,DVD,
678,SERENATA NOSTALGICA,Drama,Cary Grant,Irene Dunne,Edgar Buchanan,George Stevens,1941,ByN,DVD,
679,HIJOS DEL DESIERTO,Comica,Stan Laurel,Oliver Hardy,Mae Busch,William Seiter,1934,ByN,DVD,
680,LOS PELIGROS DE PAULINA (Serial.),Aventuras,Pearl White,Crane Wilbur,Paul Panzer,Louis Gasnier,1914,ByN,DVD,
681,EL CABALLO DE ACERO,Western,George O´Brien,Madge Bellamy,Charles Bull,John Ford,1924,ByN,DVD,
682,BENDITA SEAS,Drama,Enrique Serrano,Mecha Ortiz,Guillermo Battaglia,Luis Mottura,1956,ByN,DVD,"7-11-1957 Grand Palace
   El sufrimiento de una mujer que no puede decirle a su hijo que es su madre.
   Film al servicio de Mecha Ortiz.
   Muy buena actuación de Enrique Serrano fuera de sus papales habituales."
683,LOS MUCHACHOS DE ANTES NO USABAN ARSENICO,Drama,Narciso Ibañez Menta,Mecha Ortiz,Mario Soffici,José Martínez Suárez,1975,Color,DVD,"No estrenada en salas en Montevideo.
Una estrella de cine retirada estudia con su ex marido, su ex administrador y su ex médico la posibilidad de vender la casa donde vive."
684,DRACULA 1972,Terror,Christopher Lee,Peter Cushing,Stephanie Beacham,Alam Gibson,1972,Color,DVD,Fecha de estreno en Montevideo: 20-12-1972. Cine 18 de julio
685,JULIO VERNE//RACING 1 NACIONAL 0,Documental,Rodrigo Lòpez,Juanpi Rodriguez,,Documental,2002,Color,DVD,
686,MATRIMONIO DE YENIA Y DAMIAN,Documental,Yenia Moreno,Damián Rodríguez,Mirta Mezzetta,Documental,2004,Color,DVD,
687,BIOGRAFIA DE ANALIA RODRIGUEZ,Documental,Analía Rodríguez,Jimena Rodríguez,Maxi Rodríguez,María Zanocchi,2003,Color,DVD,
688,RACING NACIONAL (Año 2000),Documental,Jimena Rodríguez,Damián Rodríguez,,Documental,2000,Color,DVD,
689,RACING DANUBIO (Año 2001),Documental,Película,testimonial de un,polémico partido,Documental,2001,Color,DVD,
690,PELICULAS FAMILIARES,Documental,Damián Rodríguez,Analía Rodríguez,Jimena Rodríguez,Documental,1980,Color,DVD,
691,RECUERDOS QUE NO OLVIDARE,Documental,Fotos de Damián,desde el nacimiento,hasta su casamiento,Documental,2004,Color,DVD,
692,REBECA,Suspenso,Laurence Olivier,Joan Fontaine,George Sanders,Alfred Hitchcock,1940,B&N,DVD,
693,EL CAPITAN KIDD,Aventuras,Charles Laughton,Randolph Scott,Barbara Britton,Rowland V Lee,1945,Color,DVD,"Fecha de Estreno en Montevideo:20-02-1946. Cine Trocadero.
Corsario del rey Guillermo III, el Capitán Kidd quiere regresar a puerto para recibir nuevas órdenes del soberano, pero sus enemigos tienen un propósito que es el capturarle y darle muerte. Es el año 1699 y Kidd pretende engañar al rey y al mismo tiempo robarle el tesoro procedente de la India, pero lo que no sabe es que en esta aventura en las aguas de Madagascar puede salirle muy cara."
694,AGONIA DE AMOR(El Caso Paradine),Suspenso,Gregory Peck,Ann Todd,Charles Laughton,Alfred Hitchcock,1947,B&N,DVD,Fecha de estreno en Montevideo: 22-08-1950. Cines California y Victory.
695,PSICOSIS,Suspenso,Anthony Perkins,Vera Miles,John Gavin,Alfred Hitchcock,1960,B&N,DVD,
696,FREAKS,Terror,Wallace Ford,Olga Baclanova,Leila Hyams,Tod Browning,1932,ByN,DVD,
697,DRACULA PRINCIPE DE LAS TINIEBLAS,Terror,Christopher Lee,Barbara Shelley,Andrew Keir,Terence Fisher,1966,Color,DVD,
698,PRUEBE LA SANGRE DE DRACULA,Terror,Christopher Lee,Linda Hayden,Anthony Corlan,Peter Sasdy,1969,Color,DVD,
699,LOS RITOS SATANICOS DE DRACULA,Terror,Christopher Lee,Peter Cushing,Joanna Lumley,Alan Gibson,1970,Color,DVD,
700,LAS CICATRICES DE DRACULA,Terror,Christopher Lee,Dennis Waterman,Jenny Hanley,Roy Ward Baker,1970,Color,DVD,
701,ACE DRUMMOND (Serial),Aventuras,John King,Jean Rogers,Noah Beery Jr,Ford Beebe,1936,ByN,DVD,
702,EL LATIGO DE ACERO (Serial),Western,Richard Simmons,Barbara Bestar,Dale Van Sickel,Franklin Adreon,1954,ByN,DVD,
703,LA RONDA DEL DESTINO,Western,Randolph Scott,Dorothy Malone,Peggie Castle,Lesley Selander,1955,Color,DVD,
704,SABOTEADOR,Suspenso,Priscilla Lane,Robert Cummings,Normand Lloyd,Alfred Hitchcock,1942,ByN,DVD,Fecha de estreno en Montevideo: 11-11-1942. Cine Trocadero
705,DICK TRACY RETURNS (Serial),Policial,Ralph Byrd,Lynn Roberts,Charles Middleton,W. Witney,1938,ByN,DVD,30-08-1945. Varias salas. Film en episodios.
706,INDOMABLE,Western,John Wayne,Marlene Dietrich,Randolph Scott,Ray Enright,1942,ByN,DVD,
707,TRES HIJOS DEL DIABLO,Western,John Wayne,Pedro Armendariz,Harry Carey Jr,John Ford,1948,Color,DVD,
709,MATAR A UN RUISEÑOR,Drama,Gregory Peck,Mary Badham,Phillip Alford,Robert Mulligan,1962,ByN,DVD,
710,DESDE RUSIA CON AMOR,Aventuras,Sean Connery,Pedro Armendariz,Robert Shaw,Terence Young,1963,Color,DVD,
711,SOLO SE VIVE DOS VECES,Aventuras,Sean Connery,Akiko Wakabayashi,Mie Hama,Lewis Gilbert,1967,Color,DVD,
712,LOS DIAMANTES SON ETERNOS,Aventuras,Sean Connery,Jill St John,Charles Gray,Guy Hamilton,1971,Color,DVD,
713,MOONRAKER,Aventuras,Roger Moore,Luis Chiles,Richard Kiel,Lewis Gilbert,1979,Color,DVD,
714,POR TUS OJOS SOLAMENTE,Aventuras,Roger Moore,Carole Bouquet,Topol,John Glen,1981,Color,DVD,
715,THE LIVING DAYLIGHTS,Aventuras,Timothy Dalton,Maryam D'abo,Jeroen Krabbe,John Glen,1987,Color,DVD,
716,THE WORLD IS NOT ENOUGH,Aventuras,Pierce Brosnan,Robert Marceau,Robert Carlyle,Michael Apted,1999,Color,DVD,
717,EL HOMBRE DEL REVOLVER DE ORO,Aventuras,Roger Moore,Christopher Lee,Britt Ekland,Guy Hamilton,1974,Color,DVD,
718,RIO LOBO,Western,John Wayne,Jorge Rivero,Jennifer O'Neal,Howard Hawks,1970,Color,DVD,
719,LA LIGA DE LOS HOMBRES EXTRAORDINARIOS,Aventuras,Sean Connery,Shane West,Peta Wilson,Stephen Norrington,2003,Color,DVD,
722,DIARIO DE UN SKIN,Policial,Tristán Ulloa,Juana costa,Ginés García Millán,Jacobo Rispa,2005,Color,DVD,Un periodista de investigación pierde a Victor su compañero de trabajo a manos de un grupo neonazi.Para averiguar quien es el asesino de su amigo se infiltra en esas agrupaciones.
723,SUPERMAN II,Ciencia Ficción,Christopher Reeve,Gene Hackman,Ned Beatty,Richard Lester,1980,Color,DVD,
724,EL LUCHADOR,Drama,Robert Ryan,Audrey Totter,George Tobias,Robert Wise,1949,ByN\r\nByN,DVD,"12-10-1949 Rex, Continental"
725,TIEMPOS MODERNOS,Comedia,Charles Chaplin,Paulette Goddard,Henry Bergman,Charles Chaplin,1936,ByN,DVD,"14-05-1936 Rex, Ariel"
726,HANOVER STREET,Drama,Harrison Ford,Lesley-Anne Down,Christopher Plummer,Peter Hyams,1979,Color,DVD,"18-01-1980 Radio City.
Título local: Pasión y sacrificio.
El teniente de aviación Halloran (Ford) y una bella enfermera británica se enamoran durante la segunda guerra. Ella está casada. En una misión deberá escoltar a un agente que resulta ser el esposo de la mujer que quiere."
727,BONJOUR TRISTESSE,Drama,David Niven,Deborah Kerr,Jean Seberg,Otto Preminger,1957,Color,DVD,14-07-1958 Plaza California
728,BAJO EL SOL DE TOSCANA,Comedia,Diane Lane,Sandra Oh,Lindsay Duncan,Audrey Wells,2003,Color,DVD,"9-04-2004 Movie Center Montevideo, Portones. Punta Carretas Hoyts
 Una escritora compra una finca en la Toscana con la esperanza de cambiar su vida."
729,ALGUIEN TIENE QUE CEDER,Comedia,Jack Nicholson,Diane Keaton,Keanu Reeves,Nancy Meyers,2003,Color,DVD,"13-02-2004 Movie Center Montevideo, Portones, Punta Carretas. Grupo Cine Ejido."
730,OTOÑO EN NUEVA YORK,Drama,Richard Gere,Winona Ryder,Anthony Lapaglia,Joan Chen,2000,Color,DVD,"20-10-2000 Trocadero, Punta Carretas, Movie Center Montevideo, Portones"
731,JIM DE LA SELVA (Serial),Aventuras,Grant Withers,Betty Rhodes,Raymond Hatton,Ford Beebe,1936,ByN,DVD,"1-12-1942 American. En episodios.
Jim de la Selva está basada en la historieta de Alex Raymond, creador entre otros personajes de Flash Gordon.
 Grant Withers, el actor que encarna a Jim Bradley, más conocido como Jim de la Selva, es el que más se asemeja al personaje original de la historieta.
  Dos safaris se internan en la jungla. Ambos buscan a una misteriosa muchacha blanca, heredera de una cuantiosa foortuna y que es conocida como la Diosa de los Leones. Unos buscan rescatarla y los otros eliminarla para apoderarse de la cuantiosa herencia dejada por su padre desaparecido en un naufragio en las costas de Africa."
732,REDUCTO vs ATENEO,Documental,Partido,Basquetbol,Junio 2004,Familiar,2004,Color,DVD,
733,EN UNA PLAYA JUNTO AL MAR,Musical,Donald,Evangelina Salazar,Jorge Barreiro,Enrique Cahen Salaberry,1974,Color,DVD,"2-04-1971 Trocadero,Ariel, Coventry.
Un joven incomprendido por su padre empresario se reencuentra con su padre. Muchas canciones adornan la trama."
734,EL SEDUCTOR,Comedia,Luis Sandrini,Elina Colomer,Blanquita Amaro,Luis Bayón Herrera,1950,ByN,DVD,"28-03-1950 Grand Palace
Un jefe de estación de ferrocarril viaja a la capital para tratar de mejorar el servicio en su pueblo."
735,EL RETRATO,Comedia,Mirtha Legrand,Juan C. Thorry,Alberto Bello,Carlos Schlieper,1947,ByN,DVD,"21-04-1948 Grand Palace
Una mojigata mujer es poseida por el espíritu de su abuela, una mujer muy liberal.
  Marca el comienzo de Mirtha Legrand como gran actriz de comedias.
Thorry, como siempre, correctísimo."
736,LOS TRES MOSQUETEROS(Serial),Aventuras,John Wayne,Jack Mulhall,Raymond Hatton,Armand Schaefer,1933,ByN,DVD,11-12-1941 En 12 episodios en varias salas
737,LA PELICULA DE NINI,Documental,Nini Marshall,Enrique Pinti,Antonia Gasalla,,2005,Color,DVD,
738,ANSIEDAD,Drama,Pedro Infante,Libertad Lamarque,Irma Dorantes,Miguel Zacarías,1952,B&N,DVD,
739,"ELVIRA FERNANDEZ,VENDEDORA DE TIENDA",Comedia,Juan C. Thorry,Paulina Singerman,Tito Lusiardo,Manuel Romero,1942,ByN,DVD,"13-05-1943 Radio City
 La hija de un millonario ingresa de icógnito como vendedora de tienda para averiguar algunas injusticias. Encabeza un movimiento huelguista y consigue para sus compañeros las mejoras que perseguían."
740,CARNAVAL DE ANTAÑO,Drama,Florencio  Parravicini,Sabina Olmos,Charlo,Manuel Romero,1940,ByN,DVD,"5-10-1940  Rex
Película que evoca el carnaval de 1912 y 1940."
741,LOS TRES MOSQUETEROS,Aventuras,Armando Bo,Roberto Airaldi,Iris Marga,Julio Saraceni,1945,ByN,DVD,"Fecha de estreno en Montevideo: 19-07-1946 Radio City
Las aventutas de Athos, Portos, Aramís y Dártagnan..en Montevideo.
Película de producción uruguaya. Se pueden identificar el Castillo del Parque Rodó, las escalinatas del Parque Capurro, los bosques del Parque Roosevelt."
742,"RITMO,AMOR Y PICARDIA",Comedia,Alberto Castillo,Amelita Vargas,Francisco Alvarez,Enrique Carreras,1954,ByN,DVD,"2-05-1955 Central
 Un padre cascarrabias cambia cuando uno de sus hijas se casa con un muchacho que revoluciona el hogar."
743,UN MODELO DE PARIS,Comedia,Pedro Quartucci,Francisco Alvarez,Tilda Thamar,Luis Bayón Herrera,1946,ByN,DVD,"13-02-1947 Radio City
Un sombrero de paja manchado con barro provoca que una mujer infiel y un hombre en el día de su boda, se vean envueltos en una serie de confusiones."
744,LA SERPIENTE DE CASCABEL,Comedia,Juan C. Thorry,María Duval,Homero Cárpena,Carlos Schlieper,1948,ByN,DVD,"Fecha de estreno en Montevideo:31-08.1948. Coventry
 El romance entre una colegiala y el nuevo profesor de música del instituto.
 Divertida a pesar de lo irreal de la trama."
745,EL MASTIN DE LOS BASKERVILLES,Suspenso,Peter Cushing,Christopher Lee,André Morell,Terence Fisher,1959,Color,DVD,
746,LA RESIDENCIA,Terror,Lili Palmer,Cristina Galbó,John Moulder-Broen,Narciso Ibáñez Serrador,1969,Color,DVD,"En una residencia de Provenza (Francia) dirigida por una Profesora que tiene un hijo sometido a dura tutela, ocurren misteriosas desapariciones de las internadas, chicas de procedencia poco honorable. La llegada de una nueva pupila acelera el proceso extraño de conductas y sucesos hasta su tremendo desenlace. ""La Residencia"" es la mejor obra de Narciso Ibáñez Serrador y una de las importatntes del género de misterio y terror realizadas en España.Exito de público y de crítica en su momento, mantiene inalterada (quizás enriquecida por el paso del tiempo) la capacidad de inquietar al espectador. Un homenaje a films de Hichcock.
 Estreno en Montevideo: 27 de marzo de 1976. Cine California en versión en inglés."
747,MARTY,Comedia,Ernest Borgnine,Betsy Blair,Esther Minciotti,Delbert Mann,1955,ByN,DVD,
748,LOS PUENTES DE MADISON,Drama,Clint Eastwood,Meryl Streep,Annie Corley,Clint Eastwood,1995,Color,DVD,
749,LOS FABULOSOS BAKER BOYS,Drama,Jeff Bridges,Beau Bridges,Michelle Pfeiffer,Steve Kloves,1989,Color,DVD,
750,EL AÑO QUE VIENE A LA MISMA HORA,Comedia,Alan Alda,Ellen Burstyn,Ivan Boner,Robert Mulligan,1978,Color,DVD,Fecha de estreno en Montevideo: 6-09-1079 Metro
751,LA NOVICIA REBELDE,Drama,Julie Andrews,Christopher Plummer,Eleanor Parker,Robert Wise,1965,Color,DVD,
752,LA VUELTA AL MUNDO EN 80 DIAS,Comedia,Jackie Chan,Steve Coogan,Ewen Bremner,Frank Coraci,2004,Color,DVD,
753,MERCADO NEGRO,Policial,Santiago Gomez Cou,Olga Zubarry,Mario Passano,Kurt Land,1953,ByN,DVD,"17-08-1953 Ambassador
Un joven policía descubre que el padre de su novia es el jefe de una banda de contrabandistas."
754,DIAS SIN HUELLA,Drama,Ray Milland,Jane Wyman,Phillip Terry,Billy Wilder,1945,ByN,DVD,15-08-1956 Ambassador
755,LA INDOMABLE,Drama,Gene Tierney,Randolph Scott,Dana Andrews,Irving Cummings,1941,Color,DVD,
756,CHICAGO,Musical,Renée Zellweger,Catherine Zeta Jones,Richard Gere,Rob Marshall,2002,Color,DVD,
757,HAVANA,Drama,Robert Redford,Lena Olin,Alan Arkin,Sydney Pollack,1990,Color,DVD,
758,LA CALDERA DEL DIABLO,Drama,Lana Turner,Lee Philips,Lloyd Nolan,Mark Robson,1957,Color,DVD,Fecha de estreno en Montevideo: 21-05-1958 Radio City
759,QUIEN ENGAÑO A ROGER RABBIT,Comedia,Bob Hoskins,Christopher Lloyd,Joanna Cassidy,Robert Zemeckis,1988,Color,DVD,
760,SHREK,Dibujos Animados,Mike Myers,Eddie Murphy,Cameron Diaz,Andrew Adamson,2001,Color,DVD,
761,SHREK 2,Dibujos Animados,Mike Myers,Eddie Murphy,Cameron Diaz,Kelly Asbury,2004,Color,DVD,
762,EL SECRETO DE LA PIRAMIDE,Policial,Nicolas Rowe,Alan Cox,Sophie Ward,Berry Levinson,1985,Color,DVD,
763,UNA GATA SOBRE EL TECHO DE ZINC CALIENTE,Drama,Elizabeth Taylor,Paul Newman,Burl Ives,Richard Brooks,1958,Color,DVD,
764,EL ZORRO (Primera Temporada),Aventuras,Guy Williams,Henry Calvin,Geme Sheldon,Norman Foster,1957,Color,DVD,
765,DIAS DE VINO Y ROSAS,Drama,Jack Lemmon,Lee Remick,Charles Bickford,Blake Edwards,1962,ByN,DVD,
766,PISO DE SOLTERO,Comedia,Jack Lemmon,Shirley MacLaine,Fred MacMurray,Billy Wilder,1960,Color,DVD,
767,AVANTI,Comedia,Jack Lemmon,Juliet Mills,Clive Revill,Billy Wilder,1972,Color,DVD,
768,MESAS SEPARADAS,Drama,Burt Lancaster,Deborah Kerr,David Niven,Delbert Mann,1958,Color,DVD,
769,COLD MOUNTAIN,Drama,Jude law,Nicole Kidman,Renée Zellweger,Anthony Minghella,2003,Color,DVD,
770,MUJER BONITA,Comedia,Julia Roberts,Richard Gere,Ralph Bellamy,Gary Marshall,1990,Color,DVD,
771,BAILAMOS,Comedia,Richard Gere,Jennifer López,Susan Sarandon,Peter Chelsom,2004,Color,DVD,"25-12-2004 Movie Center Montevideo
 La vida de un abogado adicto al trabajo da un giro cuando se inscribe en una academia de baile. A medida que supera su torpeza se da cuenta de su pasión por el baile."
772,SE BUSCA PAREJA,Comedia,Diane Lane,John Cusack,Christopher Plummer,Gary Goldberg,2005,Color,DVD,
773,MI SUEGRA ES UNA BRUJA,Comedia,Jennifer López,Jane Fonda,Michael Vartan,Robert Luketic,2005,Color,DVD,
774,BUSCANDO A NEMO,Dibujos Animados,Albert Brooks,Ellen De Generus,Alexander Gould,Andrew Stanton,2003,Color,DVD,
775,TU CASA ES MI CASA,Comedia,Goldie Hawn,Steve Martin,Dana Delany,Frank Oz,1992,Color,DVD,
776,NATIONAL TREASURE,Aventuras,Nicolas Cage,Jon Voight,Christopher Plummer,Jon Tortetaub,2004,Color,DVD,
777,TARZAN EN LA INDIA,Aventuras,Jock Mahoney,Mark Dana,Leo Gordon,John Guillermin,1962,Color,DVD,"10-01-1963 Metro, Iguazú
Tarzan viaja a la India para salvar una zona de la selva que va a ser inundada por la construcción de una represa"
778,DOS MULAS PARA LA HERMANA SARA,Western,Clint Eastwood,Shirley MacLaine,Manuel Fábregas,Don Sigel,1970,Color,DVD,
779,THE WAR WAGON,Western,John Wayne,Kirk Douglas,Howard Keel,Burt Kennedy,1967,Color,DVD,
780,LA DAMA Y EL VAGABUNDO,Dibujos Animados,Golfo,Reina,Jock,Clyde Geronime,1955,Color,DVD,
781,CHEYENNE,Western,Clint Walker,,,Richard L. Bare,1956,ByN,DVD,
782,MAVERICK,Western,James Garner,Jack Kelly,,Leslie H.Martinson,1957,ByN,DVD,
783,DAVY CROCKETT,Western,Fess Parker,Buddy Ebsen,Jeff York,Norman Foster,1956,Color,DVD,
784,MUJERES,Comedia,Norma Shearer,Joan Crawford,Rosalind Russell,George Cukor,1939,ByN,DVD,
785,CARTA A TRES ESPOSAS,Drama,Jeanne Crain,Linda Darnell,Ann Sothern,Joseph L. Mankiewicz,1949,ByN,DVD,"14-12-1949 California
  Tres mujeres reciben una carta de una amiga donde cuenta que se ha fugado con su marido. A partir de ese momento las mujeres repasan las relaciones con sus esposos hasta descubrir quien es el hombre infiel."
786,EN LA NOCHE DEL PASADO,Drama,Ronald Colman,Greer Garson,Philip Dorn,Mervyn Le Roy,1942,ByN,DVD,
787,DIARIO DE UNA PASION,Drama,James Garner,Gena Rowlands,Rachel McAdams,Nick Cassavetes,2004,Color,DVD,
788,LA CARTA,Drama,Bette Davis,Herbert Marshall,James Stephenson,William Wyler,1940,ByN,DVD,
789,HELP !,Musical,John Lennon,Paul Mc Cartney,George Harrison,Richard Lester,1965,Color,DVD,
790,LOS INADAPTADOS,Drama,Clark Gable,Marilyn Monroe,Montgomery Clift,John Huston,1961,ByN,DVD,"27-03-1961 18 de Julio , Central
 Una joven mujer llega a Reno para divorciarse. Conoce a un veterano cowboy y emprende con él y un especialista en rodeos la captura de caballos salvajes para luego comercializarlos.
  Ultimo film de Clark Gable y Marilyn Monroe."
791,SECRETOS DEL DIVAN,Comedia,Meryl Streep,Uma Thurman,Bryan Greenberg,Ben Younger,2005,Color,DVD,
792,EL OCASO DE UNA VIDA,Drama,William Holden,Gloria Swanson,Erich Von Stroheim,Billy Wilder,1950,ByN,DVD,
794,BUTCH CASSIDY AND THE SUNDANCE KID,Western,Paul Newman,Robert Redford,Katharine Ross,George Roy Hill,1969,Color,DVD,
795,ENAMORADA,Drama,María Félix,Pedro Armendariz,Miguel Inclán,Emilio Fernández,1946,ByN,DVD,
796,SOLEDAD,Drama,Libertad Lamarque,Marga López,René Cardona,Miguel Zacarías,1947,ByN,DVD,
797,SANGRE EN LA MONDIOLA,Policial,Silvio Galizzi,Matías Castro,Herardo Trápani,Guzman Vila,2007,Color,DVD,
798,LA BALADA DE VLAD TEPES,Policial,Silvio Galizzi,Daniel Guridi,Herardo Trápani,Guzman Vila,2009,Color,DVD,
799,CAPITAN SKY Y EL MUNDO DEL MAÑANA,Aventuras,Jude Law,Gwyneth Paltrow,Angelina Jolie,Kerry Conran,2004,Color,DVD,
800,FIEBRE DE SABADO A LA NOCHE,Musical,John Travolta,Karen Gorney,Barry Miller,John Badham,1977,Color,DVD,"Estreno en ROU: 29/06/1978. Metro, 18 de Julio y Casablanca.
                            142.396 espectadores, tercer puesto del año en el rubro."
801,EL CARTERO LLAMA DOS VECES,Drama,Lana Turner,John Garfield,Cecil Kellaway,Tay Garnett,1946,Color,DVD,Estreno en Uruguay:10/12/1946. Metro. Versión en español.
802,ASESINATO EN EL ORIENT EXPRESS,Policial,Albert Finney,Richard Widmark,Ingrid Bergman,Sidney Lumet,1974,Color,DVD,"Estreno en Montevideo: 2/05/1975. Rex, Ariel y Carrasco."
803,AVENTURAS DE SUPERMAN(1er tem),Ciencia Ficción,George Reeves,Phillis Coates,Jack Larson,Thomas Carr,1952,ByN,DVD,
804,LA LEYENDA DEL ZORRO,Aventuras,Antonio Banderas,Catherine Zeta Jones,Nick Chinlund,Martin Campbell,2005,Color,DVD,Estreno en ROU: 28/10/2005. Movie Center.
805,THE PRINCESS BRIDE,Familiar,Cary Elwes,Mandy Patinkin,Christopher Guest,Rob Reiner,1987,Color,DVD,
806,ORGULLO Y PREJUICIO,Drama,Keira Knightley,Brenda Blethyn,Donals Sutherland,Joe Wright,2005,Color,DVD,
807,E.R. (2da Temporada),Drama,Anthony Edwards,George Clooney,Sherry Stringfield,Brett Fallis,1995,Color,DVD,
808,LOS CORISTAS,Drama,Gerard Jugnot,Francois Berléand,Kad Merad,Christophe Berratier,2004,Color,DVD,
809,LOS NIÑOS DEL BRASIL,Policial,Gregory Peck,Laurence Olivier,James Mason,Franklin J. Schaffner,1978,Color,DVD,
810,CIELO AMARILLO,Western,Gregory Peck,Richard Widmark,Anne Baxter,William Wellman,1948,Color,DVD,
812,ALBUQUERQUE,Western,Randolph Scott,Barbara Britton,George Hayes,Ray Enright,1948,Color,DVD,
813,ALFRED HITCHCOCK PRESENTA 1ª Temporada,Suspenso,Claude Rains,Gene Barry,Barbara Bell Gathes,Alfred Hitchcock,1955,ByN,DVD,
814,MUERTE EN TRES ACTOS (Poirot),Suspenso,Peter Ustinov,Tony Curtis,Emma Sams,Gary Nelson,1986,Color,DVD,
815,TRECE A CENAR,Suspenso,Peter Ustinov,Faye Dunaway,Jonathan Cecil,Lou Antonio,1985,Color,DVD,
816,DEAD MAN'S FOLLY,Suspenso,Peter Ustinov,Jean Stapletton,Constance Cumings,Clive Donner,1986,Color,DVD,
817,AL MAESTRO CON CARIÑO,Drama,Sidney Poitier,Christien Roberts,Judy Geeson,James Clavell,1967,Color,DVD,
818,EL CODIGO DA VINCI,Suspenso,Tom Hanks,Audrey Tautou,Ian McKellen,Ron Howard,2006,Color,DVD,
819,DIVERTIDOS RECLUTAS,Comica,Stan Laurel,Oliver Hardy,Dick Nelson,Monty Banks,1941,ByN,DVD,"Fecha de Estreno en Uruguay: 9 de julio de 1942
Cine: Ambassador"
820,LADRON QUE ROBA A LADRON,Comica,Stan Laurel,Oliver Hardy,Vivian Blaine,Malcom St Clair,1943,ByN,DVD,"Fecha de Estreno en Uruguay: 16 de diiembre de 1943
Cine: Ambassador
Título: Qué par de vivos!"
821,LA BOMBA,Comedia,Stan Laurel,Oliver Hardy,Doris Merrick,Malcom St Clair,1944,ByN,DVD,"Fecha de estreno en Uruguay: 17 de mayo de 1945
Cine: Radio City"
822,LEYENDAS DE PASION,Drama,Brad Pitt,Anthony Hopkins,Aidan Quinn,Edward Zwick,1994,Color,DVD,"Fecha de estreno en Uruguay: 5/5/1995
Cine: Trocadero"
823,LA TRAGEDIA DE LOS DALTON,Western,Randolph Scott,Kay Francis,Broderick Crawford,George Marshall,1940,ByN,DVD,"Fecha de estreno en Uruguay: 18/12/1941
Cine: Radio City"
824,PIDE AL TIEMPO QUE VUELVA,Drama,Christopher Reeve,Jane Seymour,Christopher Plummer,Jeannot Szwarc,1981,Color,DVD,"Fecha de Estreno en Uruguay: 19/11/1981
Cine Metro"
825,ARENAS DE IWO JIMA,Bélica,John Wayne,John Agar,Adele Mara,Allan Dwan,1949,ByN,DVD,"Fecha de Estreno en Uruguay: 2/07/1952
Cine: California"
826,LA CONQUISTA DEL HONOR,Bélica,Ryan Phillippe,Jese Bradford,Adam Beach,Clint Eastwood,2006,Color,DVD,"Fecha de estreno en Uruguay: 26/01/2007
Cine: Movie Center Montevideo, Movie Center Portones, Movie Center Punta Carretas, Grupo Cine Ejido."
827,EL HOMBRE DE LARAMIE,Western,James Stewart,Arthur Kennedy,Cathy O'Donnell,Anthony Mann,1955,Color,DVD,"Fecha de estreno en Uruguay: 4 de enero de 1956. Cine CENSA.
Título de estreno: Hambre de Venganza."
828,PETER PAN,Dibujos Animados,Bobby Driscoll,Hans Conried,Kathryn Beaumont,Clyde Geronimi,1953,Color,DVD,"Fecha de estreno en ROU: 5/07/1954
Cine: Trocadero y Eliseo. Versión en castellano."
829,MAESTROS DE BAILE,Comica,Stan Laurel,Oliver Hardy,Trudy Marshall,M. Saint Clair,1943,ByN,DVD,
830,QUE PAR DE LOCOS !,Comica,Stan Laurel,Oliver Hardy,Dante le Magicien,Alfred Werker,1942,ByN,DVD,
831,LOS TOREROS,Comica,Stan Laurel,Oliver Hardy,Margo Goode,Malcolm Saint Clair,1945,ByN,DVD,
832,DE REPENTE EN EL VERANO,Drama,Elizabeth Taylor,Montgomery Clift,Katharine hepburn,Joseph L. Mankiewicz,1959,ByN,DVD,
833,VOLVER,Drama,Penélope Cruz,Carmen Maura,Lola Dueñas,Pedro Almodóvar,2006,Color,DVD,
834,HISTORIAS DE NAVIDAD DISNEY,Dibujos Animados,Mickey Mouse,Donald Duck,Goofy,Walt Disney,0,Color,DVD,
835,AVENTURA EXTRAMADAMENTE DIVERTIDA,Dibujos Animados,Mickey Mouse,Donald Duck,Goofy,Ben Sharpsteen,1938,Color,DVD,
836,DIVERSION EXTREMADAMENTE MUSICAL,Dibujos Animados,Mickey Mouse,Donald Duck,Goofy,Wilfred Jackson,1936,Color,DVD,
837,ANNA KARENINA,Drama,Vivien Leigh,Ralph Richardson,Kieron Moore,Julien Duvivier,1948,ByN,DVD,
838,LA PRIMAVERA ROMANA DE LA SRA STONE,Drama,Vivien Leigh,Warren Beatty,Lotte Lenya,José Quintero,1961,Color,DVD,
839,TARZAN EL HOMBRE MONO,Aventuras,Johnny Weissmuller,Maureen O'Sullivan,C. Aubrey Smith,W.S. Van Dyke,1932,ByN,DVD,
840,TARZAN Y SU COMPAÑERA,Aventuras,Johnny Weissmuller,Maureen O'Sullivan,Neil Hamilton,Cedric Gibbons,1934,ByN,DVD,
841,LA  FUGA DE TARZAN,Aventuras,Johnny Weissmuller,Maureen O'Sullivan,John Buckler,Richard Thorpe,1936,ByN,DVD,
842,TARZAN Y SU HIJO,Aventuras,Johnny Weissmuller,Maureen O'Sullivan,Johnny Sheffield,Richard Thorpe,1939,ByN,DVD,
843,EL TESORO DE TARZAN,Aventuras,Johnny Weissmuller,Maureen O'Sullivan,Johnny Sheffield,Richard Thorpe,1941,ByN,DVD,
844,TARZAN EN NUEVA YORK,Aventuras,Johnny Weissmuller,Maureen O'Sullivan,Johnny Sheffield,Richard Thorpe,1942,ByN,DVD,
845,EL TRIUNFO DE TARZAN,Aventuras,Johnny Weissmuller,Frances Gifford,Johnny Sheffield,William Thiele,1943,ByN,DVD,
846,TARZAN Y EL DESIERTO MISTERIOSO,Aventuras,Johnny Weissmuller,Nancy Kelly,Johnny Sheffield,Kurt Neuman,1945,ByN,DVD,
847,TARZAN Y LAS AMAZONAS,Aventuras,Johnny Weissmuller,Brenda Joyce,Johnny Sheffield,Kurt Neuman,1945,ByN,DVD,
848,TARZAN Y LA MUJER LEOPARDO,Aventuras,Johnny Weissmuller,Brenda Joyce,Johnny Sheffield,Kurt Neuman,1946,ByN,DVD,
849,TARZAN Y LA CAZADORA,Aventuras,Johnny Weissmuller,Brenda Joyce,Johnny Sheffield,Kurt Neuman,1947,ByN,DVD,
850,TARZAN Y LAS SIRENAS,Aventuras,Johnny Weissmuller,Brenda Joyce,Linda Christian,Robert Florey,1948,ByN,DVD,
851,MERCADO DE ABASTO,Drama,Tita Merello,Pepe Arias,Juan J. Miguez,Lucas Demare,1954,ByN,DVD,"Una puestera duda entre el comerciante próspero y honesto que la quiere y un rufián dedicado al jueg que ella ama.
  Film que se abre como un film neorralista y finaliza con escenas tipo cine negro norteamericano.
30-01-1955 Censa"
852,LA ISLA DEL TESORO,Aventuras,Wallace Beery,Jackie Cooper,Lionel Barrymore,Victor Fleming,1934,ByN,DVD,
853,CASINO ROYALE,Aventuras,Daniel Craig,Eva Green,Mads Mikkelsen,Martin Campbell,2006,Color,DVD,
854,INTRIGA EN BERLIN,Policial,George Clooney,Cate Blanchett,Tobey Maguire,Steve Soderbergh,2006,ByN,DVD,
855,MATCH POINT,Suspenso,Brian Cox,Matthew Goode,Scarlett Johansson,Woody Allen,2006,Color,DVD,
856,CHICAS DE CALENDARIO,Comedia,Helen Mirren,Julie Walters,Linda Bassett,Nigel Cole,2003,Color,DVD,
857,PORQUE YO LO DIGO,Comedia,Diane Keaton,Mandy Moore,Gabriel Macht,Michael Lehmann,2007,Color,DVD,
858,HISTORIAS ASOMBROSAS,Ciencia Ficción,Kevin Costner,Charlie Sheen,Tim Robbins,Steven Spielberg,1985,Color,DVD,
859,TARZAN Y LA FUENTE MAGICA,Aventuras,Lex Barker,Brenda Joyce,Charles Drake,Lee Sholem,1949,ByN,DVD,2-03-1950 Rex
860,TARZAN EN PELIGRO,Aventuras,Lex Barker,Virginia Huston,George Mcready,Byron Haskin,1951,ByN,DVD,5-07-1954 Rex
861,TARZAN Y LA DIABLESA,Aventuras,Lex Barker,Joyce Mackenze,Raymond Burr,Kurt Newmann,1953,ByN,DVD,27-09-1954 Iguazú
862,TARZAN Y LA SELVA SECRETA,Aventuras,Gordon Scott,Vera Miles,Peter Van Eyck,Harold Schuster,1955,Color,DVD,15-07-1955 Coventry
864,TARZAN LUCHA POR SU VIDA,Aventuras,Gordon Scott,Eve Brent,Rickie Sorensen,Bruce Humberstone,1958,Color,DVD,12-03-1959 Metro
865,LA GRAN AVENTURA DE TARZAN,Aventuras,Gordon Scott,Anthony Quayle,Sean Connery,John Guillermin,1959,Color,DVD,1-1-1960 El Polvorin
866,TARZAN EL MAGNIFICO,Aventuras,Gordon Scott,Jock Mahoney,John Carradine,Robert Day,1960,Color,DVD,19-06-1961 El Polvorin
867,EL LIBRO DE LA SELVA,Dibujos Animados,Mowli,Baloo,Shere Khan,Wolfang Reitherman,1967,Color,DVD,
868,HOLLYWODLAND,Drama,Adrien Brody,Diane Lane,Ben Affleck,Allen Coulter,2006,Color,DVD,
869,BUFFALO BILL EN TERRITORIO TOMAHAWK,Western,Clayton Moore,Slim Andrews,Chief Thunderclouds,Bernar R. Bay,1952,ByN,DVD,
870,AFRICA RUGE,Comica,Bud Abbott,Lou Costello,Clyde Beatty,Charles Barton,1949,ByN,DVD,
871,ALIAS JESSE JAMES,Comedia,Bob Hope,Rhonda Fleming,Wendell Corey,Norman Z. McLeod,1959,Color,DVD,
872,AMOR ES JUEGO PROHIBIDO,Comedia,Bob Hope,Lucille Ball,Ruth Hussey,Melvin Frank,1960,ByN,DVD,
873,RUMBO A HONG KONG,Comedia,Bob Hope,Bing Crosby,Joan Collins,Norman Panama,1962,ByN,DVD,
874,ME EQUIVOQUE DE NUMERO,Comedia,Bob Hope,Elke Sommer,Phyllis Diller,George Marshall,1966,Color,DVD,
875,AMOR AL ESTILO SUECO,Comedia,Bob Hope,Tuesday Weld,Frankie Avalon,Frederick De Cordova,1965,Color,DVD,
876,INDIANA JONES Y LOS CAZADORES DEL ARCA PERDIDA,Aventuras,Harrison Ford,Karen Allen,Paul Freeman,Steven Spielberg,1981,Color,DVD,
877,INDIANA JONES Y EL TEMPLO DE LA PERDICION,Aventuras,Harrison Ford,Kate Kapshaw,Ke Huy Quan,Steven Spielberg,1984,Color,DVD,
878,INDIANA JONES Y LA ULTIMA CRUZADA,Aventuras,Harrison Ford,Sean Connery,Alison Doody,Steven Spielberg,1989,Color,DVD,
879,300,Aventuras,Gerald Butler,Lena Headey,Dominic West,Zack Snyder,2006,Color,DVD,
880,ANTES DE PARTIR,Drama,Jack Nicholson,Morgan Freeman,Sean Hayes,Rob Reiner,2007,Color,DVD,
881,LOS DEMONIOS DEL CIRCO (serial),Aventuras,Harry Lauter,Keith Richards,Fran Bennet,Franklin Adreon,1955,ByN,DVD,
882,ISIDORO,Dibujos Animados,Dady Brieva,Luciana Salazar,Miguel del Sel,José Luis Massa,2007,Color,DVD,"Las peripecias del simpático personaje creado por Dante Quinterno.
14-09-2007 Movie Center Montevideo y Portones. Grupo Cine Ejido y Punta Carretas."
883,DESDE EL INFIERNO,Suspenso,Johnny Depp,Heather Graham,Ian Holm,Albert Hughes,2001,Color,DVD,
884,MEJOR …IMPOSIBLE,Comedia,Jack Nicholson,Helent Hunt,Greg Kinnear,James l. Brooks,1997,Color,DVD,
885,ALFRED HITCHCOCK PRESENTA 2DA Temp.,Suspenso,John Williams,Jessica Tandy,Claude Rains,Alfred Hitchcock,1956,Color,DVD,
886,LA MALDICION DEL PERLA NEGRA,Aventuras,Johnny Depp,Geoffrey Rush,Orlando Bloom,Gore Verbinski,2003,Color,DVD,
887,HOMBRES DE LA MONTAÑA,Western,Charlton Heston,Brian Keith,Victoria Racimo,Richard Lang,1980,Color,DVD,
888,HEREDARAS EL VIENTO,Drama,Spencer Tracy,Fredric March,Gene Kelly,Stanley Kramer,1960,ByN,DVD,
889,EL TREN DE LAS 3:10 A YUMA,Western,Glenn Ford,Van Heflin,Felicia Farr,Delmer Daves,1957,ByN,DVD,
890,EL TREN DE LAS 3:10 A YUMA,Western,Russel Crowe,Christian Bale,Peter Fonda,James Mangold,2007,Color,DVD,
891,EL BAÑO DEL PAPA,Drama,Cesar Troncoso,Virginia Mendez,Virginia Ruiz,Cesar Charlone,2007,Color,DVD,"11-07-2007 Plaza.
Las esperanzas de algunos habitantes de una ciudad del interior con hacer negocios con la llegada del Papa"
892,LAURA,Cine Negro,Gene Tierney,Dana Andrews,Clifton Webb,Otto Preminger,1944,ByN,DVD,Fecha de estreno en Uruguay: 8/08/1945  Cine: Trocadero
893,YO CREO EN TI,Cine Negro,James Stewart,Richard Conte,Lee J.Cobb,Henry Hathaway,1948,ByN,DVD,Fecha de Estreno en Uruguay: 24/11/1948 Cine: trocadero
894,PANICO EN LAS CALLES,Cine Negro,Richard Widmark,Paul Douglas,Barbara Bel Geddes,Elia Kazan,1950,ByN,DVD,Fecha de estreno en Uruguay:22/06/1951 Cine: California
895,LA CASA DEL SOL NACIENTE,Cine Negro,Robert Stack,Robert Ryan,Shirley Yamaguchi,Samuel Fuller,1955,Color,DVD,Estreno en ROU: 19/10/1955 Cine: Censa
896,LA CALLE SIN NOMBRE,Cine Negro,Mark Stevens,Richard Widmark,Lloyd Nolan,William Keighley,1948,ByN,DVD,Estreno en ROU: 15/12/1948 Cine:Trocadero
897,EL CALLEJON DE LAS ALMAS PERDIDAS,Cine Negro,Tyrone Power,Joan Blondell,Coleen Gray,Edmund Goulding,1947,ByN,DVD,Estreno en ROU:1/09/1948 Cine: Trocadero
898,LA CASA DE LA CALLE 92,Cine Negro,William Eythe,Lloyd Nolan,Signe Hasso,Henry Hathaway,1945,B&N,DVD,Estreno en ROU: 14/03/1946 Cine: Radio City
899,SOLO EN LA NOCHE,Cine Negro,John Hodiak,Nancy Guild,Lloyd Nolan,Joseph L. Mankiewicz,1946,B&N,DVD,Fecha de estreno en ROU: 19/02/1947 Cine:Trocadero
901,ENVUELTO EN LAS SOMBRAS,Cine Negro,Mark Stevens,Lucille Ball,Clifton Webb,Henry Hathaway,1946,B&N,DVD,fecha de estreno en ROU: 19/12/1946 Cine: Radio City
902,EL BESO DE LA MUERTE,Cine Negro,Victor Mature,Brian Donlevy,Coleen Gray,Henry Hathaway,1947,B&N,DVD,Estreno en ROU: 6/05/1948 Cine Radio City
903,CUANDO TERMINA EL CAMINO,Cine Negro,Dana Andrews,Gene Tierney,Gary Merril,Otto Preminger,1950,B&N,DVD,
904,EL ODIO ES CIEGO,Cine Negro,Richard Widmark,Linda Darnell,Sidney Poitier,Joseph L Mankiewicz,1950,B&N,DVD,Estreno en ROU:3/04/1951 Cine California
905,¿ANGEL O DIABLO?,Cine Negro,Dana Andrews,Alicia Faye,Linda Darnell,Otto Preminger,1945,B&N,DVD,Estreno en ROU: 24/04/1946 Cine Trocadero
906,TRAGICA SOSPECHA,Cine Negro,Richard Basehart,Valentina Cortese,William Lundigan,Robert Wise,1951,B&N,DVD,Estreno en ROU: 28/01/1952 Cine California
907,CRIMEN SIN CASTIGO,Cine Negro,Dana Andrews,Jane Wyatt,Lee J. Cobb,Elia Kazan,1947,B&N,DVD,Estreno en ROU: 7/01/ 1948 Cine Trocadero
908,SANGRE DE MI SANGRE,Cine Negro,Edward Robinson,Susan Hayward,Richard Conte,Joseph L Mankiewicz,1949,B&N,DVD,"Estreno en ROU 17/05/1950 Cine Ambassador, California"
909,ME DESPIERTO GRITANDO,Cine Negro,Betty Grable,Victor Mature,Carole Landis,Bruce Humberstone,1941,B&N,DVD,Estreno en ROU:3/12/1942 Cine: Ambassador
910,¿QUIEN MATO A VICKI LYNN?,Cine Negro,Jeanne Crain,Jean Peters,Richard Boone,Harry Horner,1953,B&N,DVD,Estreno en ROU: 2/07/1954 Cine California
911,LA MUERTE VISTE DE BLANCO,Cine Negro,Vincent Price,Lynn Bari,Frank Latimore,Alfred Werker,1946,B&N,DVD,Estreno en ROU: 17/10/1946 Cine Radio City
912,HORAS DE ESPANTO,Cine Negro,Paul Douglas,Richard Basehart,Barbara Bel Geddes,Henry Hathaway,1951,B&N,DVD,"Estreno en ROU 27/11/1951 Cine California
Título Original: Forteen Hours"
913,LA VIUDA NEGRA,Cine Negro,Ginger Rogers,Van Heflin,Gene Tierney,Nunnally Johnson,1954,B&N,DVD,"Estreno en ROU:1/08/1955 Cine California
Título Original: Black Widow"
914,DAISY KENYON(ENTRE EL AMOR Y EL PECADO),Cine Negro,Joan Crawford,Dana Andrews,Henry Fonda,Otto Preminger,1947,B&N,DVD,"Estreno en ROU: 12/05/1948 Cine Trocadero
Título Original: Daisy Kenyon"
915,EL MISTERIO DEL CAMAROTE B16,Cine Negro,Jeanne Crain,Michael Rennie,Casey Adams,Joseph M. Newman,1953,B&N,DVD,"Estreno en ROU: 10/03/ 1954 Cine California
Título Original: Dangerous Crossing"
916,LA TABERNA DEL CAMINO,Cine Negro,Ida Lupino,Cornel Wilde,Richard Widmark,Jean Negulesco,1948,B&N,DVD,Fecha de Estreno: 6/07/1949 Cine California
917,BORRASCA,Cine Negro,Jean Gabin,Ida Lupino,Thomas Mitchell,Archie Mayo,1942,B&N,DVD,Fecha de Estreno: 24/09/1942 Cine Ambassador
918,EL TIGRE DE LA CHINA,Drama,Victor Mature,Li Li Hua,Ward Bond,Frank Borzage,1958,B&N,DVD,Fecha de estreno: 12/03/1959 Cine California
919,HOMBRES SIN DESTINO,Western,Randolph Scott,Gail Russell,Lee Marvin,Budd Boetticher,1956,Color,DVD,Fecha de estreno en ROU: 5/10/1959 IGUAZU
920,UNA NOCHE EN LA OPERA,Comedia,Groucho Marx,Chico Marx,Margarett Dumont,Sam Wood,1935,B&N,DVD,Fecha de estreno en ROU:19/11/1936 Cine metro
921,UN DIA EN LAS CARRERAS,Comedia,Groucho Marx,Chico Marx,Maureen O'Sullivan,Sam Wood,1937,B&N,DVD,Fecha de Estreno en ROU: 8/10/1937 Metro
922,SERVICIO DE HOTEL,Comedia,Groucho Marx,Chico Marx,Lucille Ball,William A. Seiter,1938,B&N,DVD,Fecha de estreno en ROU: 22/10/1939 Cine REX
923,LOS HNOS MARX EN EL CIRCO,Comedia,Groucho Marx,Chico Marx,Kenny Baker,Edward Buzzell,1938,B&N,DVD,Fecha de estreno en ROU:12/04/1940 Cine METRO
924,LOS HNOS MARX EN EL OESTE,Comedia,Groucho Marx,Chico Marx,John Carroll,Edward Buxxell,1938,B&N,DVD,Fecha de estreno en ROU:6/06/1941  Cine METRO
925,TIENDA DE LOCURAS,Comedia,Groucho Marx,Chico Marx,Margaret Dumont,Charles Riesner,1941,B&N,DVD,fecha de estreno en ROU: 27/03/1942 Cine: METRO
926,UNA NOCHE EN CASABLANCA,Comedia,Groucho Marx,Chico Marx,Charles Drake,Archie Mayo,1946,B&N,DVD,Fecha de estreno en ROU: 16/10/1946 TROCADERO
927,EL AMO DEL RANCHO,Western,William Boyd,Rusell Hayden,Harvey Clark,Lesley Selander,1938,B&N,DVD,"Fecha de Estreno en ROU: 8/02/1939
Cine Ambassador.
Título Alternativo: El Héroe del Rancho."
930,EL RATA,Cine Negro,Richard Widmark,Jean Peters,Thelma Ritter,Samuel Fuller,1953,B&N,DVD,Fecha de Estreno en ROU: 15/01/1954 Censa
931,CARA DE ANGEL,Cine Negro,Robert Mitchum,Jean Simmons,Mona Freeman,Otto Preminger,1952,B&N,DVD,Fecha de Estreno en ROU: 4/02/1955 Central
932,SEX AND THE CITY LA PELICULA,Drama,Sara Jesssica Parker,Kim Catrall,Kristin Davis,Michael P King,2008,Color,DVD,
933,VIAJE AL CENTRO DE LA TIERRA,Aventuras,James Mason,Pat Boone,Arlene Dahl,Henry Levin,1960,Color,DVD,
934,VIAJE AL CENTRO DE LA TIERRA,Aventuras,Brandan Fraser,Josh Hutcherson,Anita Brien,Eric Brevig,2008,Color,DVD,
935,SANGRE EN LAS CALLES,Western,Joel McCrea,Julie Adams,Nancy Gates,Joseph Newman,1959,Color,DVD,
936,EL JARDIN DEL DIABLO,Western,Gary Cooper,Richard Widmark,Susan Hayward,Henry Hathaway,1954,Color,DVD,
937,LOS ARISTOGATOS,Dibujos Animados,Thomas O'Malley,Eva Gabor,Sterling Holloway,Wolfang Reitherman,1970,Color,DVD,
938,SHREK III,Dibujos Animados,Miky Miers,Eddie Murphy,Cameron Diaz,Chris Miller,2007,Color,DVD,
939,EL REBOZO DE SOLEDAD,Drama,Arturo de Córdova,Pedro Armendariz,Stella Inda,Roberto Gavaldón,1952,B&N,DVD,27-10-1952 Iguazú
940,LOS OLVIDADOS,Drama,Roberto Cobo,Miguel Inclán,Stella Inda,Luis Buñuel,1950,B&N,DVD,"16-07-1951 Coventry
 La marginalidad de un grupo de niños en el México de los años 50 del siglo XX."
941,INCIDENT AT VICTORIA FALLS,Policial,Christopher Lee,Patrick Macnee,Jenny Seagrove,Bill Corcoran,1992,Color,DVD,
942,SHERLOCK HOLMES Y LA PRIMA DONNA,Policial,Christopher Lee,Patrick Macnee,Morgan Fairchild,Peter Sasdy,1992,Color,DVD,
944,P.D. TE QUIERO,Comedia,Hilary Swank,Gerard Butler,Lisa Kudrow,Richard Lagravense,2007,Color,DVD,"25-04-2008 Movie Center Portones, Pta Carretas, Alvabeta Hoyts"
945,UN TIRO EN LA NOCHE,Comedia,Peter Sellers,Elke Sommer,Herbert Lom,Blake Edwards,1964,Color,DVD,
946,EL RETORNO DE LA PANTERA ROSA,Comedia,Peter Sellers,Christopher Plummer,Catherine Schell,Blake Edwards,1975,Color,DVD,01-04-1976 Censa
947,RETORNO AL PASADO(Out of the past),Cine Negro,Robert Mitchum,Jane Greer,Kirk Douglas,Jacques Tourneur,1947,B&N,DVD,"28-10-1948 Radio City} 
  En una pequeña localidad perdida en las colinas de Caifornia Robert Mitchum lleva una vida sencilla trabajando en una gasolinera. Un día aparece un viejo conocido llamado Joe, anunciándole que ""el jefe"" quiere verle, se verá obligado a explicarle a su prometida su vida pasada."
949,EL ASESINO VIVE EN EL 21,Policial,Pierre Fresnay,Suzy Delair,Jean Tissier,Henri-Georges Clouzot,1942,B&N,DVD,03-08-1950 Central.
950,LA FURIA DE TARZAN,Aventuras,Lex Barker,Dorothy Hart,Tommy Carlton,Cyril Endfield,1952,B&N,DVD,06-07-1953 Ambassador
951,MAGNOLIAS DE ACERO,Drama,Shirley MacLaine,Julia Roberts,Sally Field,Herbert Ross,1989,Color,DVD,"3-05-1990 Nuevo Ambassador, Montevideo Shopping"
952,MUJERES,Comedia,Meg Ryan,Annette Bening,Eva Mendes,Diane English,2008,Color,DVD,"5-06-2009 Casablanca,Alfabeta Hoyts"
953,LO QUE QUEDA DEL DIA,Drama,Anthony Hopkins,Emma Thompson,James Fox,James Ivory,1993,Color,DVD,"11-03-1994 Californai, Alfa"
954,MAMMA MIA !,Musical,Meryl Streep,Pierce Brosnan,Colin Firth,Phyllida Lloyd,2008,Color,DVD,
955,ROMEO Y JULITA,Comedia,Amelita Vargas,Alfredo Barbieri,Esteban Serrador,Enrique Carreras,1954,B&N,DVD,"3-05-1954 Ambassador
  Una pareja de novios busca casa alquila un apartamento que resulta estar ocupado por otra persona."
956,SIMPLEMENTE UNA ROSA,Musical,Leonardo Favio,Erika Walner,Silvina Rada,Emilio Vieyra,1971,Color,DVD,"25-02-1972 Censa
 Filmada para aprovechar el éxito de Favio como cantante"
957,TRAVESURAS DE UNA BRUJA,Comedia,Angela Lansbury,David Tomlinson,Roddy McDowall,Robert Stevenson,1971,Color,DVD,
958,LA CLAVE SECRETA  (Serial),Policial,Paul Kelly,Anne Nagel,Clancy Cooper,Spencer Bennet,1942,B&N,DVD,
959,El INVASOR MARCIANO (Serial),Ciencia Ficción,Walter Reed,Lois Collier,Gregory Gay,Fred Brannon,1950,B&N,DVD,
960,TOM AND JERRY,Dibujos Animados,Tom,Jerry,,Fred Quimby,1950,Color,DVD,
961,VIGILANTES AEREOS,Comica,Stan Laurel,Oliver Hardy,Edgar Kennedy,Edward Sedgwick,1943,B&N,DVD,
962,COCINEROS DEL REY,Comica,Stan Laurel,Oliver Hardy,Mary Boland,Sam Taylor,1944,B&N,DVD,
963,BATMAN EL CABALLERO DE LA NOCHE,Aventuras,Christian Bale,Michael Caine,Heath Ledger,Christopher Nolan,2008,Color,DVD,
965,CUIDADO LLEGARON LOS  DETECTIVES,Policial,Michael Caine,Ben Kingsley,Jefrey Jones,Tom Eberhardt,1988,Color,DVD,
966,EL PADRINO,Policial,Marlon Brando,Al Pacino,Diane Keaton,Francis Ford,1972,Color,DVD,"10-08-1972 Censa, California"
967,EL PADRINO II,Policial,Al Pacino,Robert de Niro,Diane Keaton,Francis Ford Cop,1974,Color,DVD,"2-10-1975 Metro, Censo"
968,EL PADRINO III,Policial,Al Pacino,Diane Keaton,Andy Garcia,Francis Ford,1980,Color,DVD,8-03-1991 Cinemetro
969,EL PROFESOR DISTRAIDO,Comedia,Fred MacMurray,Nancy Olson,Tommy Kirk,Robert Stevenson,1961,Color,DVD,22-04-1963 18 de Julio
971,COMO CASI SE PERDIO EL OESTE,Western,Burt Lancaster,Lee Remick,Jim Hutton,John Sturges,1965,Color,DVD,1-01-1967 Radio City
972,BANDIDAS,Western,Salma Hayek,Penélope Cruz,Steve Zahn,Joachim Roenning,2006,Color,DVD,
973,CUATRO MUJERES Y UN DESTINO,Western,Madeleine Stowe,Mary Stuart,Drew Barrymore,Jonathan Kaplan,1994,Color,DVD,"22-07-1994 Nuevo Ambassador, Alfa"
974,LO QUE LA TIERRA HEREDA,Western,Spencer Tracy,Robert Wagner,Katy Jurado,Edward Dmytryk,1954,Color,DVD,1-01-1955 Censa
975,CASTA BRAVIA,Western,James Stewart,Maureen O'Hara,Brian Keith,Andrew V McLaglen,1966,Color,DVD,
976,JUNTOS HASTA LA MUERTE,Western,Joel McCrea,Virginia Mayo,Dorothy Malone,Raoul Walsh,1949,B&N,DVD,"17-03-1952 Plaza
  Un pistolero decidido a dejar la mala vida se enamora de una mujer y tratan de llegar a la frontera."
977,SASKATCHEWAN(CASACA ROJA),Western,Alan Ladd,Shelley Winters,J. Carroll Naish,Raoul Walsh,1954,Color,DVD,24-02-1955 Censa
978,MUERTE A MEDIAS,Western,Randolph Scott,Joan Leslie,Ellen Drew,Andre de Torh,1951,Color,DVD,
980,LOS JINETES DE LA MUERTE(serial),Western,Lon Chaney Jr,Buck Jones,Leo Carrillo,Ford beebe,1941,B&N,DVD,
981,LA HORA DE LA PISTOLA,Western,James Garner,Jason Robards,Robert Ryan,John Sturges,1967,Color,DVD,
982,ENCUBRIDORA,Western,Marlene Dietrich,Mel Ferrer,Arthur Kennedy,Fritz Lang,1952,Color,DVD,
983,EL EXTRAÑO AMOR DE MARTHA IVERS,Cine Negro,Barbara Stanwyck,Van Heflin,Kirk Douglas,Lewis Milestone,1946,B&N,DVD,
984,JULIO CESAR,Drama,Marlon Brando,James Mason,John Gielgud,Joseph  Mankiewicz,1953,B&N,DVD,6-05-1954 Metro
985,PASION DIABOLICA (Black Angel),Cine Negro,Dan Duryea,June Vincent,Peter Lorre,Roy William Neill,1946,B&N,DVD,
986,SIN LEY Y SIN ALMA /Criss Cross),Cine Negro,Burt Lancaster,Yvonne DeCarlo,Dan Duryea,Robert Siodmak,1949,B&N,DVD,28-09-1949 California
987,EL RELOJ ASESINO,Cine Negro,Ray Milland,Charles Laughton,Maureen O'Sullivan,John Farrow,1948,B&N,DVD,
988,LOS SOBORNADOS (The big heat),Cine Negro,Glenn Ford,Gloria Grahame,Lee Marvin,Fritz Lang,1953,B&N,DVD,
989,CONSPIRACION DEL SILENCIO,Cine Negro,Spencer Tracy,Robert Ryan,Anne Francis,John Sturges,1955,Color,DVD,
990,AYUDE A SU COMISARIO,Western,James Garner,Joan Hackett,Walter Brennan,Burt Kennedy,1968,Color,DVD,
992,HERENCIA DE MUERTE,Western,Fred MacMurray,Henry Fonda,Sylvia Sidney,Henry Hathaway,1936,Color,DVD,
993,NO ME IRE SIN MI HIJA,Drama,Sally Field,Alfred Molina,Sheila Rosenthal,Brian Gilbert,1991,Color,DVD,
995,EL CHARRO INMORTAL,Musical,Jorge Negrete,María Felix,Luis Aguilar,Rafael Portas,0,Color,DVD,
996,LA SEÑAL,Policial,Ricardo Darín,Julieta Diaz,Diego Peretti,Ricardo Darín,2007,Color,DVD,"19-10-2007 Movie Center, Grupo Cine.
Actividad de un detective en los días de la muerte de Eva Perón."
997,EL SECRETO DE SUS OJOS,Policial,Ricardo Darín,Rosario Villamil,Guillermo Francella,Juan J Campanella,2009,Color,DVD,"16-10-2009
La búsqueda del responsable del asesinato de una chica durante la dictadura argentina."
998,LOS CAZADORES DE TESOROS,Dibujos Animados,Tom,Jerry,,Scott Jeralds,2007,Color,DVD,
999,UN REY EN NUEVA YORK,Comedia,Charles Chaplin,Dawn Adams,Oliver Johnston,Charles Chaplin,1957,B&N,DVD,
1000,CARLITOS BOMBERO,Comica,Charles Chaplin,Edna Purviance,Eric Campbell,Charles Chaplin,1916,B&N,DVD,
1001,BATMAN (Serie TV Completa),Aventuras,Adam West,Burt Ward,Alan Napier,Leslie H. Mortinson,1966,Color,DVD,
1002,NUESTRO AÑOS FELICES,Drama,Barbra Streisand,Robert Redford,Bradford Dillman,Sidney Pollack,1973,Color,DVD,
1003,"EL ENIGMA DEL COLLAR(Murder,my sweet)",Cine Negro,Dick Powell,Claire Trevor,Anne Shirley,Edward Dmytryk,1945,B&N,DVD,
1004,ESTIGMA PASIONAL,Cine Negro,Barbara Stanwyck,Sterling Hayden,Raymond Burr,Gerd Oswald,1956,B&N,DVD,
1005,CHARLIE CHAN Y EL CAMELLO NEGRO,Policial,Warner Oland,Bela Lugosi,Sally Eilers,Hamilton Mac Fadden.,1931,B&N,DVD,Fecha De Estreno en ROU 21/04/1932 Rex Theatre
1006,CHARLIE CHAN EN LONDRES,Policial,Warner Oland,Drue Leyton,Raymond Milland,Eugene Forde,1934,B&N,DVD,
1007,CHARLIE CHAN EN PARIS,Policial,Warner Oland,Mary Brian,Erik Rhodes,Lewis Seiler,1935,B&N,DVD,
1008,CHARLIE CHAN EN EGIPTO,Policial,Warner Oland,Pat Peterson,Rita Cansino,Louis King,1935,B&N,DVD,Fecha de estreno en ROU: 26/02/1936 Cine Azul
1009,CHARLIE CHAN EN SHANGHAI,Policial,Warner Oland,Irene Hervey,Keye Luke,James Tinling,1935,B&N,DVD,FECHA DE ESTRENO EN ROU: 5/05/1936 Teatro Artigas
1010,EL SECRETO DE CHARLIE CHAN,Policial,Warner Oland,Rosina Lawrence,Charles Quigley,Gordon Wiles,1936,B$N,DVD,Fecha de estreno en ROU 14/07/ 1936 Teatro Artigas
1011,CHARLIE CHAN EN EL CIRCO,Policial,Warner Oland,Keye Luke,George Brasno,Harry Lachman,1936,B&N,DVD,Fecha de estreno en ROU 25/08/1936 Cine Mogador
1012,CHARLIE CHAN EN LA PISTA,Policial,Warner Oland,Keye Luke,Helen Wood,H.Bruce Humberstone,1936,B&N,DVD,Fecha de estreno en ROU 8/01/1937 Mogador
1013,CHARLIE CHAN EN LA OPERA,Policial,Warner Oland,Boris Karloff,Keye Luke,H.Bruce Humberstone,1936,B&N,DVD,Fecha de Estreno en ROU 30/04/1937 Mogador
1014,CHARLIE CHAN EN LAS OLIMPIADAS,Policial,Warner Oland,Keye Luke,Katherine DeMille,H.Bruce Humberstone,1937,B&N,DVD,Facha de estreno en ROU 27/07/1937 Ambassador
1015,CHARLIE CHAN EN BROADWAY,Policial,Warner Oland,Keye Luke,J Edward Bromberg,Eugene Forde,1937,B&N,DVD,Facha de estreno en ROU 6/02/1937 Metro
1016,CHARLIE CHAN EN MONTECARLO,Policial,Warner Oland,Keye Luke,Virginia Field,Eugene Forde,1937,B&N,DVD,
1017,CHARLIE CHAN EN HONOLULU,Policial,Sidney Toler,Sen Yung,Phyllis Brooks,H.Bruce Humberstone,1938,B&N,DVD,
1018,CHARLIE CHAN EN RENO,Policial,Sidney Toler,Ricardo Cortez,Phyllis Brooks,Norman Foster,1939,B&N,DVD,
1019,CHARLIE CHAN EN LA ISLA DEL TESORO,Policial,Sidney Toler,Cesar Romero,Pauline Moore,Norman Foster,1939,B&N,DVD,
1020,CHARLIE CHAN EN LA CIUDAD DE LAS TINIEBLAS,Policial,Sidney Toler,Lynn Bari,Richard Clarke,Herbert I Leeds,1939,B&N,DVD,
1021,CHARLIE CHAN EN ELVIAJE DE LA MUERTE,Policial,Sidney Toler,Marjorie Weaver,Lionel Atwill,Eugene Forde,1940,B&N,DVD,
1022,CHARLIE CHAN EN PANAMA,Policial,Sidney Toler,Jean Rogers,Lionel Atwill,Norman Foster,1940,B&N,DVD,
1023,CHARLIE CHAN EN NEW YORK,Policial,Sidney Toler,Marjorie Weaver,Robert Lowery,Harry Lachman,1940,B&N,DVD,
1024,CHARLIE CHAN EN EL MUSEO DE CERA,Policial,Sidney Toler,Lynn Shores,Sen Young,Lynn Shores,1940,B&N,DVD,
1025,CHARLIE CHAN Y LOS MUERTOS QUE MATAN,Policial,Sidney Toler,Sheila Ryan,Robert Weldon,Harry Lachman,1941,B&N,DVD,
1026,CHARLIE CHAN EN RIO,Policial,Sidney Toler,Mary Beth Hughes,Victor Jory,Harry Lachman,1941,B&N,DVD,
1027,CHARLIE CHAN Y EL CASTILLO DEL DESIERTO,Policial,Sidney Toler,Arleen Whelan,Richard Derr,Harry Lachman,1942,B&N,DVD,
1028,CHARLIE CHAN EN EL SERVICIO SECRETO,Policial,Sidney Toler,Mantan Moreland,Gwen Kenyon,Phil Rosen,1944,B&N,DVD,
1029,CHARLIE CHAN  Y EL GATO CHINO,Policial,Sidney Toler,Mantan Moreland,Benson Fog,Phil Rosen,1944,B&N,DVD,
1030,CHARLIE CHAN EN EL ENCUENTRO A MEDIANOCHE,Policial,Sidney Toler,Mantan Moreland,Frances Chan,Phil Rosen,1944,B&N,DVD,
1031,CHARLIE CHAN Y LA MASCARA DE JADE,Policial,Sidney Toler,Mantan Moreland,Edwin Luke,Phil Rosen,1945,B&N,DVD,
1032,CHARLIE CHAN Y LA HUELLA SANGRIENTA,Policial,Sidney Toler,Mantan Moreland,Ben Carter,Phil Rosen,1945,B&N,DVD,
1033,CHARLIE CHAN  Y LA COBRA DE SHANGHAI,Policial,Sidney Toler,Mantan Moreland,Benson Fog,Phil Karlson,1945,B&N,DVD,
1034,CHARLIE CHAN (DARK ALIBI),Policial,Sidney Toler,Mantan Moreland,Benson Fog,Phil Karlson,1946,B&N,DVD,
1035,CHARLIE CHAN Y EL DINERO PELIGROSO,Policial,Sodney Toler,Gloria Warren,Kirk Allyn,Terry Morse,1946,B&N,DVD,
1036,CHARLIE CHAN THE TRAP,Policial,Sidney Toler,Mantan Moreland,Sen Young,Howard Bretherton,1946,B&N,DVD,
1037,CHARLIE CHAN Y EL ANILLO CHINO,Policial,Roland Winters,Mantan Moreland,Sen Young,William Beaudine,1947,B&N,DVD,
1038,RUMBO A SINGAPUR,Comedia,Bob Hope,Bing Crosby,Dorothy Lamour,Victor Schertinger,1940,B&N,DVD,
1039,RUMBO A ZANZIBAR,Comedia,Bob Hope,Bing Crosby,Dorothy Lamour,Victor Schertzinger,1941,B&N,DVD,
1040,RUMBO A MARRUECOS,Comedia,Bob Hope,Bing Crosby,Dorothy Lamour,David Butler,1942,B&N,DVD,
1041,RUMBO A UTOPIA,Comedia,Bob Hope,Bing Crosby,Dorothy Lamour,Hal Walker,1946,B&N,DVD,
1042,EL DELATOR,Drama,Victor Mc Laglen,Heather Angel,Preston Foster,John Ford,1935,B&N,DVD,
1043,LA PATRULLA PERDIDA,Bélica,Victor Mc Laglen,Boris Karloff,Wallace Ford,John Ford,1934,B&N,DVD,"THE LOST PATROL USA 1934 Guión:Dudley Nichols. Música Max Steiner.
   En pleno desierto del Sahara se pierde una patrulla inglesa ya que el oficial a cargo muere y no ha dejado indicación alguna sobre los objetivos de la misión. Los nueve hombres alcanzan a llegar a un oasis. La preesencia de los árabes es invisible quienes matan a sus caballos y a dos de sus hombres. Lo que da fuerza al fiml es el estudio de los personajes angustiados por un enemigo invisible.
   Max Steiner recibió el Oscar de la Academia
                                                             EPOCA Video Ediciones"
1044,CON LA MUSICA EN EL ALMA,Drama,Francisco Canaro,Andrés Poggio,Tito Lusiardo,Luis Bayón Herrera,1951,B&N,DVD,"28-03-1951 Coventry
  Un famoso director de orquesta protege a un chico."
1045,EL CONDE DE MONTECRISTO,Aventuras,Jorge Mistral,Santiago Gomez Cou,Elina Colomer,León Klimovsky,1953,B&N,DVD,"8-09-1953 Coventry
 Las aventuras de Edmundo Dantés.
Produccion con titulo internacional para tratar de recuperar mercados que se iban perdiendo por el desarrollo del cine mexicano.
 Tal vez por esa razón se contrató un actor de esa nacionalidad.
 Entretenido"
1046,LA MANO QUE APRIETA,Comica,Alfredo Barbieri,Amelita Vargas,Mario Baroffio,Enrique Carreras,1953,B&N,DVD,"5-03-1953 Central
  Para hacerse de una herencia, tres parientes quieren matar a una millonaria. Se entromete un médico alocado que resulta ser detective."
1047,LA TIA DE CARLITOS,Comica,Alfredo Barbieri,Juan C. Altavista,Olga Gatti,Enrique Carreras,1953,B&N,DVD,"18-05-1953 Ambassador
  Dos jóvenes convencen a una amigo que pase por su tía."
1048,TURBION,Cine Negro,Francisco Patrone,Luisa Vehil,Francisco Alvarez,Antonio Momplet,1938,B&N,DVD,"02-11-1938 Ambassador
  Dos bandas de traficantes de drogas enfrentadas.
  Entretenido y agil film. Muy poco citado cuando se habla de los inicios del género en el cine rioplatense."
1049,TITANIC,Drama,Clifton Webb,Barbara Stanwyck,Audrey Dalton,Jean Negulesco,1953,B&N,DVD,
1051,SILVERADO,Western,Kevin Kline,Scott Glenn,Kevin Costner,Lawrence Kasdan,1985,Color,DVD,
1052,RIO CONCHOS,Western,Stuart Whitman,Richard Boone,Tony Franciosa,Gordon Douglas,1964,Color,DVD,
1053,LA FIEBRE DEL ORO,Western,Glenn Ford,Ida Lupino,Gig Young,S Sylvan Simon,1949,B&N,DVD,
1054,UN PIE EN EL INFIERNO,Western,Alan Ladd,Don Murray,Dan O'Herlihy,James B Clark,1960,Color,DVD,
1055,HOGUERAS DE ODIO,Western,Charlton Heston,Jack Palance,Katy Jurado,Charles Marquis Warren,1953,Color,DVD,
1056,HOMBRES O BESTIAS,Western,William Holden,John Forsythe,Eleanor Parker,John Sturges,1953,Color,DVD,
1057,EL PRECIO DE UN HOMBRE,Western,James Stewart,Janet Leight,Robert Ryan,Anthony Mann,1953,Color,DVD,
1058,TIERRA GENEROSA,Western,Dana Andrews,Brian Donlevy,Susan Hayward,Jacques Tourneur,1946,Color,DVD,
1059,LA CIUDAD SIN LEY,Western,Richard Widmark,Lena Horne,John Saxon,Don Siegel,1969,Color,DVD,
1060,EL UNICO TESTIGO,Western,William Boyd,Jimmy Ellison,Muriel Evans,Howard Bretherton,1936,B&N,DVD,
1061,PISTOLERO,Western,Robert Mitchum,Angie Dickinson,Robert Walker,Burt Kennedy,1969,Color,DVD,
1062,BAJO DOS BANDERAS,Aventuras,Ronald Colman,Claudette Colbert,Victor McLaglen,Frank Lloyd,1936,B&N,DVD,
1064,ATLANTIDA EL CONTINENTE PERDIDO,Aventuras,Anthony Hall,Joyce Taylor,John Dall,George Pal,1961,Color,DVD,
1065,EL FORAJIDO,Western,Jane Russell,Jack Beutel,Thomas Mitchell,Howard Hughes,1943,B&N,DVD,"16-04-1951 Trocadero, Eliseo
Billy the kid, temido en muchas zonas del viejo oeste, se enamora de una hermosa chica y huye de las autoridades por haber matado a una persona. Recibe la ayuda de Pat Garrett y Doc Holliday.
Estrenada en Montevideo como"" El Proscripto"". Otro título alternativo ""El Bandido"""
1066,DIVORCIO EN MONTEVIDEO,Comedia,Enrique Serrano,Nini Marshall,Sabina Olmos,Manuel Romero,1939,B&N,DVD,"10-08-1939 Radio City
Para cobrar una herencia un hombre debe casarse. Lo hace con el divorcio planificado,pero…
  Es la primera de una serie a la que le siguen"" Casamiento en Buenos Aires"" y ""Luna de miel en Rio""."
1067,CASAMIENTO EN BUENOS AIRES,Comedia,Enrique Serrano,Nini Marshall,Sabina Olmos,Manuel Romero,1940,B&N,DVD,"18-07-1940 Radio City.
Dos amigas sufren el alejamiento de sus hombres tentadas por los encantos de dos vampiresas."
1068,LUNA DE MIEL EN RIO,Comedia,Enrique Serrano,Nini Marshall,Juan C. Thorry,Manuel Romero,1940,B&N,DVD,"15-03-1941 Radio City.
Catita y su esposo viajan a Rio de Janeiro para pasar su luna de miel. Conocerán a un timador que intenta estafarlos.
 Secuela de"" Divorcio en Montevideo"" y"" Casamiento en Buenos Aires"".
 Es la mejor filmada de las tres.
 Todas las actuaciones se destacan. No solo Nini Marshall y Enrique Serrano, también Tito Lusiardo, Enrique Roldán en sus habituales roles de villano y el siempre correcto Juan Carlos Thorry."
1069,ADOLESCENCIA,Comedia,Angel Magaña,Mirtha Legrand,Felisa Mary,Francisco  Mugica,1942,B&N,DVD,"2-04-1942 Ambassador
Una chica se enamora de un joven llegado de Estados Unidos y desplaza al novio de su infancia.
 En el camino del éxito de ""Los martes orquídeas"" es otra comedia ingenua con el mismo director y la estrella femenina. No tuvo el rotundo éxito de la anterior. Claro, no estaban ni Enrique Serrano ni Juan CarlosThorry."
1070,MIENTRAS LA CIUDAD DUERME,Cine Negro,Sterling Hayden,Louis Calhern,Sam Jaffe,John Huston,1950,B&N,DVD,
1071,ALMA NEGRA,Cine Negro,James Cagney,Virginia Mayo,Edmond O'Brien,Raoul Walsh,1949,B&N,DVD,"7-05-1952 Plaza, Iguazu."
1072,EL CRIMEN DEL TEATRO,Cine Negro,Lloyd Nolan,Mary Beth Hughes,Sheila Ryan,Eugene Forde,1941,B&N,DVD,26-06-1942 Ambassador
1074,RETO AL DESTINO,Cine Negro,Harry Belafonte,Robert Ryan,Shelley Winters,Robert Wise,1959,B&N,DVD,
1075,LA FAMILIA DE MI NOVIA,Comedia,Robert de Niro,Ben Stiller,Blythe Danner,Jay Roach,2000,Color,DVD,
1076,LA FAMILIA DE MI ESPOSO (FOCKERS),Comedia,Robert de Niro,Ben Stiller,Dustin Hoffman,Jay Roach,2004,Color,DVD,
1077,EL TULIPAN NEGRO,Aventuras,Alain Delon,Virna Lisi,Adolfo Marsillach,Chritian-Jaque,1964,Color,DVD,15-03-1965 Censa
1079,COMO PERDER A UN HOMBRE EN DIEZ DIAS,Comedia,Mathew McConaughey,Kate Hudson,Adam Goldberd,Donald petrie,2002,Color,DVD,
1080,ANTES DEL ATARDECER,Drama,Ethan Kawke,Julie Delpy,Julie Delpy,Richard Linklater,2004,Color,DVD,
1081,DULCE NOVIEMBRE,Drama,Keanu Reeves,Charliza Theron,Jason Isaacs,Pat O'Connor,2001,Color,DVD,
1082,BROKEN TRAIL,Western,Robert Duvall,Thomas Haden Church,Greta Scacchi,Walter Hill,2006,Color,DVD,
1083,TAMBORES DE GUERRA,Western,Alan Ladd,Audrey Dalton,Marisa Pavan,Delmer Daves,1954,Color,DVD,
1084,HONDO,Western,John Wayne,Geraldine Page,Ward Bond,John Farrow,1953,Color,DVD,
1085,NAVAJO JOE,Western,Burt Reynolds,Aldo Sanbrell,Nicoletta,Machiavelli,1966,Color,DVD,
1086,EL DESERTOR DE EL ALAMO,Western,Glenn Ford,Julia Adams,Victor Jory,Budd Boetticher,1953,Color,DVD,
1087,LA HORDA MALDITA,Western,Randolph Scott,Judith Allen,Buster Crabbe,Henry Hathaway,1933,B&N,DVD,
1088,EL CAMINO DE OREGON,Western,Kirk Douglas,Robert Mitchum,Richard Widmark,Andrew V MacLaglen,1967,Color,DVD,
1090,40 PISTOLAS,Western,Barbara Stanwyck,Barry Sullivan,Deam Jagger,Samuel Fuller,1957,B&N,DVD,
1091,LA RUTA DE LOS TEMERARIOS,Western,Victor Mature,Elaine Stewart,Faith Domergue,Francis D Lyon,1959,B&N,DVD,
1092,UN REVOLVER SOLITARIO,Western,Anthony Quinn,Katy Jurado,Peter Whitney,Harry Horner,1956,B&N,DVD,
1093,PIRATAS DE MONTERREY,Western,Maria Montez,Rod Cameron,Mikhail Rasumy,Alfred L Welker,1947,Color,DVD,
1094,EL CAZADOR DE RECOMPENSAS,Western,Randolph Scott,Dolores Dorn,Marie Windsor,Andre de Toth,1954,Color,DVD,
1095,CARSON CITY,Western,Randolph Scott,Raymod Massey,Richard Webb,Andre de Toth,1952,Color,DVD,
1096,THE ENEMY BELLOW,Bélica,Robert Mitchum,Curt Jurgens,David Hedison,Dick Powell,1957,Color,DVD,
1097,REGRESO A BATAAN,Bélica,John Wayne,Anthony Quinn,Beulah Bondi,Edward Dmytryk,1945,B&N,DVD,
1098,LA LECCION DE PIANO,Drama,Holly Hunter,Harvey Keitel,Sam Neill,Jane Campion,1993,Color,DVD,
1099,SHERLOCK HOLMES,Suspenso,Robert Downey Jr,Jude Lowe,Rachel McAdams,Guy Ritdhe,2009,Color,DVD,
1100,CUESTA ABAJO,Musical,Carlos Gardel,Mona Maris,Vicente Padula,Louis Gasnier,1934,B&N,DVD,"27-09-1934 Rex
""Por seguir tras de su huella yo bebí implacablemente en mi copa de dolor"" parte de la letra del tango homónimo.
 Un hombre va tras de una mujer que termina traicionándolo."
1101,EL TANGO EN BROADWAY,Musical,Carlos Gardel,Trini Ramos,Vicente Padula,Louis Gasnier,1934,B&N,DVD,"12-03.1935 Ariel
Un hombre vive en Nueva York a expensas de su tío quien lo cree un hombre de trabajo."
1102,EL DIA QUE ME QUIERAS,Musical,Carlos Gardel,Rosita Moreno,Tito Lusiardo,John Reinhardt,1935,B&N,DVD,"11.07-1935 Ariel, Rex
  Un hombre de fortuna se enamora de una bailarina. Se casa con ella pese a la oposición de su padre. Quedará viudo y llegará a ser un cantante famoso."
1103,TANGO BAR,Musical,Carlos Gardel,Rosita Moreno,Tito Lusiardo,John Reinhardt,1935,B&N,DVD,"5-09-1935 Rex, Ariel
  Un hombre arruinado por su pasión por el turf se embarca rumbo a España donde instala un Tango Bar."
1104,FUGITIVOS DEL INFIERNO,Bélica,Errol Flynn,Ronald Reagan,Raymond Massey,Raoul Walsh,1942,B&N,DVD,28-04-1943 Trocadero
1105,REBELION,Drama,Errol Flynn,Ann Sheridan,Walter Huston,Lewis Milestone,1943,B&N,DVD,15-07-1943 Ambassador
1106,PERSEGUIDOS,Bélica,Errol Flynn,Julie Bishop,Helmut Dantine,Raoul Walsh,1943,B&N,DVD,25-12-1945  Artigas
1107,TRES DIAS DE VIDA,Drama,Errol Flynn,Paul Lukas,Jean Sullivan,Raoul Walsh,1944,B&N,DVD,5-04-1945 Ambassador
1108,AVENTURAS EN BIRMANIA,Bélica,Errol Flynn,William Prince,James Brown,Raoul Walsh,1945,B&N,DVD,14-09-1945 Metro
1109,EL CAPITAN BLOOD,Aventuras,Errol Flynn,Olivia de Havilland,Basil Rathbone,Michael Curtiz,1935,Color,DVD,18-04-1936 Rex
1110,LAS AVENTURAS DE ROBIN HOOD,Aventuras,Errol Flynn,Olivia de Havilland,Basil Rathbone,Michael Curtiz,1938,Color,DVD,"21-07-1938 Rex, Ariel"
1111,EL HALCON DE LOS MARES,Aventuras,Errol Flynn,Brenda Marshall,Claude Reins,Michael Curtiz,1940,Color,DVD,12-09-1941 Trocadero
1112,MISS TACUAREMBO,Comedia,Natalia Oreiro,Mirella Pascual,Monica Villa,Martín Sastre,2010,Color,DVD,"1-07-2010 Movie Center y Casablanca
  Una chica de pueblo y sus sueños de triunfo."
1113,UNA NOCHE EN EL MUSEO,Comedia,Ben Stiller,Robin Williams,Carla Gugino,Shawn Levy,2006,Color,DVD,"19-01-2007 Movie Center, Hoyts, Grupocine Arocena"
1114,MILAGROS INESPERADOS,Drama,Tom Hanks,David Morse,Bonnie Hunt,Frank Darabont,1999,Color,DVD,"10-03-2000 Movie Center, Trocadero"
1116,CARTAS A JULIETA,Comedia,Amanda Seyfried,Vanessa Redgrave,Christopher Egan,Gary Winick,2010,Color,DVD,"20-08-2010 Movie Cenetr, Hoyts"
1117,EL TURISTA,Suspenso,Johnny Depp,Angelina Jolie,Timothy Dalton,Florian Henckel,2010,Color,DVD,"1-01-2011 Grupocine Arocena, Ejido, Casblanca, Movie"
1118,EL PIRATA FANTASMA (Serial),Aventuras,Richard Bailey,Linda Stirling,Roy Barcroft,Spencer Bennet,1945,B&N,DVD,"11-07-1947 en varias salas. En episodios
   Claire Forrest es hija del inventor del transmisor radioatómico de energía, el Dr William Forrest desaparecido durante una expedición a la Isla Misteriosa. Esta fue en el siglo XVIII  un penal. Claire pide ayuda al criminólogo Lance Reardon para ubicar a su padre.
   Ambos viajan y se hospedan en la mansión de los dueños de la isla sin saber que uno de ellos tiene la posibilidad de transformarse, usando una máquina, en el malvado Capitán Mephisto, un siniestro personaje que 200 años atrás había sido gobernador de la isla."
1119,VIDALITA,Comedia,Narciso Ibañez Menta,Mirtha Legrand,Fernando Lamas,Luis Saslavsky,1949,B&N,DVD,"18-07-1947 Grand Palace
Una joven para no defraudar a su abuelo se viste de varón.
Denostada por la crítica oficialista de la época, fue reconocida después por sus valores indéditos. Fue la última película de Saslavky por incompatibilidad de caracteres con el peronismo. También es la última película de Fernando Lamas antes de su incorporación al cine de Hollywood."
1120,AVENTURAS DE HUCKLEBERRY FINN,Familiar,Tony Randall,Neville Brand,Archie Moore,Michael Curtiz,1960,Color,DVD,22-12-1960 Metro
1121,ESTRELLA DEL DESTINO,Western,Clark Gable,Ava Gardner,Broderick Crawford,Vincent Sherman,1952,B&N,DVD,4-04-1952 Metro
1122,FORAJIDOS SALVAJES,Western,Jack Nicholson,Cameron Mirchel,Katherine Squire,Monte Hellman,1965,Color,DVD,
1123,HERMANOS ENEMIGOS,Western,Rock Hudson,Donna Reed,Phil Carey,Raoul Walsh,1953,Color,DVD,3-06-1955 California
1124,BANDOLERO,Western,James Stewart,Dean Martin,Raquel Welch,Andrew V Mc Laglen,1968,Color,DVD,18-11-1968 Plaza
1125,KANSAS CITY CONFIDENTIAL (LOS CUATRO DESCONOCIDOS),Cine Negro,John Payne,Coleen Grey,Preston Foster,Phil Karlson,1952,B&N,DVD,2-11-1953 Trocadero
1126,CROSSFIRE (Encrucijada de odios),Cine Negro,Robert Young,Robert Mitchum,Robert Ryan,Edward Dmytryk,1947,B&N,DVD,18-08-1948 Radio City
1127,EL ZORRO (Segunda Temporada),Aventuras,Guy Williams,Henry Calvin,Gene Sheldon,William Witney,1958,Color,DVD,
1128,DANIEL BOONE (1era Temporada),Western,Fess Parker,Ed Ames,Patricia Blair,George Sherman,1964,B&N,DVD,
1129,EL DETECTIVE ENAMORADO,Cine Negro,Lloyd Nolan,Marjorie Weaver,Joan Valerie,Eugene Forde,1941,B6N,DVD,17-08-1941 Trocadero
1130,EL HOMBRE QUE NO MURIO,Cine Negro,Lloyd Nolan,Marjorie Weaver,Henry Wilcoxon,Herbert I Leeds,1942,B&N,DVD,21-01-1943 Ambassador
1131,EL EXPRESO DEL OESTE,Cine Negro,Lloyd Nolan,Lynn Bari,Mary Beth Hughes,Eugene Forde,1941,B&N,DVD,7-01-1942 Ambassador
1132,CONTRABANDO,Cine Negro,Lloyd Nolan,Mary Beth Hughes,George Reeves,Herbert I Leeds,1942,B&N,DVD,22-10-1942 Ambassador
1133,EL LECTOR,Drama,Kate Winslet,Ralph Fiennes,David Kross,Stephen Daldry,2008,Color,DVD,"18-06-2009 Hoyts,Casablanca"
1134,QUINCE BALAS,Western,Clint Walker,Virginia Mayo,Brian Keith,Gordon Douglas,1958,B&N,DVD,"23-03-1959 Iguazú
 Un hombre acusado de asesinato rescata a una mujer de los comanches e interviene en la defensa de Fort Dobbs.
 Buen guión de Burt Kennedy que presenta ciertas coincidencias con su posterior Estación Comanche.
 Narrado enérgicamente por Gordon Douglas."
1135,VIUDA NEGRA,Policial,Debra Winger,Theresa Russell,Sami Frey,Bob Raffelson,1987,Color,DVD,20-08-1987 Grand Splendid
1136,PECADO ORIGINAL,Drama,Antonio Banderas,Angelina Jolie,Jack Thompson,Michael Cristofer,2001,Color,DVD,"21-09-2011 Grupocine Ejido, Movie Center"
1137,ASESINATO A LA ORDEN,Cine Negro,Joseph Cotten,Jean Peters,Gary Merrill,Andrew Stone,1953,B&N,DVD,13-04-1954 Luxor
1138,JACK EL DESTRIPADOR,Suspenso,Jack Palance,Constance Smith,Byron Palmer,Hugo Fregonese,1953,B&N,DVD,28-09-1954 Luxor
1139,LA LEY DEL BRAVO,Western,Robert Wagner,John Lund,Debra Paget,Robert Webb,1955,Color,DVD,6-10-1955 Censa
1141,HOMBRE,Western,Paul Newman,Fredric March,Richard Boone,Martin Ritt,1967,Color,DVD,"16-08-1967 Ambassador
   Durante un viaje en diligencia, sus ocupantes harán frente a un grupo de pistoleros que llega a sitiarles. En esta situación asoman las diferencias existentes entre los pasajeros."
1143,SUPERMAN,Ciencia Ficción,Christopher Reeve,Gene Hackman,Marlon Brando,Richard Donner,1978,Color,DVD,"30-06-1979 18 de julio, Iguazú,Casablanca"
1144,COPACABANA,Musical,Groucho Marx,Carmen Miranda,Steve Cochran,Alfred Green,1947,B&N,DVD,13-05-1948 Radio City
1145,LA DAMA EN EL LAGO,Cine Negro,Robert Montgomery,Audrey Totter,Lloyd Nolan,Robert Montgomery,1946,B&N,DVD,21-08-1947 Metro
1146,CRIMEN ORGANIZADO,Cine Negro,Robert Mitchum,Lizabeth Scott,Robert Ryan,John Cromwell,1951,B&N,DVD,Fecha de estreno: 17-08-1953 Cine Trocadero
1147,MERCADO HUMANO,Cine Negro,Ricardo Montalban,George Murphy,Howard Da Silva,Anthony Mann,1949,B&N,DVD,Fecha de estreno: 5-07-1951 Cine Metro
1148,PASAPORTE A LA MUERTE,Cine Negro,Robert Mitchum,Jane Russell,Vincent Price,John Farrow,1951,B&N,DVD,Fecha de estreno 26-04-1954 Cine Trocadero
1149,ODIO EN EL ALMA,Cine Negro,Ida Lupino,Robert Ryan,Ward Bond,Nicholas Ray,1951,B&N,DVD,
1150,FILM NOIR,Documental,,,,Gary Leva,2006,Color,DVD,
1151,DANZA CON LOBOS,Western,Kevin Costner,Mary McDonnell,Graham Greene,Kevin Costner,1990,Color,DVD,
1152,EL ROSTRO IMPENETRABLE,Western,Marlon Brando,Karl Malden,Katy Jurado,Marlon Brando,1960,Color,DVD,
1153,POBRE MI MADRE QUERIDA,Drama,Hugo del Carril,Emma Gramatica,Aida Luz,Homero Manzi,1948,B&N,DVD,"3-08-1948 Coventry
  Un muchacho se enamora de una mujer de vida ligera, en contra de los principios de su madre y su hermana. Final melodramático acorde."
1154,SECUESTRO SENSACIONAL,Comedia,Luis Sandrini,Nelly Hering,Osvaldo Miranda,Luis Bayón Herrera,1942,B&N,DVD,"20-08-1942 Radio City
  Ante los maltratos de su futura madrasta una adolescente escapa de su casa."
1155,PELOTA DE TRAPO,Drama,Armando Bo,Santiago Arrieta,Orestes Caviglia,Leopoldo Torres Ríos,1948,B&N,DVD,"15-03-1949 Coventry
Uno de los chicos de un club infantil llega a crack de primera divición, pero le encuentran una afección cardíaca.
   En su momento fue aporte renovador. Tal vez los rodajes en exteriores, los chicos, la historia, más un tratamiento sincero y dinámico, sobre todo en la primera parte, hicieron un tremendo éxito de un film de bajo presupuesto. Hoy debe ser considerado un clásico del cine rioplatense."
1156,ACORRALADO,Cine Negro,Dick Powell,Walter Slezak,Micheline Cheirel,Edward Dmytrik,1945,B&N,DVD,9-10-1946 Trocadero
1157,PERSECUSION SIN TREGUA,Cine Negro,Steve Brodie,Audrey Long,Raymond Burr,Anthony Mann,1947,B&N,DVD,"27-12-1949 Eliseo
Steve Randall(Steve Brodie) recién casado y dispuesto a empazar su nuevo trabajo de transportista, se mete en problemas al aceptar al aceptar un trabajo que termina en un robo.Steve avisa a la policía y uno de los ladrones termina arrestado. Un hermano de este Walt (Raymond Burr) se propone que Steve pague por lo que hizo."
1158,LA CIUDAD DEL  VICIO,Cine Negro,John McIntire,Richard Kiley,Kathryn Grant,Phil Karlson,1955,B&N,DVD,10-12-1956 Trocadero
1159,HORA DE VIOLENCIA,Cine Negro,Marshall Thompson,Virginia Field,Andrea King,Gerald Mayer,1950,B&N,DVD,
1160,EL ROBO AL VAGON BLINDADO,Cine Negro,Charles McGraw,Adele Jurgens,William Talman,Richard Fleischer,1950,B&N,DVD,
1161,CRIMEN EN LAS CALLES,Cine Negro,James Whitmore,John Cassavetes,Sal Mineo,Donald Siegel,1956,B&N,DVD,
1162,UN AMANECER TRAGICO,Cine Negro,Susan Hayward,Paul Lukas,Bill Williams,Harold Clurman,1946,B&N,DVD,
1163,PASION DESENFRENADA,Cine Negro,Virginia Mayo,Gordon Mac Rae,Edmond O'Brien,Vincent Sherman,1950,B&N,DVD,
1164,LA BARRA DE LA ESQUINA,Musical,Alberto Castillo,Ma Concepcion Cesar,Jose Marrone,Julio Saraceni,1950,B&N,DVD,"27-07-1950 Coventry, Rex
Un cantor de fama mundial regresa a su país dónde se encuentra con los amigos de su juventud. El barrio reflejado en una canción, el amigo pródigo, los códigos del barrio en un buen ejemplo de cine popular."
1165,LOS DOS RIVALES,Comedia,Luis Sandrini,Hugo del Carril,Alicia Barrié,Luis Bayón Herrera,1944,B&N,DVD,"1-02-1945 Radio City
Dos cronistas de diarios rivales intentan descubrir una banda de saboteadores y compiten en la conquista de chicas..
  En su momento fue bien considerada.
  Correctos los dos protagonistas en papeles poco habituales para ellos."
1166,EL FANTASMA DE LA OPERETA,Comica,Alfredo Barbieri,Amelita Vargas,Tono Andreu,Enrique Carrreras,1955,B&N,DVD,"25-07-1955 El Polvorín
   Un cómico y bailarín desocupado sueña que va junto con sus amigos y su esposa a un teatro poblado de personajes de la literatura de terror. Tomará la idea para montar una obra."
1167,TOY STORY,Dibujos Animados,Tom Hanks,Tim Allen,Don Rickles,John Lasseter,1995,Color,DVD,
1168,TOY STORY 2,Dibujos Animados,Tom Hanks,Tim Allen,Don Rickles,John Lasseter,1999,Color,DVD,
1169,TOY STORY 3,Dibujos Animados,Tom Hanks,Tim Allen,Don Rickles,Lee Unkrich,2010,Color,DVD,
1170,BLANCANIEVES,Dibujos Animados,Adriana Caselotti,Harry Stockwell,Lucille LaVerne,William Cottrell,1937,Color,DVD,
1171,WINNIE THE POOH,Dibujos Animados,Sterling Holloway,Paul Winchel,John Fiedler,John Lounsberry,1977,Color,DVD,
1172,A REIR CON MICKEY,Dibujos Animados,Walt Disney,Clarence Nash,Pinto Colvig,Burt Gillet,1937,Color,DVD,
1173,A REIR CON DONALD,Dibujos Animados,Walt Disney,Clarence Nash,Pinto Colvig,Ben Sharpsteen,1937,Color,DVD,
1174,A REIR CON GOOFY,Dibujos Animados,Walt Disney,Clarence Nash,Pinto Colvig,Jack King,1941,Color,DVD,
1175,A REIR CON PLUTO,Dibujos Animados,Walt Disney,Clarence Nash,Pinto Colvig,Charles Nichols,1937,Color,DVD,
1176,FUIMOS LOS SACRIFICADOS,Bélica,John Wayne,Robert Montgomery,Donna Reed,John Ford,1946,B&N,DVD,
1177,COMANDO EN EL MAR DE LA CHINA,Bélica,Michael Caine,Cliff Robertson,Henry Fonda,Robert Aldrich,1970,Color,DVD,
1179,"EL MUNDO ESTA LOCO,LOCO,LOCO",Comedia,Spencer Tracy,Mickey Rooney,Sid Caesar,Stanley Kramer,1963,Color,DVD,
1180,FUGA EN CADENAS,Drama,Sidney Poitier,Tony Curtis,Charles Mac Graw,Stanley Kramer,1958,B&N,DVD,
1182,UNA PROPUESTA ATREVIDA (CHLOE),Drama,Julianne Moore,Liam Neeson,Amanda Seyfried,Atom Egoyan,2009,Color,DVD,
1183,LA CENA DE LOS ACUSADOS,Suspenso,William Powell,Myrna Loy,Maureen O'Sullivan,Woodbridge Strong Van Dike II,1934,B&N,DVD,
1184,GENIA Y FIGURA (After the thin man),Suspenso,William Powell,Myrna Loy,James Stewart,W. S. Van Dyke,1936,B&N,DVD,
1185,OTRA REUNION DE ACUSADOS,Suspenso,William Powell,Myrna Loy,Virginia Grey,W. S. Van Dyke,1939,B&N,DVD,
1186,LA SOMBRA DE LOS ACUSADOS,Suspenso,William Powell,Myrna Loy,Barry Nelson,W. S. Van Dyke,1941,B&N,DVD,
1187,EL REGRESO DE AQUEL HOMBRE,Suspenso,William Powell,Myrna Loy,Lucile Watson,Richard Thorpe,1944,B&N,DVD,
1188,LA RULETA DE LA MUERTE,Suspenso,William Powell,Myrna Loy,Keenan Wynn,Edward Burell,1947,B&N,DVD,
1189,ALIAS NICK Y NORA,Documental,William Powell,Myrna Loy,,Richard Schickel,1990,B&N,DVD,
1191,LAS CALAVERAS DEL TERROR (Serial),Aventuras,Pedro Armendariz,Tito Junco,Alice Phillips,Fernando Méndez,1943,B&N,DVD,
1192,EL ENMASCARADO DE PLATA (Serial),Aventuras,Victor Junco,Rene Cardona Jr,Crox Alvarado,Rene Cardona,1952,B&N,DVD,4-05-1954 Rex
1193,LAS MUJERES ARRIBA,Comedia,Penelope Cruz,Murilo Benicio,Harold Perrineau,Fina Torres,2000,Color,DVD,
1194,VIÑAS DE IRA,Drama,Henry Fonda,Jane Darwell,John Carradine,John Ford,1940,B&N,DVD,
1195,EL EXTRAÑO,Drama,Orson Welles,Edward  Robinson,Loretta Young,Orson Welles,1946,B&N,DVD,
1196,RAICES EN EL FANGO,Drama,Orson Welles,Robert Arden,Paula Mori,Orson Welles,1954,B&N,DVD,
1197,E.R.  (3era Temporada),Drama,Anthony Edwards,George Clooney,Sherry Stringfield,Michael Crichton,1996,Color,DVD,
1198,EL CRUCERO DEL AMOR,Comedia,Gavin MacLeod,Bernie Kopell,Fred Grandy,,1977,Color,DVD,
1199,GRANDES INVENTORES,Documental,Albert Eisntein,Henry Ford,Thomas Edison,Ronald Miller,2010,Color,DVD,
1200,ARTIGAS La Redota,Histórica,Jorge Esmoris,Rodolfo Sancho,Yamandú Cruz,César Charlone,2011,Color,DVD,"29-07-2011 Movie Center Portones y Punta Carretas, Hoyts Alfabeta, Casablanca
  Narra el Exodo. La redota, en términos gauchescos, significa ""derrota"""
1201,ARTIGAS,Documental,,,,Enrico Gras,1950,B&N,DVD,"Biografia de Artigas en documental dónde se usan monumentos, cuadros con ingeniosos usos de la cámara y de la iluminación.
  Sonido imperfecto. Nunca corregido."
1202,SU MAJESTAD DE LOS MARES DEL SUR,Aventuras,Burt Lancaster,Joan Rice,Andre Morell,Byron Haskin,1953,Color,DVD,
1203,DOBLE VIDA (El abrazo de la muerte),Cine Negro,Ronald Colman,Signe Hasso,Shelley Winters,George Cukor,1947,B&N,DVD,
1204,LA SAL DE LA VIDA,Drama,George Corraface,Ieroklis Michaelidis,Renia Louzidou,Tassos Boulmetis,2003,Color,DVD,
1205,LA TIERRA QUE EL TIEMPO OLVIDO,Ciencia Ficción,Doug McClure,John McEnery,Susan Penhalicon,Kevin Connor,1975,Color,DVD,
1206,LA GENTE QUE EL TIEMPO OLVIDO,Ciencia Ficción,Patrick Wayne,Sarah Douglas,Doug McClure,Kevin Connor,1977,Color,DVD,
1207,LA MANO ASESINA,Suspenso,Margaret Rutheford,Arthur Kennedy,Muriel Pavlov,George Pollock,1961,Color,DVD,
1208,AGUA PARA ELEFANTES,Drama,Reese Witherspoon,Robert Pattinson,Christoph Waltz,Francis Lawrence,2011,Color,DVD,
1209,EL AMOR PERJUDICA SERIAMENTE LA SALUD,Comedia,Ana Belen,Juanjo Puigcorbe,Penelope Cruz,Manuel Gomez Pereira,1996,Color,DVD,
1210,UN BESO AL MORIR,Cine Negro,Robert Wagner,Jeffrey Hunter,Virginia Leith,Gerd Oswald,1956,Color,DVD,
1211,EL NOCTAMBULO,Policial,Sergio Pereira,Gabriel Diaz,Gabriela Ers,Gabriel Diaz,2006,Color,DVD,"11-08-2006 Movie Center Montevideo, Portones. Grupo  Cine Torre de los Profesionales.
  Un muchacho trabaja para un poderoso empresario acusado de varios ilícitos. El patrón trata de eliminarlo pero mata a su novia. Entonces Marcos cubre su rostro con una máscara y se transforma en ""El Noctámbulo"" y tratará de hacer justicia por mano propia.
  Esta es la primera película uruguaya que toca la temática de los super héroes."
1212,NADIE INQUIETO MAS,Documental,Narciso Ibañez Menta,Narciso Ibañez Serrador,Beatriz Dia Quiroga,Gustavo L Mendoza,2009,Color,DVD,Documental sobre la carrera de Narciso Ibáñez Menta
1213,EL ULTIMO SECRETO DE S. HOLMES,Suspenso,Robert Stephens,Colin Blakeley,Christopher Lee,Billy Wilder,1970,Color,DVD,
1214,INDISCRECION (Christmas in Connecticut)I,Comedia,Bárbara Stanwyck,Dennis Morgan,Sydney Greenstreet,Peter Godfrey,1945,B&N,DVD,
1215,HURACAN DE EMOCIONES,Drama,Burt Lancaster,Virginia Mayo,Chuck Connors,Arthur Lubin,1953,B&N,DVD,
1216,HISTORIAS CRUZADAS,Drama,Emma Stone,Viola Davis,Bryce Dallas,Tate Taylor,2011,Color,DVD,
1217,HIJOS DEL DESIERTO,Comica,Stan Laurel,Oliver Hardy,Mae Busch,William Seiter,1934,B&N,DVD,
1218,RADIOMANIA,Comica,Stan Laurel,Oliver Hardy,Fay Holderness,James Parrott,1930,B&N,DVD,
1219,COMPAÑEROS DE JUERGA(Helpmates),Comica,Stan Laurel,Oliver Hardy,----------------------,James Parrott,1931,B&N,DVD,
1220,HOSPITAL PROVINCIAL(Qué Visita!),Comica,Stan Laurel,Oliver Hardy,Billy Gilbert,James Parrott,1932,B&N,DVD,
1221,BAJO CERO (español),Comica,Stan Laurel,Oliver Hardy,Charles Hall,James Parrott,1930,B&N,DVD,
1222,ALLA EN EL LEJANO OESTE,Comica,Stan Laurel,Oliver Hardy,James Finlayson,James Horne,1937,B&N,DVD,27-08-1937 Metro
1223,OJO POR OJO (Tit for Tat),Comica,Stan Laurel,Oliver Hardy,Charles Hall,Charles Rogers,1935,B&N,DVD,
1224,TRABAJO SUCIO,Comica,Stan Laurel,Oliver Hardy,Lucien Littlefield,Lloyd French,1933,B&N,DVD,
1225,LA VIDA NOCTURNA (Blotto) Esp,Comica,Stan Laurel,Oliver Hardy,Dorothy Cristie,James Parrott,1930,B&N,DVD,
1226,BLOTTO,Comica,Stan Laurel,Oliver Hardy,Dorothy Cristie,James Parrott,1930,B&N,DVD,
1227,DOS COLEGIALES EN OXFORD,Comica,Stan Laurel,Oliver Hardy,Wilfrid Lucas,Alfred Goulding,1940,B&N,DVD,
1228,PESCADO FRESCO,Comica,Stan Laurel,Oliver Hardy,Billy Gilbert,George Marshall,1933,B&N,DVD,
1229,"AGUAS ,MEDICINALES",Comica,Stan Laurel,Oliver Hardy,Charles Hall,Charles Rogers,1934,B&N,DVD,
1230,DOS BUENOS CHICOS,Comica,Stan Laurel,Oliver Hardy,----------------------,James Parrott,1930,B&N,DVD,
1231,BAJO CERO,Comica,Stan Laurel,Oliver Hardy,Charles Hall,James Parrott,1930,B&N,DVD,
1232,PAJAROS BOBOS,Comica,Stan Laurel,Oliver Hardy,Patricia Ellis,John G. Blystone,1938,B&N,DVD,
1233,SU ULTIMA EQUIVOCACION,Comica,Stan Laurel,Oliver Hardy,Mae Busch,George Marshall,1932,B&N,DVD,
1234,CAJITA DE MUSICA,Comica,Stan Laurel,Oliver Hardy,Billy Gilbert,James Parrott,1932,B&N,DVD,
1235,EL BARCO FANTASMA(The live ghost),Comica,Stan Laurel,Oliver Hardy,Walter Long,Charles Rogers,1934,B&N,DVD,
1236,HEROES DE TACHUELA (Beau Hanks),Comica,Stan Laurel,Oliver Hardy,Charles Middleton,James Horne,1931,B&N,DVD,
1237,DOS PARES DE MELLIZOS,Comica,Stan Laurel,Oliver Hardy,James Finlayson,Harry Lanchman,1936,B&N,DVD,
1238,DOS VECES DOS(Vaya Concuña!),Comica,Stan Laurel,Oliver Hardy,Charles Hall,James Parrott,1933,B&N,DVD,
1239,LADRONES (Night Owls),Comica,Stan Laurel,Oliver Hardy,Edgar Kennedy,James Parrott,1930,B&N,DVD,
1240,LADRONES (versiòn en español),Comica,Stan Laurel,Oliver Hardy,Edgar Kennedy,James Parrott,1930,B&N,DVD,
1241,MARINEROS DE AGUA DULCE,Comica,Stan Laurel,Oliver Hardy,Dick Cramer,Gordon Douglas,1940,B&N,DVD,
1242,AMOR DULCE AMOR (Our wife),Comica,Stan Laurel,Oliver Hardy,James Finlayson,James Horne,1931,B&N,DVD,
1243,POR QUE TRABAJAR?(One good turn),Comica,Stan Laurel,Oliver Hardy,James Finlayson,James Horne,1931,B&N,DVD,
1244,MI AMIGO Y YO (Me and my pal),Comica,Stan Laurel,Oliver Hardy,James Finlayson,Lloyd French,1933,B&N,DVD,
1245,DOS ENTROMETIDOS (Busy Bodies),Comica,Stan Laurel,Oliver Hardy,Tini Sanford,Lloyd French,1933,B&N,DVD,
1246,LOS CALAVERAS (en español),Comica,Stan Laurel,Oliver Hardy,Thelma Todd,James Parrott,1931,B&N,DVD,
1247,HOGAR DULCE HOGAR(Unaccusomed as we are),Comica,Stan Laurel,Oliver Hardy,Thelma Todd,Lewis Foster,1929,B&N,DVD,
1248,PATRULLA DE MEDIANOCHE,Comica,Stan Laurel,Oliver Hardy,Charles Rogers,Lloyd French,1933,B&N,DVD,
1249,POLITIQUERIAS(Laughing gravy),Comica,Stan Laurel,Oliver Hardy,Charles Hall,James Horne,1931,B&N,DVD,
1250,ANY OLD PORT,Comica,Stan Laurel,Oliver Hardy,Walter Long,James Horne,1932,B&N,DVD,
1251,LOS CALAVERAS(Another fine mess),Comica,Stan Laurel,Oliver Hardy,Thelma Todd,James Parrott,1931,B&N,DVD,
1252,EL ABUELO DE LA CRIATURA,Comica,Stan Laurel,Oliver Hardy,Charles Middleton,George Marshall,1932,B&N,DVD,
1253,UNA NOCHE MUY TRANQUILA(They go boom),Comica,Stan Laurel,Oliver Hardy,Charles Hall,James Parrott,1929,B&N,DVD,
1254,ASES DE MALA PATA(The fixer uppers),Comica,Stan Laurel,Oliver Hardy,Mae Busch,Charles Rogers,1935,B&N,DVD,
1255,POR SU MALA CABEZA,Comica,Stan Laurel,Oliver Hardy,Walter Long,Charles Rogers,1934,B&N,DVD,
1256,BE BIG,Comica,Stan Laurel,Oliver Hardy,Anita Garvin,James Parrott,1930,B&N,DVD,
1257,QUESOS Y BESOS,Comica,Stan Laurel,Oliver Hardy,Della Lind,John G. Blystone,1938,B&N,DVD,9-09-1938 Metro
1258,EN LA PRISION(Hoosegow),Comica,Stan Laurel,Oliver Hardy,James Finlayson,James Parrott,1929,B&N,DVD,
1259,UN DIA PERFECTO (A perfect day),Comica,Stan Laurel,Oliver Hardy,Edgar Kennedy,James Parrott,1929,B&N,DVD,
1260,EL CANELO (Come Clean),Comica,Stan Laurel,Oliver Hardy,Mae Busch,James Horne,1931,B&N,DVD,
1261,CHICKENS COME HOME (español),Comica,Stan Laurel,Oliver Hardy,James Finlayson,James Horne,1931,B&N,DVD,
1262,NOCHE DE DUENDES(español),Comica,Stan Laurel,Oliver Hardy,Fred Kelsey,James Parrott,1930,B&N,DVD,
1263,THE L & H MURDER CASE,Comica,Stan Laurel,Oliver Hardy,Fred Kelsey,James Parrott,1930,B&N,DVD,
1264,CHICKENS COME HOME,Comica,Stan Laurel,Oliver Hardy,James Finlayson,James Horne,1931,B&N,DVD,
1266,THICKER THAN WATERS,Comica,Stan Laurel,Oliver Hardy,James Finlayson,James Horne,1935,B&N,DVD,
1267,SCRAM !,Comica,Stan Laurel,Oliver Hardy,Vivien Oakland,Raymond McCarey,1932,B&N,DVD,
1268,HOMBRES EN GUERRA(Men on war),Comica,Stan Laurel,Oliver Hardy,James Finlayson,Lewis Foster,1929,B&N,DVD,
1269,UN PAR DE GITANOS(Bohemian girl),Comica,Stan Laurel,Oliver Hardy,Antonio Moreno,J Horne y Ch Rogers,1936,B&N,DVD,
1270,LA CHIMPANCE,Comica,Stan Laurel,Oliver Hardy,Billy Gilbert,James Parrott,1932,B&N,DVD,
1271,PARDON US,Comica,Stan Laurel,Oliver Hardy,James Finlayson,James Parrott,1931,B&N,DVD,
1272,DE BOTE EN BOTE (Perdon us)español,Comica,Stan Laurel,Oliver Hardy,James Finlayson,James Parrott,1931,B&N,DVD,
1273,OLIVER 8°,Comica,Stan Laurel,Oliver Hardy,Mae Busch,Lloyd French,1934,B&N,DVD,
1274,LA ISLA DEL TESORO,Aventuras,Charlton Heston,Christian Bale,Christopher Lee,Fraser Heston,1989,Color,DVD,"17-01-1991 Nuevo Ambassador
 La clásica novela de Stevenson esta vez con Charlton Heston como el pirata Long John Silver."
1275,COSAS DE MUJERES,Comedia,Spencer Tracy,Katharine Hepburn,Gig Young,Walter Lang,1957,Color,DVD,
1276,ATRAPADO POR AMOR,Comedia,Meg Ryan,Timothy Hutton,Justing Long,Cheryl Hines,2009,Color,DVD,
1277,DOS HERMANOS,Comedia,Graciela Borges,Antonio Gasalla,Osmar Nuñez,Daniel Burman,2010,Color,DVD,"11-06-2010 Movie Center Montevideo y Portones. Grupo Cine Arocena.Torre de los Profesionales, Hoyts Alfabeta y P. Carretas. Casblanca.
 Borges y Gasalla son dos hermanos con una relación amor-odio en constante cambio. La muerte de la madre los llevará a replantearse la relación. Ella trata de convencer a sus hermano de comprar una casa en la ciudad de Carmelo, Uruguay."
1278,NUEVAMENTE AMOR,Comedia,Aaron Eckhart,Jennifer Aniston,Joe Anderson,Brandon Camp,2010,Color,DVD,
1279,HAY UNA CHICA EN MI SOPA,Comedia,Peter Sellers,Goldie Hawn,Tony Britton,Roy Boulting,1970,Color,DVD,
1280,LA COSTILLA DE ADAN,Comedia,Spencer Tracy,Katharine Hepburn,Judy Holliday,George Cukor,1949,B&N,DVD,
1281,EL SEPTIMO VIAJE DE SINBAD,Aventuras,Kervin Mathews,Kathryn Grant,Richard Eyer,Nathan Juran,1958,Color,DVD,
1282,LA CASA MUDA,Suspenso,Florencia Colucci,Ariel Tripaldi,Gustavo Alonso,Gustavo Hernández,2010,Color,DVD,"4-03-2011 Movie Center Montevideo, Portones.
  Una chica y su padre son contratados para restaurar una casa.
  Dias después la joven comenzará a escuchar ruidos extraños."
1283,ALFRED HITCHCOCK PRESENTA 3ª Temporada,Suspenso,Vincent Price,Jessica Tandy,Peter Lorre,Alfred Hitchcock,1957,B&N,DVD,Serie TV.
1284,LOS FANTASMAS DE MI EX,Comedia,Matthew McConaughey,Jennifer Garner,Michael Douglas,Mark Waters,2009,Color,DVD,
1285,A UN PASO DE LA MUERTE,Western,Kirk Douglas,Walter Matthau,Lon Chaney,Andre de Toth,1955,Color,DVD,"13-06-1956
 La guerra civil norteamericana ha terminado y Johnny Hawks vuelve al oeste estableciendo un tratado con sus antiguos enemigos los sioux. Pero la precaria situación de paz se ve amenazada por renegados que buscan oro en tierras de los indígenes. Hawks famoso por sus luchas con los soiux, deberá apaciguar ambos bandos y proteger una caravana de colonos y un fuerte amenazado de ser atacado."
1286,LA ULTIMA PATRULLA,Western,Randolph Scott,Lex Barker,Phyllis Kirk,Andre de Toth,1953,Color,DVD,
1287,MURALLAS DE SANGRE,Western,Clint Walker,Edd Byrnes,John Rusell,Gordon Douglas,1959,Color,DVD,"4-07-1960 Iguazú
 Un trampero ayuda a evitar la guerra entre los indios y los blancos, y se casa con una princesa india.
 Meritorio western bien dirigido por Gordon Douglas y protagonizado por varias estrellas de la televisión."
1288,"ARIZONA,PRISION FEDERAL",Western,Alan Ladd,Ernest Borgnine,Katy Jurado,Delmer Daves,1958,Color,DVD,
1289,MARCADO A FUEGO,Western,Alan Ladd,Mona Freeman,Charles Bickford,Rudolph Maté,1950,Color,DVD,
1290,UN REY PARA CUATRO REINAS,Western,Clark Gable,Eleanor Parker,Jo Van Fleet,Raoul Walsh,1956,Color,DVD,3-10-1957 Censa.
1291,EL PISTOLERO INVENCIBLE,Western,Glenn Ford,Jeanne Crain,Broderick Crawford,Rusell Rouse,1956,B&N,DVD,12-09-1957 Metro.
1292,LA GUERRA DE LOS ROSES,Drama,Michael Douglas,Kathleen Turner,Danny DeVito,Danny DeVito,1989,Color,DVD,
1293,MELODIA DE ARRABAL,Musical,Carlos Gardel,Imperio Argentina,Vicente Padula,Louis Gasnier,1932,B&N,DVD,"18-05-1933 Rex
  La vida de un hombre (Gardel) transcurre en bares cantando y timando ingenuos en mesas de juego. Un día aparece una Prof. de piano (Imperio Argentina) que lo convnece de cantar profesionalmente"
1294,A SIMPLE WISH,Comedia,Martin Short,Mara Wilson,Kathleen Turner,Michael Ritchie,1997,Color,DVD,
1295,LAS ZAPATILLAS ROJAS,Drama,Moira Shearer,Anton Walbrook,Emeric Pressburger,Michael Powell,1948,Color,DVD,
1296,APPALOOSA,Western,Viggo Mortensen,Ed Harris,Renee Zellweger,Ed Harris,2008,Color,DVD,
1297,TEMPLE DE ACERO,Western,Jeff Bridges,Matt Damon,Josh Brolin,Joel y Ethan Coen,2010,Color,DVD,
1298,CORRIENTES TRAICIONERAS,Cine Negro,Ray Milland,Anthony Quinn,Debra Paget,Allan Dawn,1957,Color,DVD,
1299,EL PEQUEÑO CESAR,Cine Negro,Edward Robinson,Douglas Fairbanks Jr,Glenda Farrell,Mervyn LeRoy,1931,B&N,DVD,"20-01-1932.
Se desconoce con exactitud la sala de estreno"
1301,PERVERSA (La Mujer Bandido),Drama,Margaret Lockwood,James Mason,Griffith Jones,Leslie Arliss,1945,B&N,DVD,8-01-1947. Trocadero
1302,HASTA EL ULTIMO HOMBRE,Western,Randolph Scott,Esther Ralston,Jack La Rue,Henry Hathaway,1933,B&N,DVD,No estrenada en salas en Montevideo
1303,ESTAMPIDA DE BUFALOS,Western,Randolph Scott,Judith Allen,Buster Crabbe,Henry Hathaway,1933,B6N,DVD,
1304,HISTORIA DE UN CONDENADO (La ley del más fuerte),Western,Rock Hudson,Julia Adams,Mary Castle,Raoul Walsh,1952,Color,DVD,
1305,ENTRE EL AMOR Y EL DEBER (Law and Order),Western,Ronald Reagan,Dorothy Malone,Preston Foster,Nathan Juran,1953,Color,DVD,
1306,EL GRAN DUELO,Western,Kirk Douglas,Jane Alexander,Johnny Cash,Lamont Johnson,1971,Color,DVD,
1308,LOCAS DE ATAR (Amigas a la fuerza),Comedia,Goldie Hawn,Susan Sarandon,Geofrey Rush,Bob Dolman,2002,Color,DVD,
1309,LAS MUJERES SON COSA DE GUAPOS,Comica,Jorge Porcel,Alberto Olmedo,Javier Portales,Hugo Sofovich,1981,Color,DVD,"Dos peones se integran a un grupo de un caudillo político se relacionan con dos meretrices de lujo y en fraudes electorales.
25-07-1981 Plaza"
1310,UN HOMBRE FENOMENO,Comedia,Danny Kaye,Virginia Mayo,Vera Ellen,Bruce Humberstone,1945,Color,DVD,3-03-1947 Trocadero
1311,EL LECHERO,Comedia,Danny Kaye,Virginia Mayo,Vera Ellen,Norman Z Mcleod,1946,Color,DVD,2-06-1948 Trocadero
1312,EL ULTIMO APACHE,Western,James Arness,Michael Learned,Richard Kiley,Charles Correll,1990,Color,DVD,
1313,MERCADO DE LADRONES,Cine Negro,Richard Conte,Valentina Cortesa,Lee J. Cobb,Jules Dassin,1949,B&N,DVD,14-06-1950 California
1314,CHOCOLATE,Drama,Juliette Binoche,Alfred Molina,Johnny Depp,Lasse Halstrom,2001,Color,DVD,"23-02-2001. Plaza,Alfabeta,Movie Center"
1315,LA FURIA DE LOS VALIENTES,Western,Joseph Cotten,Linda Darnell,Jeff Chandler,Robert Wise,1950,B&N,DVD,
1317,EL CISNE NEGRO,Drama,Natalie Portman,Vincent Cassel,Mila Kunis,Darren Aronofsky,2010,Color,DVD,
1318,SATURNINO FARANDOLA (serial),Aventuras,Marcel Fabre,Nide Barachi,Oreste Grandi,Marcel Perez,1913,B&N,DVD,
1319,VAN HELSING,Ciencia Ficción,Hugh Jackman,Kate Beckinsale,Richard Roxburgh,Stephen Sommers,2004,Color,DVD,
1320,EL NIÑO DEL PIYAMA A RAYAS,Drama,Vera Farmiga,David Thevus,Rupert Frend,Mark Herman,1998,Color,DVD,
1321,NADA ES PARA SIEMPRE,Drama,Brad Pitt,Tom Skerrit,Graig Sheffer,Robert Redford,1992,Color,DVD,
1322,LOONEY TUNES,Dibujos Animados,Bugs Bunny,Pato Lucas,Silvestre,Varios,0,Color,DVD,
1323,CORAZON DE FUEGO,Drama,Federico Luppi,Pepe Soriano,Hector Alterio,Diego Arsuaga,2002,Color,DVD,"31-05-2002. Plaza, Grupo Cine Ejido, P Carretas. Movie Center Montevideo, P. Carretas, Portones y Casablanca.
 Un estudio de Hollywood ha comprado una histórica locomotora uruguaya del siglo XIX. Pese que para muchos es motivo de orgullo para otros no es asi. 
  Los miembros de la Asociación Amigos del Riel integrada por personas que había sido funcionarios de la compañía de trenes resuelven boicotear el traslado de la locomotora a U.S.A. y emprenden la loca aventura de secuestrar la máquina y se lanzan a recorrer las abandonadas vías del interior del país."
1324,VICTIMA DE LA VERDAD,Comedia,Bob Hope,Paulette Goddard,Edward Arnold,Elliot Nuggent,1941,B&N,DVD,
1325,EL CABALLERO NEGRO,Aventuras,Alan Ladd,Patricia Medina,Peter Cushing,Tay Garnett,1954,Color,DVD,
1326,MICKEY CRONOLOGICO,Dibujos Animados,Mickey Mouse,Goofy,Minnie,Walt Disney,1928,B&N,DVD,
1327,MUSEO DE CERA,Terror,Vincent Price,Frank Lovejoy,Paul Picerni,Andre de Toth,1953,Color,DVD,
1328,INFIELMENTE CASADA,Comedia,Matthew Perry,Elizabeth Hurley,Bruce Campbell,Reginald Hudlin,2002,Color,DVD,
1329,LARRY CROWNE,Comedia,Tom Hanks,Julia Roberts,Bryan Cranston,Tom Hanks,2011,Color,DVD,
1330,MI REINO POR UN AMOR,Drama,Errol Flynn,Bette Davis,Olivia de Havilland,Michael Curtiz,1939,Color,DVD,
1331,MILLION DOLLAR BABY,Drama,Clint Eastwood,Hilary Swank,Morgan Freeman,Clint Eastwood,2004,Color,DVD,
1332,LA PICARA SOÑADORA,Comedia,Mirtha Legrand,Alfredo Alcón,Amalia Sanchez Ariño,Ernesto Arancibia,1956,B&N,DVD,"18-02-1957 Ambassador
  Una vendedora de tienda vive en la sección mueblería de una gran tienda sin que nadie lo note."
1333,LA TIERRA PERDIDA,Aventuras,Will Ferrel,Anna Friel,Danny McBride,Brad Silberling,2009,Color,DVD,
1334,LA LLAMA SAGRADA (Idolos de Barro),Drama,Spencer Tracy,Katharine Hepburn,Richard Whorf,George Cukor,1942,B&N,DVD,
1335,AL ESTE DEL PARAISO,Drama,James Dean,Julie Harris,Raymond Massey,Elia Kazan,1955,Color,DVD,
1336,LA LLAVE MAGICA,Familiar,Hal Scardino,Lindsay Crouse,Richard Jenkis,Frank Oz,1995,Color,DVD,
1338,TIERRA DE FARAONES,Histórica,Jack Hawkins,Joan Collins,Dewey Martin,Howard Hawks,1957,Color,DVD,
1339,VERTIGO,Suspenso,James Stewart,Kim Novak,Barbara Bel Geddes,Alfred Hitchcock,1958,Color,DVD,
1340,MARNIE,Suspenso,Sean Connery,Tippi Hedren,Diane baker,Alfred Hitchcock,1964,Color,DVD,
1341,EL REGRESO DE FU MANCHU,Suspenso,Christopher Lee,Nigel Green,Joachim Fuchsberger,Don Sharp,1965,Color,DVD,
1342,LAS NOVIAS DE FU MANCHU,Suspenso,Christopher Lee,Douglas Wilmer,Marie Versini,Don Sharp,1966,Color,DVD,
1343,LA VENGANZA DE FU MANCHU,Suspenso,Christopher Lee,Douglas Wilmer,Tsai Chin,Jeremy Summers,1967,Color,DVD,
1344,FU MANCHU Y EL BESO DE LA MUERTE,Suspenso,Christopher Lee,Richard Greene,Tsai Chin,Jesus Franco,1968,Color,DVD,
1345,EL CASTILLO DE FU MANCHU,Suspenso,Christopher Lee,Richard Greene,Tsai Chin,Jesus Franco,1969,Color,DVD,
1346,EL DISCURSO DEL REY,Drama,Colin Firth,Geofrey Rush,Helena Bonham Carter,Tom Hooper,2010,Color,DVD,
1347,LO QUE VENDRA,Ciencia Ficción,Raymond Massey,Edward Chapman,Ralph Richardson,William Cameron Menzies,1936,B&N,DVD,
1348,OLIVER TWIST,Drama,Barney Clark,Ben Kingsley,Jeremy Swift,Roman Polanski,2005,Color,DVD,
1349,MI PESADILLA ES UN ANGEL,Comedia,Lucille Ball,Desi Arnaz,James Mason,Alexander Hall,1955,Color,DVD,
1350,LA BESTIA HUMANA,Policial,Massimo Girotti,Ana Ma Lynch,Elisa C Galvé,Daniel Tinayre,1954,B&N,DVD,"20-05-1957 Ambassador.
Los celos de un jefe de estación ferroviaria por su mujer infiel, lo llevan al crimen."
1351,LA GRAN AVENTURA DEL ZORRO,Aventuras,Rodolfo de Anda,Helena Rojo,Pedro Armendariz Jr,Raul de Anda,1976,Color,DVD,
1352,DECEPCION(All the King's men),Drama,Broderick Crawford,Mercedes Mc Cambridge,John Ireland,Robert Rossen,1949,B&N,DVD,
1353,DESCUBRIENDO NUNCA JAMAS,Comedia,Johnny Depp,Kate Winslet,Julie Christie,Marc Forster,2004,Color,DVD,
1354,LA CIGARRA NO ES UN BICHO,Comedia,Luis Sandrini,Enrique Serrano,Narciso Ibañez Menta,Daniel Tinayre,1963,B&N,DVD,"En un hotel alojamiento se declara un caso de peste bubónica. Las parejas deben guardar cuarentena en el lugar.
27-06-1963. Trocadero
Primera en el ranking de 1963: 135.000 espectadores.
Permaneció en cartel once semanas en el Trocadero,cuatro en el Ariel y dos en el Rex.
 Es la película argentina más exitosa exhibida en el país."
1355,EL AVARO,Comedia,Narciso Ibañez Menta,José Sacristán,Luis Varela,José A. Páramo,1968,B&N,DVD,Narciso interpretando a Harpagón en producción española
1356,VIAJE A LA PREHISTORIA,Ciencia Ficción,Vladimir Bejval,Peti Herman,Zdenek Hustak,Karel Zeman,1955,Color,DVD,
1357,"TEXAS,ADIOS",Western,Franco Nero,José Suarez,Cole Kitosch,Fernando Baldi,1966,Color,DVD,
1358,LOS DESPIADADOS,Western,Joseph Cotten,Norma Bengell,Julian Mateos,Sergio Corbucci,1967,Color,DVD,
1359,EL ULTIMO TREN,Western,Kirk Douglas,Anthony Quinn,Carolyn Jones,John Sturges,1959,Color,DVD,
1360,CAT BALLOU,Western,Jane Fonda,Lee Marvin,Michael Callan,Elliot Silverstein,1965,Color,DVD,
1361,FURIA EN EL VALLE(Pasto de Sangre),Western,Glenn Ford,Shirley MacLaine,Leslie Nielsen,George Marshall,1958,Color,DVD,Fecha de estreno en Montevideo: 4-12-1958. Metro
1362,DJANGO,Western,Franco Nero,Loredana Nusciak,José Bódalo,Sergio Corbucci,1966,Color,DVD,
1363,UNA PISTOLA PARA RINGO,Western,Giuliano Gemma,Fernando Sancho,Nieves Navarro,Duccio Tessari,1965,Color,DVD,
1364,VAMOS A MATAR COMPAÑEROS,Western,Franco Nero,Tomas Milian,Fernando Rey,Sergio Corbucci,1970,Color,DVD,Fecha de estreno en Montevideo: 31-05-1973. Ariel
1365,KEOMA,Western,Franco Nero,William Berger,Olga Karlatos,Enzo Castellari,1976,Color,DVD,
1366,ADIOS GRINGO,Western,Giuliano Gemma,Ida Galli,Roberto Camardiel,Giorgio Stegani,1965,Color,DVD,
1367,EL PISTOLERO DEL AVE MARIA,Western,Leonard Mann,Luciana Paluzzi,Alberto de Mendoza,Ferdinando Baldi,1969,Color,DVD,5-03-197 1Iguazú
1368,EL RETORNO DE DJANGO,Western,Franco Nero,Christopher Connelly,Licia Lee Lyon,Ted Archer,1987,Color,DVD,No estrenada en salas.
1369,BEN Y CHARLIE,Western,Giuliano Gemma,George Eastman,Marisa Mell,Michele Lupo,1972,Color,DVD,
1370,LOS CUATRO DEL APOCALIPSIS,Western,Fabio Testi,Tomas Milian,Michael J Pollard,Lucio Fulci,1975,Color,DVD,
1371,SENDAS AMARGAS,Western,James Cagney,Viveca Lindfords,John Derek,Nicholas Ray,1955,Color,DVD,Fecha de estreno en Montevideo: 21-05-1956. Iguazú
1372,EL EXPRESO DE VON RYAN,Bélica,Frank Sinatra,Trevor Howard,Raffaella Carra,Mark Robson,1965,Color,DVD,
1373,PASO EN MI BARRIO,Drama,Tita Merello,Mario Fortuna,Alberto de Mendoza,Mario Soficci,1951,B&N,DVD,"10-03-1952 Ambassador.
  Un ciudadano es encarcelado por un crimen que no cometió. Su mujer deberá llevar adelante la casa."
1374,"THINK FAST, MR MOTO(El  misterioso Mr Moto)",Policial,Peter Lorre,Virginia Field,Thomas Beck,Norman Foster,1937,B&N,DVD,Fecha de estreno en Montevideo:4-12-1937. Ambassador
1375,"THANK YOU, MR MOTO (Gracias Mr Moto)",Policial,Peter Lorre,Thomas Beck,John Carradine,Norman Foster,1937,B&N,DVD,Fecha de estreno en Montevideo: 2-03-1938. Ambassador
1376,MR MOTO'S GAMBLE(La jugada de Mr Moto),Policial,Peter Lorre,Keye Luke,Dick Baldwin,James Tinling,1938,B&N,DVD,Fecha de estreno en Montevideo:28-09-1938. Ambassador
1377,MR MOTO TAKES A CHANCE(Mr Moto se arriesga),Policial,Peter Lorre,Rochelle Hudson,Robert Kent,Norman Foster,1938,B&N,DVD,Fecha de estreno en Montevideo: 16-12-1938. Ambassador
1378,MYSTERIOUS MR. MOTO(Mr Moto en fuga),Policial,Peter Lorre,Mary Maguirre,Henry Wilcoxon,Norman Foster,1938,B&N,DVD,Fecha de estreno en Montevideo:28-02-39. Ambassador
1379,MR MOTO'S LAST WARNING(Mr Moto llega a tiempo),Policial,Peter Lorre,Ricardo Cortez,Virginia Field,Norman Foster,1939,B&N,DVD,Fecha de estreno en Montevideo: 24-05-1939. Rex
1380,MR. MOTO IN DANGER ISLAND(Mr Moto de incógnito),Policial,Peter Lorre,Jean Hersholt,Amanda Duff,Herbert I. Leeds,1939,B&N,DVD,Fecha de estreno en Montevideo: 30-08-39 Rex
1381,MR MOTO TAKES A VACATION(Mr Moto de vacaciones),Policial,Peter Lorre,Joseph Schildkraut,Lionel Atwill,Norman Foster,1939,B&N,DVD,Fecha de estreno en Montevideo: 6-04-1040. Rex
1382,DICK TRACY DETECTIVE,Policial,Morgan Conway,Anne Jeffreys,Mike Mazurki,William Berke,1945,B&N,DVD,Fecha de estreno en Montrevideo: 25-10-1946. Cine Coventry
1383,DICK TRACY vs CUEBALL,Policial,Morgan Conway,Anne Jeffreys,Lyle Latell,Gordon Douglas,1946,B&N,DVD,Fecha de estreno en Montevideo:23-01-1950
1384,DICK TRACY'S DILEMA,Policial,Ralph Byrd,Lyle Latell,Ly Christopher,John Rawlins,1947,B&N,DVD,Fecha de estreno en Montevideo;20-10-1948 Cine Trocadero
1385,DICK TRACY CONTRA GRUESOME,Policial,Ralph Byrd,Boris Karloff,Anne Gwyne,John Rawlins,1947,B&N,DVD,Fecha de estreno en Montevideo: 26-11-1949.Cine Radio City.
1386,OPEN RANGE,Western,Robert Duvall,Kevin Kostner,Annette Beging,Kevin Kostner,2003,Color,DVD,"Fecha de estreno en Montevideo:30-01-2004. Moviecenter Montevideo, Cine Plaza"
1387,LONESOME DOVE,Western,Robert Duvall,Tommy Lee Jones,Diane Lane,Simon Wincer,1989,Color,DVD,No estrenada en salas.
1388,REUS,Drama,Camilo Parodi,Micaela Gatti,Luis A. Acosta,Pablo Fernández,2011,Color,DVD,"Fecha de estreno en Montevideo:25-03-2011. Movie Center Nontevideo, Portones."
1389,"ESPEJITO, ESPEJITO\r\n\r\n\r\n\r\nESPEJITO, ESPE",Drama,Julia Roberts,Lily Collins,Arnie Hammer,Tarsem Singh,2012,Color,DVD,Fecha de estreno en Montevideo:6-04-2012. Cine Moviecenter.
1390,EL ARTISTA,Comedia,Jean Dujardin,Berenice Bejo,John Goodman,Micheal Hanavicius,2011,B&N,DVD,Fecha de estreno en Montevideo:17-02-2012.
1391,LA CHICA DE LA CAPA ROJA,Drama,Amanda Seyfried,Gary Oldman,Billy Burke,Catherine Hardwicke,2011,Color,DVD,Fecha de estreno en Montevideo:21-04-2011
1393,MICKEY A TODO COLOR,Dibujos Animados,Mickey Mouse,Donald Duck,Goofy,Walt Disney,1935,Color,DVD,
1394,SHERLOCK HOLMES,Suspenso,Jeremy Brett,David Burke,Edward Hardwicke,Varios,1984,Color,DVD,
1395,HIT,Documental,Jaime Ross,Ruben Rada,Hugo Fatorusso,Claudia Abend,2008,Color,DVD,"14-03-2008 Movie Center Montevideo y Portones, Grupo cine Ejido y Punta Carretas"
1396,LOS AZULES Y LOS GRISES,Histórica,Stacy Keach,John Hamond,Gregory Peck,Andrew V McLaglen,1982,Color,DVD,
1397,DINASTIA (1era Temporada),Drama,John Forsythe,Linda Evans,Pamela Sue Martin,Varios,1981,Color,DVD,
1398,DINASTIA (2da Temporada),Drama,John Forsythe,Linda Evans,Joan Collins,Varios,1982,Color,DVD,
1399,DINASTIA (3a Temporada),Drama,John Forsythe,Linda Evans,Joan Collins,Varios,1983,Color,DVD,
1400,DINASTIA (4a Temporada),Drama,John Forsythe,Linda Evans,Joan Collins,Varios,1984,Color,DVD,
1401,LOS INTOCABLES (1era Temporada),Policial,Robert Stack,Nicholas Giorgade,Paul Picerni,Varios,1959,B&N,DVD,"Serie Tv. Narra la lucha del Agente Federal Elliot Ness contra el crimen organizado.
Artista Invitados
Tomas Mitchell Ep. 26
 Vince Edwards Ep 7
Martin Landau Ep 17
lee Van Cleef  Ep 20/21
Lloyd Nolan Ep 4
Claire Trevor Ep 2
William Bendix Ep 9"
1402,LOS INTOCABLES (2da Temporada),Policial,Robert Stack,Nicholas Giorgade,Paul Picerni,Varios,1960,B&N,DVD,"Serie Tv
Actores Invitados:
 Ricardo Montalban Ep 27
 George Kennedy Ep 30
 Telly Savalas Ep 20
 Lee Marvin Ep 31
 Richard Conte Ep 15
 Elizabeth Montgomery Ep 1"
1403,LOS INTOCABLES (3era Temporada),Policial,Robert Stack,Nicholas Giorgade,Paul Picerni,Varios,1961,B&N,DVD,"Serie TV
 Actores Invitados:
 Telly Savalas Ep 5
 Lee Marvin Ep 19
 Martin Landau Ep 6
 Cloris Leachman Ep 7/ 21
 Ruth Roman Ep 8
 Charles Bronson Ep 16
 Patricia Neal Ep 20
 Victor Jory Ep 19"
1404,ESPARTACO,Histórica,Kirk Douglas,Jean Simmons,Laurence Olivier,Stanley Kubrick,1960,Color,DVD,"Fecha de estreno en Montevideo: 22-06-1961. Cine California
Narra la historia del gladiador Espartaco (Kirk Douglas) líder de un revolución para liberar a los esclavos, desafiando el porder de la Roma en su etapa de expansión. Tiene un reparto impresionante: Peter Ustinov, Tony Curtis, Charles Laughton y John Gavin. Obtuvo 4 premios Oscar."
1405,LA GUERRA DE TROYA,Histórica,Steve Reeves,John D Barrymore,Juliette Mayniel,Giorgio Ferroni,1961,Color,DVD,"No estrenada en Montevideo
En el décimo año de la guerra de Troya y cuando Aquiles acaba de matar a Héctor a Ulises se le ha ocurrido un truco para ganar de una buena vez la contienda."
1406,ATILA,Histórica,Anthony Quinn,Sofía Loren,Ettore Manni,Pietro Francisci,1954,Color,DVD,"Fecha de estreno en Montevideo:3-09-1956.Cine Plaza
El debilitado Imperio Romano de Occidente envía al General Aecio (Henri Vidal) para negociar un tratado de paz con el pueblo de los hunos, el cual es gobernado conjuntamente por el pacífico rey Bleda (Ettore Manni) y su belicoso hermano Atila (Anthony Quinn). Atila entra con sus hordas en tierras cristianas, dispuesto a entrar a Roma y vencer al Papa, pero la proverbial entereza del Papa convencerá a Atila de abandonar su plan de saqueo de la península itálica."
1407,EXCALIBUR,Histórica,Nigel Terry,Helen Mirren,Nicholay Clay,John Borman,1981,Color,DVD,Fecha de estreno en Montevideo:12-03-1982.Cine 18 de Julio
1408,HERCULES,Histórica,Steve Reeves,Sylvia Koscina,Ivo Garrani,Pietro Francisci,1958,Color,DVD,Fecha de estreno en Montevideo:24-12-1959.Cine Metro
1409,ULISES,Histórica,Kirk Douglas,Anthony Quinn,Silvana Mangano,Mario Camerini,1954,Color,DVD,Fecha de estreno en Montevideo:4-06-1956.Cine Plaza
1410,GLADIADOR,Histórica,Russell Crowe,Joaquin Phoenix,Connie Nielsen,Ridley Scott,2000,Color,DVD,"Fecha de estreno en Montevideo:16-06-2000. Cines Trocadero,Ejido,P Carretas,Movie Centre Montevideo y Portones.
105.000 espectadores. 2da película del año."
1411,CLEOPATRA,Histórica,Claudette Colbert,Warren William,Henry Wilcoxon,Cecil B DeMille,1934,B&N,DVD,Fedcha de estreno en Montevideo: 25-04-1935.Cine Rex.
1412,IVANHOE,Histórica,Robert Taylor,Elizabeth Taylor,Joan Fontaine,Richard Thorpe,1952,Color,DVD,Fecha de estreno en Montevideo:3-12-1953. Cine Metro
1413,LA GUERRA Y LA PAZ,Histórica,Audrey Hepburn,Henry Fonda,Mel Ferrer,King Vidor,1956,Color,DVD,"Fecha de estreno en Montevideo:10-06-1957. Cines Plaza e Iguazú.
108360 espectadores, 1era en recaudación."
1415,LOS CABALLEROS DEL REY ARTURO,Histórica,Robert Taylor,Ava Gardner,Mel Ferrer,Richard Thorpe,1953,Color,DVD,"Fecha de estreno en Montevideo: 8-07-1954.
Con este fim el Metro inauguró el CinemaScope."
1416,MARCO ANTONIO Y CLEOPATRA,Histórica,Charlton Heston,Fernando Rey,Carmen Sevilla,Charlton Heston,1972,Color,DVD,Fecha de estreno en Montevideo:30-05-1973. Cine Central.
1417,LOS MONGOLES,Histórica,Jack Palance,Anita Ekberg,Franco Silva,Andre de Toth,1961,Color,DVD,Fecha de estreno en Montevideo:29-03-1963. Cine Ariel
1418,FURIA DE TITANES,Histórica,Laurence Olivier,Harry Hamlin,Judy Bowner,Desmond Davis,1981,Color,DVD,"Fecha de estreno en Montevideo:2-07-1981. Cines Metro, Radio City y Carrasco"
1419,EL LEON DE TEBAS,Histórica,Mark Forest,Yvonne Fuerneaux,Massimo Serato,Giorgio Ferroni,1964,Color,DVD,No estrenada en salas en Montevideo
1420,LA IRA DE AQUILES,Histórica,Gordon Mitchell,Cristina Gaioni,Gloria Miland,Marino Girolami,1962,Color,DVD,No estrenada en salas en Montevideo
1421,LOS ULTIMOS DIAS DE POMPEYA,Histórica,Steve Reeves,Christine Kaufman,Fernando Rey,Sergio Leone,1959,Color,DVD,Fecha de estreno en Montevideo:13-06-1963. Cine 18 de Julio
1422,TARAS BULBA,Histórica,Tony Curtis,Yul Brynner,Christine Kaufmann,J.Lee Thomson,1962,Color,DVD,Fecha de estreno en Montevideo:30-09-1963 Cine Plaza
1423,ROMULO Y REMO,Histórica,Steve Reeves,Gordon Scott,Virna Lisi,Sergio Corbucci,1961,Color,DVD,"Fecha de estreno en Montevideo:22-04-1963. Cine Central con el título ""Odio Fraticida"""
1424,SODOMA Y GOMORRA,Histórica,Stewart Granger,Pier Angeli,Stanley Baker,Robert Aldrich y Sergio Leone,1962,Color,DVD,Fecha de estreno en Montevideo:23-05-1963. Cine Radio City
1425,QUO VADIS,Histórica,Robert Taylor,Deborah Kerr,Peter Ustinov,Mervyn LeRoy,1951,Color,DVD,"Fecha de estreno en Montevideo: 3-07-1952. Cine Metro.
La propaganda de la Metro decía que Uruguay era el tercer país en el mundo ver el film ya que sólo se había exhibido en Usa e Inglaterra"
1426,EL LEON DE SAN MARCOS,Histórica,Gordon Scott,Gianna M Canale,Giulio Marchetti,Luigi Capuano,1963,Color,DVD,Fecha de estreno en Montevideo: 23-09-1964. Cine Central.
1427,LA LEYENDA DE ENEAS,Histórica,Steve Reeves,Carla Marlier,Gianni Garko,Giorgio Venturini,1962,Color,DVD,No estrenada en salas en Montevideo
1428,LAS MINAS DEL REY SALOMON,Aventuras,Stewart Granger,Deborah Kerr,Richard Carlson,Compton Bennett,1950,Color,DVD,Fecha de estreno en Montevideo: 15-03-1951.Cine Metro
1429,CONSTANTINO EL GRANDE,Histórica,Cornel Wilde,Belinda Lee,Christine Kaufman,Lionello De Felice,1962,Color,DVD,No estrenada en salas en Montevideo
1430,EL INCENDIO DE ROMA,Histórica,Lang Jeffries,Cristina Gaioni,Mario Feliciani,Guido Malatesta,1965,Color,DVD,No estrenada en salas en Montevideo
1431,EL TERROR DE LOS BARBAROS,Histórica,Steve Reeves,Chelo Alonso,Giulia Rubini,Carlo  Campogalliani,1959,Color,DVD,"Estrenada el 11-10-1961 en el Cine Trocadero con el título de ""Goliat contra los bárbaros"""
1432,HEROE SIN PATRIA,Histórica,Gordon Scott,Alberto Lupo,Lilla Brignone,Giorgio Ferroni,1964,Color,DVD,No estrenada en salas en Montevideo
1433,ZULU,Aventuras,Stanley Baker,Jack Hawkins,Michael Caine,Cy Endfield,1964,Color,DVD,Fecha de estreno en Montevideo:6-10-1964.Cine 18 de Julio
1434,HERCULES EN EL CENTRO DE LA TIERRA,Aventuras,Reg Park,Christopher Lee,Leonora Ruffo,Mario Bava,1961,Color,DVD,No estrenada en salas en Montevideo
1435,LA ULTIMA TENTACION DE CRISTO,Histórica,William Dafoe,Harvey Keitel,Barbara Hershey,Martin Scorsese,1988,Color,DVD,Fecha de estreno en Montevideo: 10-11-1988. Cine Metro
1436,BARRY LYNDON,Histórica,Ryan O'Neal,Marisa Berenson,Hardy Kruger,Leonard Rosemnman,1975,Color,DVD,fecha de estreno en Montevideo:23-09-1976.Cine 18 de Julio
1437,TITUS,Histórica,Anthony Hopkins,Jessica Lange,Alan Cumming,Julie Taymor,1999,Color,DVD,Fecha de estreno en Montevideo: 11-04-2003.Punta Carretas Hoyts
1438,BEN HUR,Histórica,Charlton Heston,Jack Hawkins,Stephen Boyd,William Wyler,1959,Color,DVD,Fecha de estreno en Montevideo: 18-08-1960 Cine Metro
1439,EL HIJO DE ESPARTACO,Histórica,Steve Reeves,Jacques Sernas,Gianna Ma Canale,Sergio Corbucci,1962,Color,DVD,Fecha de estreno en Montevideo: 8-04-1963.Cines Metro y Ambassador
1440,EL GIGANTE DE MARATON,Histórica,Steve Reeves,Myléne Demongeot,Sergio Fantoni,Jacques Tourneur,1959,Color,DVD,Fecha de estreno en Montevideo:11-07-1960. Cine Metro
1441,REY DE REYES,Histórica,JeffreJeffrey Hunter,Siobhan McKenna,Hurd Hatfield,Nicholas Ray,1961,Color,DVD,Fecha de estreno en Montevideo: 21-12-1961. Cine California.
1442,DOCTOR ZHIVAGO,Drama,Omar Shariff,Geraldine Chaplin,Julie Christie,David Lean,1965,Color,DVD,Fecha de estreno en Montevideo:16-03-1967. Cine Ambassador
1443,HERCULES SIN CADENAS,Histórica,Steve Reeves,Sylvia Koscina,Primo Carnera,Pietro Francisci,1959,Color,DVD,Fecha de estreno en Montevideo:27-03-1961.Cine Iguazú
1444,DAVID Y GOLIAT,Histórica,Orson Welles,Massimo Serato,Iva Pajeric,Fernando Baldi,1960,Color,DVD,Fecha de estreno en Montevideo:16-04-1962. Cine Iguazú
1445,ALEJANDRO MAGNO,Histórica,Colin Farrell,Angelina Jolie,Val Kilmer,Oliver Stone,2004,Color,DVD,"Fecha de estreno en Montevideo:14-01-2005. Cines Movie Center,Grupo Cine Ejido,Grupo Cine Arocena."
1446,TROYA,Histórica,Brad Pitt,Eric Bana,Orlando Bloom,Wolfang Petersen,2004,Color,DVD,"Fecha de estreno en Montevideo: 14-05-2004.Cine Movie Center Mdeo,Portones, Punta Carretas,Cine Metro"
1447,DJANGO,Western,Jamie Fox,Christoph Waltz,Leonardo DiCaprio,Quentin Tarantino,2012,Color,DVD,"Fecha de estreno en Montevideo: 18-01-2013.Movie Center Montevideo,Portones,Punta Carretas,Grupo Cine Ejido."
1448,FANTOCHE,Comedia,Luis Sandrini,Beatriz Taibo,Eduardo Sandrini,Román Viñoly Barreto,1957,B&N,DVD,"5-12-1957 Censa, California
  Un ex crack que vove del recuerdo de un gol que le hizo a los uruguayos, vive en Montevideo una aventura con una muchacha.
  Un Sandrini reiterado en un poco creible romance con una chica mucho menor que él.
  Filmación parcial en Montevideo. Se ven escenas del desfile inaugural del carnaval uruguayo por la Avda 18 de Julio."
1449,LA RUBIA DEL CAMINO,Comedia,Enrique Serrano,Paulina Singerman,Fernando Borel,Manuel Romero,1938,B&N,DVD,"Una chica millonaria y coqueta que huye antes de su compromiso, es conquistada por un camionero."
1450,UN BEBE DE PARIS,Comedia,Enrique Serrano,Paulina Singerman,Ernesto Raquen,Manuel Romero,1941,B&N,DVD,"15-04-1941 Ambassador
  Para retener a su marido , una mujer finge estar embarazada… cosa que después se confirma."
1451,LOCOS DE VERANO,Comedia,Enrique Serrano,Eva Franco,Arturo Garcia Buhr,Antonio Cunill Cabanellas,1942,B&N,DVD,"2-12-1941 Ambassador
  La quiebra económica sufrida por una familia de 1900, hace que cada integrante de la misma deba enfrentarla como pueda.
  Parte del rodaje y la post producción estuvieron a cargo de Carlos Hugo Christensen."
1452,"NOVIO, MARIDO Y AMANTE",Comedia,Enrique Serrano,Tilda Thamar,Amelita Vargas,Mario Lugones,1947,B&N,DVD,"3-12-1947 Grand Palace
   Una bella mujer se casa impulsivamente con un viejo y después se enamora de su hijo.
   Interesante y provocativa comedia en la que los protagonistas se lucen."
1453,UN HOMBRE SOLO NO VALE NADA,Comedia,Enrique Serrano,Amelita Vargas,Hector Calcagno,Mario Lugones,1949,B&N,DVD,"15-03-1949 Grand Palace
   El empleado de una fábrica hace pasar por su esposa a una atractiva cantante cubana, logrando con eso progresar en su trabajo.
   Divertida comedia con una buena pareja protagonista."
1454,EL COMPLEJO DE FELIPE,Comedia,Enrique Serrano,Elina Colomer,Osvaldo Miranda,Juan C Thorry,1951,B&N,DVD,"11-06-1951 Coventry
  Un profesor solterón y tímido, se emborracha en un cabaret. Una bailarina le enseñará como declarase a la secretaria del Colegio."
1455,LA CALLE JUNTO A LA LUNA,Drama,Narciso Ibañez Menta,Enrique Serrano,Isabel Pradas,Román Viñoly Barreto,1951,B&N,DVD,"27-08-1951 Grand Palace
  La vida de Evaristo Carriego."
1456,EL TANGO EN PARIS,Comedia,Enrique Serrano,Julia Sandoval,George Rigaud,Arturo S. Mom,1955,B&N,DVD,"16-08-1956 Central
   En busca del éxito, un cantor de tangos viaja a París.
 Adaptación de una vieja obra de teatro (estrenada por Florencio Parravicini) filmada tardíamente.Ultima película del director Arturo S. Mom."
1457,CITA EN LAS ESTRELLAS,Comedia,Juan C. Thorry,Osvaldo Miranda,María Duval,Carlos Schlieper,1948,B&N,DVD,"23-11-1948 Grand Palace
  Un hombre y nua mujer que han sido novios, terminan casándose con otros. Luego de la muerte del novio, ella cree haberse reencontrado con él en el cielo."
1458,CONCIERTO DE BASTON,Comedia,Juan C. Thorry,Osvaldo Miranda,Analía Gadé,Enrique Cahen Salaverry,1951,B&N,DVD,"13-02-1951 Grand Palace, Ambassador
   Una joven provoca que un hombre se aleje de su novia y que esta se vaya con su amigo.
   Comedia de enredos que explotaba la  gran popularidad de la pareja Thorry-Gadé."
1459,BARBARA ATOMICA,Comedia,Juan C. Thorry,Blanquita Amaro,Adolfo Stray,Julio Saraceni,1952,B&N,DVD,"2-06-1952 Plaza
   Una cancionista caprichosa y un vegetariano se odian pero terminan, lógicamente, enamorados."
1460,SUEGRA ULTIMO MODELO,Comedia,Juan C. Thorry,Analía Gadé,Leonor Rinaldi,Enrique Carreras,1953,B&N,DVD,"7-09-1953 Central.
  El esposo de una joven mujer cree que es padre ante una falsa confesión de su suegra.
  Remake de ""Mi suegra es una fiera"" (Bayón Herrera 1939)."
1461,ASUNTO TERMINADO,Comedia,Juan C. Thorry,Malvina Pastorino,Beatriz Taibo,Kurt Land,1953,B&N,DVD,"8-01-1958 Belvedere Palace
   Un pintor alegre le hace la vida imposible a una joven muy seria."
1462,LOS TRES CHIFLADOS Y LOS PISTOLEROS,Comica,Adam West,Nancy Kovack,Moe Howard,Norman Maurer,1965,B&N,DVD,Fecha de estreno en Montevideo: 1-01-1966. Ambassador
1463,LA CONDESA DESCALZA,Drama,Humphrey Bogart,Ava Gardner,Rossano Brazzi,Joseph Mankiewicz,1954,Color,DVD,Fecha de estreno en Montevideo:4-08-1955. Ariel
1464,LOS INSACIABLES,Drama,George Peppard,Alan Ladd,Bob Cummings,Edward Dmytryk,1963,Color,DVD,Fecha de estreno en Montevideo:13-06-1966. Censa
1465,ARIZONA (Destry rides again),Western,James Stewart,Marlene Dietrich,Brian Donlevy,George Marshall,1939,B&N,DVD,Fecha de estreno en Montevideo:20-02-1941.Radio City
1466,EL HOMBRE QUE SABIA DEMASIADO,Suspenso,James Stewart,Doris Day,Brenda De Banzie,Alfred Hitchcock,1956,Color,DVD,Fecha de estreno en Montevideo: 14-10-1957. Iguazú-El Polvorín.
1467,TUYO ES MI CORAZON,Suspenso,Cary Grant,Ingrid Bergman,Claude Rains,Alfred Hitchcock,1946,B&N,DVD,Fecha de estreno en Montevideo: 2-04-1947. Trocadero
1468,LOS PAJAROS,Suspenso,Rod Taylor,Jessica Tandy,Suzanne Pleshette,Alfred Hitchcock,1963,Color,DVD,Fecha de estreno en Montevideo: 29-07-1963. Censa
1469,SUCEDIÓ EN BERLIN (Sitiados),Bélica,Montgomery Clift,Paul Douglas,Cornell Borches,George Seaton,1950,B&N,DVD,Fecha de estreno en Montevideo:14-09-1950 Ambassador
1470,RADAR MEN FROM THE MOON(Serial) Guerra entre plan.,Ciencia Ficción,George Wallace,Aline Towne,Roy Barcroft,Fred C Brannon,1952,B&N,DVD,"Fecha de estreno en Montevideo:18-09-1956 Victory.
Exhibiciones en episodios posiblemente en fechas anteriores.
   Por la ola de sabotages que sacuden al país, el gobierno encomienda a Cody para que indague la relación entre estos atentados y el incremento de actidad atómica en la luna."
1471,CINCO PISTOLAS,Western,John Lund,Dorothy Malone,Mike Connors,Roger Corman,1955,Color,DVD,"No estrenada en salas en Montevideo
   Un grupo de delicuentes son sacados de prisión para luchar en la guerra civil. La misión es atracar una diligencia y apoderarse del oro que transporta."
1472,ACECHADA (El asesino poeta),Suspenso,Lucille Ball,George Sanders,Charles Coburn,Douglas Sirk,1947,B&N,DVD,"Fecha de estreno en Montevideo: 16-02-1949 Trocadero
   Siete bellas jovenesson encontradas asesinadas. La única evidencia que une a las siete chicases quetodas ellas respondieron a anuncios clasificados. El inspector temple (Charles Coburn) es el encargado de la investigación. Sandra una amiga de la última víctima servirá como anzuelo. Acompañada de un guardaespalda responderá a todos los avisos publicados. Hasta que es invitada a una fiesta."
1473,LA BALADA DEL SOLDADO,Drama,Vladimir Isasov,Zanetta Prohorenko,Egueny Urbansky,Grigorii Chujrai,1959,B&N,DVD,"Fecha de estreno en Montevideo: 11-07-1960. Plaza
   Un soldado tiene una breve licencia y aprovecha a visitar a su madre."
1474,QUE VERDE ERA MI VALLE!,Drama,Walter Pidgeon,Maureen O'Hara,Donald Crisp,John Ford,1941,B&N,DVD,Fecha de estreno en Montevideo: 11-06-1942. Ambassador
1475,EL CID,Histórica,Charlton Heston,Sophia Loren,Raf Vallone,Anthony Mann,1961,Color,DVD,Fecha de estreno en Montevideo: 16-05-1962.Radio City
1476,SUEÑOS DE SEDUCTOR,Comedia,Woody Allen,Diane Keaton,Tony Roberts,Herbert Ross,1972,Color,DVD,11-10-1973 Trocadero
1477,TODO LO QUE UD QUERIA SABER SOBRE EL SEXO,Comedia,Woody Allen,John Carradine,Gene Wilder,Woody Allen,1972,Color,DVD,Fecha de estreno en Montevideo:25-01-1974. Rex Theatre
1478,AMOR Y MUERTE: LA ULTIMA NOCHE DE BORIS GRUSHSENKO,Comedia,Woody Allen,Diane Keaton,George Adet,Woody Allen,1975,Color,DVD,Fecha de estreno en Montevideo: 17-11-1975.Plaza
1479,ANNIE HALL,Comedia,Woody Allen,Diane Keaton,Tony Roberts,Woody Allen,1977,Color,DVD,Fecha de estreno en Montevideo: 13-10-1977. Trocadero
1480,MANHATTAN,Comedia,Woody Allen,Diane Keaton,Michael Murphy,Woody Allen,1979,Color,DVD,Fecha de estreno en Montevideo:20-03-1980. Ambassador. Punta Gorda
1481,BROADWAY DANNY ROSE,Comedia,Woody Allen,Mia Farrow,Nick Apollo Forte,Woody Allen,1984,B&N,DVD,Fecha de estreno en Montevideo:21-03-1985. Trocadero
1482,LA ROSA PURPURA DEL CAIRO,Comedia,Mia Farrow,Jeff Daniels,Danny Aiello,Woody Allen,1985,B&N,DVD,Fecha de estreno en Montevideo: 17-10-1985.Central. Casablanca
1483,HANNAH Y SUS HERMANAS,Comedia,Woody Allen,Michael Caine,Mia Farrow,Woody Allen,1986,Color,DVD,Fecha de estreno en Montevideo: 31-07-1986. Central. Casablanca
1484,DIAS DE RADIO,Comedia,Mia Farrow,Julie Kavner,Diane Weist,Woody Allen,1987,B&N,DVD,Fecha de estreno en Montevideo:14-07-1987. Central. Casablanca.
1485,UN MISTERIOSO ASESINATO EN MANHATTAN,Comedia,Woody Allen,Diane Keaton,Alan Alda,Woody Allen,1993,Color,DVD,Fecha de estreno en Montevideo:27-05-1994
1486,TODOS DICEN TE QUIERO,Comedia,Woody Allen,Goldie Hawn,Julia Roberts,Woody Allen,1996,Color,DVD,Fecha de estreno en Montevideo:12-09-1997. Plaza. Central. Punta Carretas. Plaza Arocena
1487,VICKY CRISTINA BARCELONA,Comedia,Javier Bardem,Penélope Cruz,Scarlett Johansson,Woody Allen,2008,Color,DVD,Fecha de estreno en Montevideo:16-01-2009. Movie Center Punta Carretas
1488,MEDIANOCHE EN PARIS,Comedia,Kathy Bates,Adrien Brody,Carla Bruni,Woody Allen,2011,Color,DVD,Fecha de estreno en Montevideo: 7-07-2011. Movie Center Portones. Hoyts Alfabeta. Punta Carretas. Casablanca
1489,CABALGAR EN SOLITARIO,Western,Randolph Scott,James Coburn,Karen Steele,Budd Boetticher,1959,Color,DVD,"Fecha de estreno en Montevideo: 4-04-1960 Central
   Un cazador de recompensas (Randolph Scott) detiene a un joven (James Best) acusado de asesinato. En el viaje a la ciudad para que lo juzguen se les unen una pareja de pistoleros (Pernell Roberts y James Coburn) y una bella mujer (Karen Steele). Todos se pondrán en camino con los indios tras de ellos y el hermano del detenido (Lee Van Cleef) dispuesto a liberarlo."
1490,DONDE LAS AGUILAS SE ATREVEN,Bélica,Richard Burton,Clint Eastwood,Mary Ure,Brian G. Hutton,1969,Color,DVD,Fecha de estreno en Montevideo:6-10-1969 Metro-Plaza
1491,LA SOSPECHA,Suspenso,Cary Grant,Joan Fontaine,Nigel Bruce,Alfred Hitchcock,1941,B&N,DVD,Fecha de estreno en Montevideo:25-03-1942. trocadero
1492,EL ESPEJO ROTO,Policial,Angela Lansbury,Geraldine Chaplin,Elizabeth Taylor,Guy Hamilton,1980,Color,DVD,"Fecha d estreno en Montevideo: 18-05-1981 Plaza
   La película está basada en una de las novelas de Agatha Christie, en la que es protagonista Miss Marple, una mujer entrada en años, aficionada a las acciones detectivescas y que aparece en trece relatos de la autora.
   En ""El Espejo Roto"" la llegada de un equipo de rodaje de Hollywood altera la tranquilidad de la pequeña aldea en la que vive Miss Marple (Angela Landsbury). Los conflictos entre las actrices principales en el rodaje no es el único problema, en una de las galas aparece una persona asesinada.
   El sobrino de Miss Marple quiere hacerse cargo del caso pero, incapaz de resolverlo, acude a su tía que lo ayudará sin problemas."
1493,AVENTURAS DE LAS 1001 NOCHES,Aventuras,Christopher Lee,Oliver Tobías,Milo O´Shea,Kevin Connor,1979,Color,DVD,"Fecha de estreno en Montevideo: 10-03-1980. Central.
   Alquazar ( Christopher Lee), Califa de Jadur y poderoso hechicero, tiene el oscuro propósito de dominar el mundo, pero para ello necesita poseer la rosa sagrada de la isla de Elil. Tras consultar con sus poderes ocultos, Alquazar descubre que tan solo una persona puede hacerse con dicha flor, y esta persona parece ser el Príncipe Hasan (Oliver Tobias). Tras encontrrse con él, Alquazar le propone la mano la mano de su bella hija Zuleira (Emma Samms) a cambio de que le consiga la preciada rosa. Hasan acepta el trato sin saber de los malévolos planes de Alquazar, y parte en busca de la rosa sobre una alfombra mágica acompañado de Khasim (Milo O'Shea), un secuaz de Alquazar.
    Durante su viaje se unirá a ellos un joven muchacho llamado Majeed (Puneed Sira), que porta un zafiro mágico y que provoca los temores de Alquazar, quien desea eliminarle a toda costa…"
1494,UN PASEO POR LA NUBES,Drama,Keanu Reeves,Aitana Sanchez-Gijón,Anthony Quinn,Alfonso Arau,1995,Color,DVD,Fecha de estreno en Montevideo: 10-11-1995. Beta. Punta Carretas
1495,DIVORCIO A LA FRANCESA,Comedia,Kate Hudson,Naomi Watts,Melvil Poupaud,James Ivory,2003,Color,DVD,Fecha de estreno en Montevideo. 31-10-2003. Movie Center Portones. Movie Center Montevideo. Plaza. Punta Carretas Hoyts.
1496,AGENTE ESPECIAL (Gansters en Fuga),Cine Negro,Cornel Wilde,Richard Conte,Brian Donlevy,Joseph H. Lewis,1955,B&N,DVD,"Fecha de estreno en Montevideo 18-10-1956. California.
 Mr Brown (Richard Conte) dirige una de las organizaciones mafiosas más poderosas y sangrientas. El y su subordinado Joe McClure (Brian Donlevy), junto a los secuaces Fante (Lee Van Cleef) y Mingo (Earl Holliman) se dedican al tráfico de drogas y las apuestas clandestinas, sin ningún tipo de reparo en torturar o asesinar cuando la ocasión lo requiere. Pero el Teniente Diamond (Cornel Wilde) sigue la pista de la organización desde hace años con el objetivo de meter a Brown entre rejas. Tras una gran cantidad de gastos para el depto de homicidios, Diamond deberá tomar otro camino para que el caso no se cierre por falta de fondos, por lo decidirá instigar a la novia de Brown, la srta Susan Lowell (Jean Wallace), a que testifique contra Brown.
   Revalorizado por el paso del tiempo."
1497,EL DEMONIO DE LAS ARMAS,Cine Negro,Peggy Cummins,John Dall,Berry Kroeger,Joseph H. Lewis,1949,B&N,DVD,No estrenada en salas en Montevideo.
1498,MI ESQUELETO,Comedia,Luis Sandrini,Julia Sandoval,Franca Boni,Lucas Demare,1959,B&N,DVD,"Fecha de estreno en Montevideo: 12-10-1959 Trocadero
  Un hombre que cree estar mortalmente enfermo, vende su esqueleto para la ciencia."
1499,CHAFALONIAS,Comedia,Luis Sandrini,Malvina Pastorino,Eduardo Sandrini,Mario Soffici,1960,B&N,DVD,"Fecha de estreno en Montevideo: 22-12-1960. Trocadero
   Un hombre simple y bonachón se convierte en marido engañado y se entera de esta condición cuando muere su esposa."
1500,LA NOVIA,Drama,Elsa Daniel,Antonio Prieto,Ignacio Quirós,Ernesto Arancibia,1961,B&N,DVD,"Fecha de estreno en Montevideo: 30-08-1961. Plaza
   El romance entre un joven con aspiraciones de cantante y una muchacha próxima a casarse.
   Obvia versión de un éxito musical. Todo conduce al momento culminante en que se canta la canción y la chica se casa con otro."
1501,PAULA CAUTIVA,Drama,Susana Freyre,Duilio Marzio,Lautaro Murúa,Fernando Ayala,1968,B&N,DVD,"Fecha de estreno en Montevideo: 11-11-1963. Ambassador
   Un hombre de negocios regresa de Estados Unidos, conoce a una call-girl de una familia venida a menos. Decide quedarse a vivir."
1502,RIGOBERTO,Comedia,Enrique Serrano,Silvana Roth,Felisa Mary,Luis Mottura,1945,B&N,DVD,"Fecha de estreno en Montevideo: 10-08-1944. Ambassador
   Un hombre financia el invento de su amigo, dominado por las mujeres de su familia"
1503,LA LOCURA DE DON JUAN,Comedia,Enrique Serrano,Felisa Mary,Miguel Gómez Bao,Mario Lugones,1948,B&N,DVD,"Fecha de estreno en Montevideo: 14-07-1948. Grand Palace
  La falsa locura del jefe de una familia despilfarradora en una casa hipotecada."
1504,EL CALAVERA,Comedia,Enrique Serrano,Elena Lucena,Jorge Rivier,Carlos Borcosque,1954,B&N,DVD,"Fecha de estreno en Montevideo: 14-03-1955. Ambassador
  Un viejo solterón, amigo de las farras, busca tranquilidad en el matrimonio pero primero casa a su sobrino"
1505,EL ULTIMO COWBOY,Western,Augusto Codeca,Hector Calcagno,Floren Delbene,Juan Sirés,1953,B&N,DVD,"fecha de estreno en Montevideo: 4-4-1958. Paris
  Un sheriff improvisado y su ayudante restablecen la ley y el orden en un pueblo.
  Buena parodia de los western clase B."
1506,EL CONVENTILLO DE LA PALOMA,Comedia,Alicia Barrié,Tomas Simari,Hector Calcaño,Leopoldo Torres Rios,1936,B&N,DVD,"Fecha de estreno en Montevideo: 30-09-1936. Rex
   La joven Paloma, su vida en el conventillo y un romance con un hombre."
1507,LA MUERTE ESTA MINTIENDO,Drama,Narciso Ibañez Menta,Francisco Allende,Maria Rosa Gallo,Carlos Borcosque,1950,B&N,DVD,"Fecha de estreno en Montevideo: 1-08-1950. Grand Palace
   Para salvar la vida de su hermano un hombre mata a otro, pero es acusado el hermano."
1509,LAS ZAPATILLAS COLORADAS,Comedia,Alfredo Barbieri,Miriam Sucre,Don Pelele,Enrique Carreras,1952,B&N,DVD,"Fecha de estreno en Montevideo: 15-07-1952. Central
   Dos detectives buscan unas zapatillas de baile mágicas que han desaparecido."
1510,LOS TRES MOSQUITEROS,Comedia,Alfredo Barbieri,Amelita Vargas,Guillermo Battaglia,Enrique Carrreras,1953,B&N,DVD,"Fecha de estreno en Montevideo: 13-07-1953. Central
  Un muchacho provinciano y dos cómicos suplantan a los titulares del elenco teatral de la obra ""Los tres mosqueteros""."
1511,GENTE BIEN,Comedia,Hugo del Carril,Delia Garcés,Tito Lusiardo,Manuel Romero,1939,B&N,DVD,"Fech de estreno en Montevideo: 21-08-1940. Rex
   Tres actores refugian en su casa a una madre soltera engañada por un aristócrata venidos a menos y que a su vez pretende casarse con una joven millonaria."
1512,"VEN,MI CORAZON TE LLAMA",Policial,Elvira Rios,Alicia Barrié,Tito Lusiardo,Manuel Romero,1942,B&N,DVD,"Fecha de estreno en Montevideo: 10-09-1942. Ambassador
   Una cantante casada con un tahur es acusada de asesinato."
1513,EL TANGO VUELVE A PARIS,Musical,Alberto Castillo,Elvira Rios,Severo Fernandez,Manuel Romero,1948,B&N,DVD,"Fecha de estreno en Montevideo: 23-01-1948 Grand Palace
   Un médico llega a París, tras una cancionista, se convertirá en cantor de tangos."
1514,MAESTRO LEVITA,Comedia,Pepe Arias,Mecha Ortiz,Juan C. Thorry,Luis Cesar Amadori,1938,B&N,DVD,"Fecha de estreno en Montevideo: 16-03-1938. Rex, Ariel
   Un Maestro rural viaja a la ciudad buscando conseguir recursos para su escuela."
1515,EL ALMA DEL BANDONEON,Musical,Libertad Lamarque,Santiago Arrieta,Enrique Serrano,Mario Soffici,1935,B&N,DVD,"Fecha de estreno en Montevideo: 2-05-1935. Rex
   Un muchacho que quiere triunfar como compositor y una chica que quiere hacerlo como cantante, lo logran, fracasan y vuelven a triunfar."
1516,LA DOCTORA QUIERE TANGOS,Comedia,Mirtha Legrand,Mariano Mores,Felisa Mary,Alberto de Zavalia,1949,B&N,DVD,"Fecha de estreno en Montevideo: 24- 08- 1949. Grad Palace
  Una Doctora conoce a un astro del tango y provoca un enredo con su novia. En el enredo se enamoran."
1517,ESPOSA ULTIMO MODELO,Comedia,Mirtha Legrand,Angel Magaña,Felisa Mary,Carlos Schlieper,1950,B&N,DVD,"Fecha de Estreno en Montevideo: 8-08-1950. Grand Palace. Luxor
  Una chica totalmente inútil para las tareas hogareñas se enamora. Para que el novio no se de cuenta, la abuela la hace aparecer como una ama de casa ideal."
1518,¡QUE HERMANITA!,Comedia,Olga Zubarry,Amelita Vargas,Juan C. Mareco,Kurt Land,1950,B&N,DVD,"Fecha de estreno en Montevideo: 24-04-1951. Grand Palace
   La fan de un cantor hace lo imposible para verlo y estar con el."
1519,LA COMEDIA INMORTAL,Comedia,Olga Zubarry,Juan C. Thorry,Pedro Quartucci,Catrano Catrani,1950,B&N,DVD,"Fecha de estreno en Montevideo: 16-02-1954. Coventry
   Los grandes amantes de la literatura universal ayudan a una bibliotecaria a concretar su amor con un joven."
1520,VUELVA EL PRIMERO,Comedia,Angel Magaña,Analía Gadé,Juan C. Thorry,Kurt Land,1951,B&N,DVD,"Fecha de estreno en Montevideo: 27-05-1952. Coventry, Rex
   Un hombre, eterno deudor moroso se enamora de una cobradora a domicilio."
1521,EL MAS INFELIZ DEL PUEBLO,Comedia,Luis Sandrini,Hector Quintanilla,Ana May,Luis Bayón Herrera,1941,B&N,DVD,"Fecha de estreno en Montevideo: 19-02-1942. Radio City
   Un hombre bueno es obligado a casarse con la hija del caudillo de un pueblo y es ascendido a jefe de personal de la municipalidad."
1522,MUNDIALITO,Documental,,,,Sebastián Bednarik,2010,Color,DVD,"Fecha de estreno en Montevideo: 29-10-2010. Movie Center Montevideo. Funciones regulares desde 5-11-2010 Movie Center Montevideo, Portones y Punta Carretas. Grupocine Ejido. Hoyts Alfabeta. Plaza
  Mejor documental nacional según FIPRESCI. Uruguay."
1523,EL LLANERO SOLITARIO,Western,Johnny Depp,Armie Hammer,William Fichtner,Gore Verbinski,2013,Color,DVD,"Fecha de estreno en Montevideo:17-07-2013. Movie Center Montevideo, Portones y Punta Carretas. Grupocine P. Carretas y Torre de los Profesionales."
1524,TENER O NO TENER,Cine Negro,Humphrey Bogart,Lauren Bacall,Walter Brennan,Howard Hawks,1944,B&N,DVD,Fecha de estreno en Montevideo:29-06-1945. Metro
1525,LA SENDA TENEBROSA,Cine Negro,Humphrey Bogart,Lauren Bacall,Bruce Bennett,Delmer Daves,1947,B&N,DVD,Fecha de estreno en Montevideo: 13-12-1948. Ambassador
1526,SIN CONCIENCIA,Cine Negro,Humphrey Bogart,Zero Mostel,Ted de Corsia,Raoul Walsh,1951,B&N,DVD,Fecha de estreno en Montevideo: 16-08-1954. Plaza
1527,RETORNO AL ABISMO (La huella fatal),Cine Negro,Humphrey Bogart,Alexis Smith,Sydney Greenstreet,Curtis Bernhardt,1945,B&N,DVD,Fecha de estreno en Montevideo:30-11-1945. Metro
1528,LA DAMA DE ORO,Drama,Helen Mirren,Ryan Reynolds,Katie Holmes,Simon Curtis,2015,Color,DVD,"16-07-2015 Life, Movie
Después de sesenta años de haber escapado de Viena, una mujer trata de recuperar bienes que los nazis le confiscaron."
1529,EL RIFLE,Western,Gary Cooper,Phyllis Thaxter,David Brian,Andre de Toth,1952,Color,DVD,"Fecha de estreno en Montevideo: 29-05-1956.El Polvorín,Iguazú"
1530,SANTA PAWS,Familiar,Reese Alexander,Diedrich Bader,Sahar Biniaz,Robert Vince,2010,Color,DVD,
1531,MEDIO MILLON POR UNA MUJER,Comedia,Enrique Serrano,Elias Alippi,Eva Franco,Francisco Mugica,1940,B&N,DVD,"Fecha de estreno en Montevideo: 3-07-1941.Radio City
   Un secuestrador se hace pasar por médico para raptar a la esposa de un avaro."
1532,VALENTINA,Comedia,Olga Zubarry,Juan José Miguez,Severo Fernandez,Manuel Romero,1950,B&N,DVD,"Fecha de estreno en Montevideo: 20-06-1950. Eliseo
   Por un desperfectoen el auto, una joven millonaria conoce a un mecánico que ha inventado un carburador especial."
1533,SOMOS TODOS INQUILINOS,Comedia,Juan C. Thorry,Analía Gadé,Francisco Alvarez,Juan C. Thorry,1954,B&N,DVD,"Fecha de estreno en Montevideo:9-08-1954.Ambassador
   Film en tres episodios."
1534,EL MEJOR PAPA DEL MUNDO,Comedia,Angel Magaña,Elías Alippi,Nuri Montse,Francisco Mugica,1941,B&N,DVD,"Fecha de estreno en Montevideo: 26--02-1941 Ambassador
  Un prestigioso  abogado implicado en manejos de una compañía extranjera recibirá de su hijo una dura lección."
1535,EN EL ULTIMO PISO,Comedia,Juan C. Thorry,Zully Moreno,Miguel Gomez Bao,Catrano Catrani,1942,B&N,DVD,"Fecha de estreno en Montevideo: 18-02-1943. Radio City
  Una joven intenta mantener apariencia de millonaria lo que la arrastra a una serie de enredos y a un amor millonarioo."
1536,ARRABALERA,Drama,Tita Merello,Santiago Gomez Cou,Tito Alonso,Tulio Demicheli,1950,B&N,DVD,"Fecha de estreno en Montevideo: 9-05-1950. Grand Palace, Victory
   Una mujer embarazada es maltratada por su pareja, un hombre de malas costumbres. Es aceptada por otro hombre y el hijo crecerá desconociendo la verdad."
1537,EL HONORABLE INQUILINO,Comedia,Alberto Closas,Olga Zubarry,Amalia Sanchez Ariño,Carlos Schlieper,1951,B&N,DVD,"Fecha de estreno en Montevideo: 1-1-1952. Grand Palace
  Un ladrón profesional alquila una habitación en una casa para observar los movimientos del banco que piensa asaltar."
1538,JUICIO EN NUREMBERG,Drama,Spencer Tracy,Burt Lancaster,Richard Widmark,Stanley Kramer,1961,B&N,DVD,Fecha de estreno en Montevideo: 5-07-1962 Trocadero
1539,LEVEN ANCLAS,Musical,Frank Sinatra,Gene Kelly,Kathryn Grayson,George Sidney,1945,Color,DVD,Fecha de estreno
1540,MONSIEUR BEAUCARIE,Comedia,Bob Hope,Joan Caufield,Patrick Knowles,George Marshall,1946,B&N,DVD,"Fecha de estreno en Montevideo:27-07-1947. Coventry
   Para este estreno estuvo presente en Montevideo Bob Hope acompañado de su familia en gira de placer y propaganda por América del Sur."
1541,WHERE THERE'S LIFE (Tronado y destronado),Comedia,Bob Hope,Signe Hasso,William Bendix,Sidney Lanfield,1947,B&N,DVD,Fech de estreno en Montevideo: 29-09-1948. Ambassador
1542,ACCION EN EL ATLANTICO NORTE,Bélica,Humphrey Bogart,Raymond Massey,Alan Hale,Raoul Walsh,1943,B&N,DVD,Fecha de estreno en Montevideo:6-04-1944.Ambassador
1543,TOKYO JOE,Bélica,Humphrey Bogart,Alexander Knox,Florence Marly,Stuart Heisler,1949,B&N,DVD,"Fecha de estreno en Montevideo: 26-09-1950.Trocadero, Eliseo"
1544,A SANGRE FRIA,Drama,Robert Blake,Scott Wilson,John Forsythe,Richard Brooks,1967,B&N,DVD,Fecha de estreno en Montevideo: 10-08-1968. Plaza
1545,CORAZON DE LEON,Comedia,Guillermo Francella,Julieta Diaz,Nicolás Francella,Marcos Carnevale,2013,Color,DVD,"fecha de estreno en Montevideo:5-09-2013. Movie Center Portones, Montevideo, Punta Carretas, Casablanza, Grand Prix
   Comedia sobre una abogada que se enamora de un hombre de estatura mucho mas baja que ella."
1546,WAR ARROW,Western,Jeff Chandler,Maureen O'Hara,John McIntire,George Sherman,1953,Color,DVD,Fecha de estreno en Montevideo: 10-12-1954. California
1547,THE BROADWAY MELODY,Musical,Charles King,Anita Page,Bessie Love,Herry Beaumont,1929,B&N,DVD,fecha de estreno en Montevideo:7-11-1929. Rex
1549,EL SUEÑO DE WALT (Saving Mr Banks),Comedia,Tom Hanks,Emma Thompson,Colin Farrell,John Lee Hancock,2013,Color,DVD,"Fecha de estreno en Montevideo: 20-03-2014. Movie Montevideo, Portones,Grupo Cine Punta Carretas, Torre de los Profesionales, Life Alfabeta"
1550,ECLIPSE DE SOL,Comedia,Libertad Lamarque,George Rigaud,Pedro Quartucci,Luis Saslavsky,1943,B&N,DVD,"Fecha de estreno en Montevideo:3-02-1944.Radio City
   Una actriz se casa en secreto con un joven estanciero que la deja para volver al campo. Haciéndose pasar por mucama le dará una lección."
1551,PASAPORTE A RIO,Drama,Mirtha Legrand,Arturo de Córdova,Francisco de Paula,Daniel Tinayre,1948,B&N,DVD,"Fecha de estreno en Montevideo:22-09-1948.Grand Palace
  una corista es testigo de un crimen y viaja a Rio de Janeiro encubriendo al asesino. En el barco se enamora de un médico."
1552,¿POR QUE MINTIO LA CIGÜEÑA?,Comedia,Susana Freyre,Roberto Escalada,Pedro Quartucci,Carlos H. Christensen,1949,B&N,DVD,"Fecha de estreno en Montevideo: 15-12-1948. Grand Palace
   unhombre abandona a su esposa creyándola infiel. Para hacerlo regresar la mujer y un amigo le hacen creer que ella tuvo un hijo suyo."
1553,MALEFICIO,Cine Negro,Narciso Ibañez Menta,Olga Zubarry,Jorge Mistral,Leon Klimovsky,1953,B&N,DVD,"Fecha de estreno en Montevideo: 4-05-1954. Coventry
   Tres historias sobre una joya y su maléfica influencia."
1554,PARA VESTIR SANTOS,Drama,Tita Merello,Jorge Salcedo,Alba Mujica,Leopoldo Torre Nilson,1955,B&N,DVD,"Fecha de estreno en Montevideo:27-03-1956.Coventry
   Preocupada por atender a los demás, una mujer se olvida de sí misma y queda soltera y sola."
1555,LA SOMBRA DE SAFO,Drama,Mecha Ortiz,Roberto Escalada,Santiago Gómez Cou,Julio Porter,1955,B&N,DVD,"Fecha de estreno en Montevideo: 4-03-1958. Coventry
   Para impedir que un político triunfe, un periodista chantajea a su esposa con viejas cartas de amor de una antigua relación."
1556,LOS DE LA MESA DIEZ,Drama,Emilio Alfaro,Ma Aurelia Bisutti,Luis Medina Castro,Simón Feldman,1960,B&N,DVD,"Fecha de estreno en Montevideo: 2-10-1961. Coventry
   El romance entre una estudiante de arquitecura y un mecánico.
   Película injustamente olvidada al hablar de la época."
1557,SIEMPRE FUIMOS COMPAÑEROS,Musical,Donald,Hugo del Carril,Jorge Barreiro,Fernado Siro,1973,Color,DVD,"Fecha de estreno en Montevideo: 1-01-1974. Ambassador
   Entretenida comedia con reparto intergeneracional."
1558,PATRULLA DE AUDACES(Westbound),Western,Randolph Scott,Virginia Mayo,Karen Steele,Budd Boetticher,1959,Color,DVD,Fecha de estreno en Montevideo:20-06-1960. Iguazú
1559,RUTA DE CUATREROS,Western,William Boyd,Jimmy Ellison,George Hayes,Nate Watt,1936,B&N,DVD,
1560,COMANCHE,Western,Dana Andrews,Kent Smith,Linda Cristal,George Sherman,1955,Color,DVD,Fecha de estreno en Montevideo:25-12-1957. Plaza
1561,VIENTO SALVAJE,Aventuras,Gary Cooper,Barbara Stanwyck,Anthony Quinn,Hugo Fregonese,1953,B&N,DVD,Fecha de estreno en Montevideo: 19-04-1956.Censa
1562,TARZAN AL RESCATE,Aventuras,Lex Barker,Vanessa Brown,Denise Darcel,Lee Sholem,1950,B&N,DVD,"Fecha de estreno en Montevideo:23-04-1951. Eliseo
 Tarzan debe rescatar a Jane y a una enfermera, ambas en poder de unos habitantes de una ciudad secreta"
1563,TARZAN Y EL GRAN RIO,Aventuras,Mike Henry,Diana  Millay,Manuel Padilla Jr,Robert Day,1967,Color,DVD,Fecha de estreno en Montevideo:14-07-1969. Iguazú
1564,EL MONSTRUO DE LA LAGUNA NEGRA,Terror,Richard Carlson,Julie Adams,Richard Denning,Jack Arnold,1954,B&N,DVD,Fecha de estreno en Montevideo:11-10-1954. Ambassador
1565,EL REGRESO DEL MONSTRUO,Terror,John Agar,Lori Nelson,John Bromfield,Jack Arnold,1955,B&N,DVD,Fecha de estreno en Montevideo: 26-06-1956. Eliseo
1566,CARNET DE BAILE,Drama,Harry Baur,Marie Bell,Fernandel,Julien Duviuer,1937,B&N,DVD,Fecha de estreno en Montevideo: 5-05-1938.Ambassador
1567,AMANECE,Drama,Jean Gabin,Jules Berry,Bernard Blier,Marcel Carné,1939,B&N,DVD,Fecha de estreno en Montevideo: 8-08-1940. Radio City
1568,FANFAN LA TULIPE,Aventuras,Gerard Philipe,Gina Llollobrigida,Marcel Herrand,Christian-Jaque,1952,B&N,DVD,Fecha de estreno en Montevideo: 14-07-1955.Radio City
1569,LA TRAVESIA DE PARIS,Drama,Jean Gabin,Louis de Funes,Bourvil,Claude Autant-Lara,1956,B&N,DVD,Fecha de estreno en Montevideo: 8-03-1959.Coventry
1570,LA GRAN ILUSION,Drama,Jean Gabin,Pierre Fresnay,Erich Von Stroheim,Jean Renoir,1937,B&N,DVD,Fecha de estreno en Montevideo: 22-06-1938. Ariel
1572,MICKEY'S CHRISTMAS CAROL,Dibujos Animados,Alan Young,Wayne Allwin,Hal Smith,Burny Mattinson,1983,Color,DVD,No estrenada en salas en Uruguay.
1573,METEGOL,Dibujos Animados,Pablo Rago,Angel Rodriguez,Fabian Gianola,Juan José Campanella,2013,Color,DVD,"Fecha de estreno en Montevideo: 9-01-2014. Movie Center Montevideo, Portones,Punta Carretas,Nuevo Centro, Grupo Cine Punta carretas, Torre de los profesionales
  Las aventuras de unos jugadores de futbolito que cobran vida."
1575,EL SILENCIO,Drama,Ingrid Thulin,Gunnel Lindblom,Birger Malmsten,Ingmar Bergman,1963,B&N,DVD,"Fecha de estreno en Montevideo:17-01-1964. Ariel.
107.800 espectadores"
1576,LA HORA DEL LOBO,Drama,Liv Ullmann,Max Von Sidow,Erland Josephson,Ingmar Bergman,1967,B&N,DVD,Fecha de estreno en Montevideo: 17.10.1968. California
1577,LA FUENTE DE LA DONCELLA,Drama,Max Von Sidow,Birgitta Valberg,Birgitta Petterson,Ingmar Bergman,1959,B&N,DVD,Fecha de estreno en Montevideo: 2-05-1965. California
1578,FANNY & ALEXANDER,Drama,Erland Josephson,Ewa Fröling,Gunn Wallgren,Ingmar Bergman,1982,Color,DVD,Fecha de estreno en Montevideo: 14-06-1984. Centrocine
1579,GRITOS Y SUSURROS,Drama,Harriet Andersson,Ingrid Thulin,Liv Ullman,Ingmar Bergman,1972,Color,DVD,Fecha de estreno en Montevideo: 10-09-1973.18 de julio
1580,OTELO,Drama,Orson Welles,Suzanne Cloutier,Micheal MacLiammoir,Orson Welles,1951,B&N,DVD,Fecha de estreno en Montevideo:10-01-1995. pocitos
1581,EL GRADUADO,Comedia,Dustin Hoffman,Anne Bancroft,Catherine Ross,Mike Nichols,1967,Color,DVD,fecha de estreno en Montevideo: 31-03-1969. Ambassador
1582,ANALIZAME,Comedia,Robert De Niro,Billy Crystal,Lisa Kudrow,Harold Ramis,1999,Color,DVD,"Fecha de estreno en Montevideo:24-07-1999. Ejido, Punta Carretas, Plaza Arocena,Portones"
1583,ANALIZATE,Comedia,Robert De Niro,Billy Crystal,Lisa Kudrow,Harold Ramis,2002,Color,DVD,"fecha de estreno en Montevideo: 07-02-2003. Movie Center P. carretas,Montevideo y Portones."
1584,BASICO Y LETAL,Aventuras,John Travolta,Connie Nielsen,Samuel L Jackson,John McTiernan,2003,Color,DVD,"Fecha de estreno en Montevideo: 12-12-2003. Movie Center Montevideo, Portones,P Carretas y Cinemetro."
1585,PEPE LE MOKO,Drama,Jean Gabin,Mireille Balin,Line Moro,Julien Duvivier,1937,B&N,DVD,Fecha de estreno en Montevideo: 18-06-1942. Radio City
1586,MACBETH,Drama,Orson Welles,Jeanette Nolan,Roddy McDowell,Orson Welles,1948,B&N,DVD,Fecja de estreno en Montevideo: 12-05-1953. Eliseo
1587,CASINO ROYALE,Comedia,Peter Sellers,David Niven,Deborah Kerr,John Huston,1967,Color,DVD,Fecha de estreno en Montevideo: 24-08-1967.Plaza
1588,NAVIDAD BLANCA,Familiar,Bing Crosby,Danny Kaye,Rosemary Clooney,Michael Curtiz,1954,Color,DVD,Fecha de estreno en Montevideo: 20-12-1954. Plaza
1589,XXY,Drama,Ricardo Darín,Valeria Bertuccelli,Inés Efron,Lucía Puenzo,2007,Color,DVD,"Fecha de estreno en Montevideo: 5-10-2007. Movie Montevideo,Portones. Grupo cine Punta Carretas. Alfabeta Hoyts
 Alejada de la ciudadpor suspadres al nacer, Alex tiene 15 años y esconde un secreto.
 La llegada de un joven y su familia desencadena una serie de sucesos que ponen en juego la identidad de la chica."
1590,MARACANA,Documental,Obdulio Varela,Oscar Miguez,Juan A Schiaffino,Sebastián Bednarik,2014,B/n color,DVD,Fecha de estreno en Montevideo:12-03-2014. Estadio Centenario
1591,ATRAPADO SIN SALIDA,Drama,Jack Nicholson,Louise Fletcher,Will Sampson,Milos Forman,1975,Color,DVD,"Fecha de estreno en Montevideo:30-03-1976. Plaza
 Esta fue la segunda vez que la Academia de Hollywood otorgó todos los premios principales (mejor película, actor, acriz, director y libreto) a una misma película. La primera fue ""Lo que sucedió aquella noche"" en 1934. En 1991 hubo una tercera: ""El silencio de los inocentes""."
1592,CONVENCION DE VAGABUNDOS,Comedia,Ubaldo Martinez,Atilio Marinelli,Graciela Borges,Ruben W. Cavallotti,1965,B&N,DVD,"Fecha de estreno en Montevideo: 21-10-1965 Central
   Un vagabundo recibe una herencia y convoca a sus pares para decidir que hacer con el dinero."
1593,TESTIGO DE CARGO,Policial,Tyrone Power,Marlene Dietrich,Charles Laughton,Billy Wilder,1957,B&N,DVD,Fecha de estreno en Montevideo:11-08-1958. Plaza
1594,NIDO DE RATAS,Drama,Marlon Brando,Eva Marie Saint,Lee J. Cobb,Elia Kazan,1954,B&N,DVD,Fecha de estreno en Montevideo:29-05-1955. Censa
1595,DRACULA,Terror,Frank Langella,Laurence Olivier,Kate Nelligan,John Badham,1979,Color,DVD,Fecha de estreno en Montevideo:27-03-1980.Metro
1596,SUEÑO DE LIBERTAD,Drama,Tim Robbins,Morgan Freeman,Clancy Brown,Frank Darabont,1994,Color,DVD,"Fecha de estreno: 11-08-1995.Cine Metro, Opera."
1597,LOS ULTIMOS HOMBRES RUDOS,Western,Charlton Heston,James Coburn,Barbara Hershey,Andrew V McLaglen,1976,Color,DVD,Fecha de estreno en Montevideo: 4-04-1977. Rex
1598,LA INVENCION DE HUGO CABRET,Ciencia Ficción,Asa Butterfield,Ben Kingsley,Sacha Baron Cohen,Martin Scorsese,2011,Color,DVD,"Fecha de estreno en Montevideo:3-02-2012. Movie Montevideo, Portones y P. Carretas. Grupo Cine Ejido y Punta Carretas"
1599,AMOR ETERNO,Drama,Alex Pettyfer,Gabriella Wilde,Bruce Greenwood,Shana Feste,2014,Color,DVD,Fecha de estreno en Montevideo: 22-05-2014. Movie Portones y Montevideo. Grupo Cine P. Carretas
1600,EL ZORRO (3era Temporada),Aventuras,Guy Williams,Henry Calvin,Gene Sheldon,William Witney,1960,B&N,DVD,
1602,MI DULCE GEISHA,Comedia,Shirley MacLaine,Ives Montand,Edward Robinson,Jack Cardiff,1961,Color,DVD,Fecha de estreno en Montevideo:5-07-1962.Censa
1603,UNION STATION,Cine Negro,William Holden,Nancy Olson,Barry Fitzgerald,Rudolph Maté,1950,B&N,DVD,"Fecha de estreno en Montevideo: 1-10-1952 como ""Noche de terror en Manhattan"""
1604,GUADALCANAL,Bélica,Lloyd Nolan,William Bendix,Anthony Quinn,Lewis Seiler,1943,B&N,DVD,Fecha de estreno en Montevideo: 4-05-1944. Ambassador
1605,ARROYO COMANCHE,Western,Audie Murphy,Ben Cooper,Coleen Miller,Frank Mc Donald,1963,Color,DVD,Fecha de estreno en Montevideo (como Imperio de Audaces) 1-01-1966 Rex
1606,EXTRAÑA AVENTURA,Western,Vera Ralston,Forrest Tucker,Joan Leslie,Joseph Kane,1954,Color,DVD,"Fecha de estreno en Montevideo:10-02-1958. Ambassador. Título local: ""La aventura comienza mañana"""
1607,LOS MALOS REGRESAN,Western,Randolph Scott,Robert Ryan,Anne Jeffreys,Ray Enright,1948,B&N,DVD,Fecha de estreno en Montevideo: 16-06-1949-Rex
1608,EL VALLE DE LOS DESAPARECIDOS (serial),Western,Bill Elliot,Slim Summerville,Carmen Morales,Spencer Bennet,1942,B&N,DVD,
1609,DEADWOOD DICK (serial),Western,Don Douglas,Lorna Gray,George Morgan,James W. Horne,1940,B&N,DVD,Se desconoc la fecha de estreno. Se exibión en episodios.
1610,EL POTRO PINTO (serial),Western,"Ray ""Crash"" Corrigan",Hoot Gibson,Duncan Renaldo,William Witney,1937,B&N,DVD,Se desconoc la fecha del estreno. Se exibión en episodios.
1611,LOS TAMBORES DE LA SELVA (serial),Aventuras,Clayton Moore,Phillis Coates,Johnny Spencer,Fred C. Brannon,1953,B&N,DVD,"Se exhibión en episodios. Se desconoce la fecha de estreno.
Título alternativo:""Los Tambores de la Muerte"""
1612,DETECTIVE PRIVADO,Policial,Robert Mitchum,Sarah Miles,Joan Collins,Michael Winner,1977,Color,DVD,"Fecha de estreno en Montevideo:5-02-1979. Ambassador.
Título local: ""No llores más, Muñeca"""
1613,LA DAMA DEL MILLON,Comedia,Tilda Thamar,George Rigaud,Julia Sandoval,E. Cahen Salaberry,1955,B&N,DVD,"Fecha de estreno en Montevideo:6-12-1956. Grand Palace
 Una viuda que debe cobrarel seguro de vida de su esposo, es cortejada por el director de la compañía de seguros. Hasta que el muerto aparece.
  Lucimiento de Tilda Thamar.
  Ultima película de Felisa Mary."
1614,LA RUBIA MIREYA,Drama,Mecha Ortiz,Fernando Lamas,Severo Fernandez,Manuel Romero,1948,B&N,DVD,"Fecha de estreno en Montevideo:25-10-1948. Grand Palace
   Las desventuras de una mujer casada a disgusto, divorciada y rechazada por su hijo."
1615,EL LADRON CANTA BOLEROS,Comedia,Mario Clavel,Pablo Palitos,Susana Canales,Enrique Cahen Salaberry,1950,B&N,DVD,"Fecha de estreno en Montevideo: 8-05-1950. Coventry
  Un cantor de boleros se hace pasar por muerto para poder triunfar.
  Comedia bastante ágil y entretenida."
1616,UN BEBE DE CONTRABANDO,Comedia,Luis Sandrini,Sara Olmos,Rufino Cordoba,Eduardo Morera,1940,B&N,DVD,"Fecha de estreno en Montevideo: 29-08-1940. Radio City
  Un ingenuo cuidador de autos tiene que hacerse cargo de un bebé y buscar a su verdadero padre."
1617,LA SUERTE LLAMA TRES VECES,Comedia,Luis Sandrini,Ana María Lynch,Eduardo Sandrini,Luis Bayón Herrera,1943,B&N,DVD,"Fecha de estreno en Montevideo: 12-08-1943. Radio City
   Un empleado es tentado por un grupo de delicuentes. Todos creen que aceptará pero los desenmascara."
1618,DIMENSION DESCONOCIDA (1era t,Suspenso,Robert McCord,Jay Overholts,Vaughn Taylor,Varios,1959,B&N,DVD,
1619,DIMENSION DESCONOCIDA (2da t),Suspenso,Jack Clugman,Burgess Meredith,John Anderson,Varios,1960,B&N,DVD,
1620,CLEOPATRA,Histórica,Elizabeth Taylor,Richard Burton,Rex Harrison,Joseph L. Mankiewicz,1963,Color,DVD,Fecha de estreno en Montevideo:5-03-1964. California
1621,LA DALIA AZUL,Cine Negro,Alan Ladd,William Bendix,Veronica Lake,George Marshall,1946,B&N,DVD,Fecha de estreno en Montevideo:16-05-1947. Metro
1622,LABIOS SELLADOS,Drama,Richard Widmark,Richard Basehart,Dolores Michaels,Karl Malden,1957,B&N,DVD,Fecha de estreno en Montevideo: 2-06-1958. Central
1623,LOS NUEVOS RICOS,Comedia,Bob Hope,Lucille Ball,Bruce Cabot,George Marshall,1950,Color,DVD,|Fecha de estreno en Montevideo: 19-05-1952. Trocadero
1624,SEIS DESTINOS,Drama,Charles Boyer,Henry Fonda,Charles Laughton,Julien Duviver,1942,B&N,DVD,Fecha de estreno en Montevideo: 29-04-1943. Ambassador
1625,LOS CAUTIVOS,Western,Randolph Scott,Maureen O'Sullivan,Richard Boone,Budd Boetticher,1957,Color,DVD,Fecha de estreno en Montevideo: 10-07-1958. Central
1626,ASI MUEREN LOS VALIENTES,Western,Fred MacMurray,Dorothy Malone,Walter Brennan,Alfred Werker,1955,Color,DVD,fecha de estreno en Montevideo:25-03-1957. Trocadero.
1627,LADY HAMILTON,Drama,Vivien Leigh,Laurence Olivier,Alan Mowbray,Alexander Korda,1941,B&N,DVD,Fecha de estreno en Montevideo:16-07-1941. Trocadero
1628,TERROR CIEGO,Suspenso,Mia Farrow,Dorothy Alison,Robin Bailey,Richard Fleischer,1971,Color,DVD,Fecha de estreno en Montevideo: 31-01-1972. Plaza
1629,2001 UNA ODISEA DEL ESPACIO,Ciencia Ficción,Keir Dullea,Gary Lockwood,William Sylvester,Stanley Kubrick,1968,Color,DVD,Fecha de estreno en Montevideo: 16-07-1969. Ambassador
1630,HENRY V,Drama,Laurence Olivier,Rene Asherson,Harcourt Williams,Laurence Olivier,1944,B&N,DVD,
1631,EL ZORRO EN LA CORTE INGLESA,Aventuras,Frank Ressel,Carol Wells,Barbara Carrol,Francisco Montemurro,1969,Color,DVD,
1632,WATERLOO,Histórica,Rod Steiger,Christopher Plummer,Orson Welles,Sergei Bondarchuk,1970,Color,DVD,
1633,EL ZORRO DEL DESIERTO,Bélica,James Mason,Jessica Tandy,Cedric Hardwicke,Henry Hathaway,1951,B&N,DVD,
1634,MAC ARTHUR,Bélica,Gregory Peck,Ivan Bonar,Ward Costello,Joseph Sargent,1977,Color,DVD,Fecha de estreno en Montevideo: 24-08-1978. Metro
1635,ARDE PARIS?,Bélica,Alain Delon,Kirk Douglas,Orson Welles,René Clement,1966,B&N,DVD,
1636,LOS DIEZ MANDAMIENTOS,Histórica,Charlton Heston,Yul Brynner,Anne Baxter,Cecil B. Demille,1956,Color,DVD,
1637,EL MANTO SAGRADO,Histórica,Richard Burton,Jean Simmons,Victor Mature,Hnery Koster,1953,Color,DVD,
1638,ALEJANDRO MAGNO,Histórica,Richard Burton,Fredric March,Claire Bloom,Robert Rossen,1956,Color,DVD,
1639,EL NIÑO DE LOS CABELLOS VERDES,Drama,Robert Ryan,Barbara Hale,Pat O'Brien,Joseph Losey,1948,B&N,DVD,
1640,EL HOMBRE DEL BRAZO DE ORO,Drama,Frank Sinatra,Eleanor Parker,Kim Novak,Otto Preminger,1955,B&N,DVD,
1641,¿QUIEN LE TEME A VIRGINIA WOOLF?,Drama,Elizabeth Taylor,Ricahrd Burton,George Segal,Mike Nichols,1966,B&N,DVD,
1642,FRANKESTEIN,Terror,Boris Karloff,Colin Clive,Mae Clarke,James Whale,1931,B&N,DVD,
1643,EL CASERON DE LAS SOMBRAS,Terror,Boris Karloff,Melvyn Douglas,Charles Laughton,James Whale,1932,B&N,DVD,
1644,LA NOVIA DE FRANKESTEIN,Terror,Boris Karloff,Colin Clive,Elsa Lanchester,James Whale,1935,B&N,DVD,
1645,LOS BAJOS FONDOS,Drama,Jean Gabin,Louis Jouvet,Robert Le Vigan,Jean Renoir,1936,B&N,DVD,Fecha de estreno en Montevideo: 2-12-1938. Ambassador
1646,DOS CONTRA LA CIUDAD,Cine Negro,Jean Gabin,Alain Delon,Mimsy Farmer,José Giovanni,1973,Color,DVD,Fecha de estreno en Montevideo: 30-09-1974. Plaza
1647,EL ABUELO SINVERGUENZA,Comedia,Johnny Knoxville,Jackson Nicoll,Greg Harris,Jeff Tremaine,2013,Color,DVD,
1648,LAS MONJAS DE SAN ARCANGEL,Drama,Anne Heywood,Luc Merenda,Ornella Mutti,Domenico Paolella,1973,Color,DVD,18-10-1974 Ariel
1649,PEABODY & SHERMAN,Dibujos Animados,Ty Burrell,Max Charles,Stephen Colber,Rob Minkoff,2014,Color,DVD,
1650,MALEFICA,Drama,Angelina Jolie,Elle Fanning,Juno Temple,Robert Stromberg,2014,Color,DVD,
1651,LOS INTOCABLES (4a temporada),Policial,Robert Stack,Nicholas Giorgade,Paul Picerni,Varios,1962,B&N,DVD,"Serie TV
 Actores Invitados
 Robert Vaughn Ep26
 Telly Savalas Ep 14
 Lee Marvin Ep 10
 Richard Conte Ep 3
 Barbara Stanwyck Ep 8/13
 Robert Duvall Ep 17
 Robert Redford Ep 15"
1653,SENDEROS DE FE,Comedia,Amanda Ledesma,Floren Delbene,Juan C. Thorry,Luis Moglia Barth,1938,B&N,DVD,"28-01-1939 Ariel
  Una chica convence a un hombre para que se dedique a la beneficencia."
1654,ADIOS PAMPA MIA,Comedia,Alberto Castillo,Ma Esther Gamas,Herminia Franco,Manuel Romero,1946,B&N,DVD,"17-04-1947 Radio City
 Un humilde transpunte teatral llega a astro de la canción.
 Primera película de Alberto Castillo.
 Buen éxito en su momento."
1655,FIN DE MES,Drama,Narciso Ibáñez Menta,Hector Calcagno,Ana Arneodo,Enrique Cahen Salaberry,1953,B&N,DVD,"16-06-1953 Coventry
  Un honesto cajero de banco de pronto de aparta de su honesta rutina."
1656,EL DIAMANTE DEL MAHARAJA,Comedia,Luis Sandrini,Guillermo Battaglia,Ma Teresa Squerra,Roberto de Ribon,1956,B&N,DVD,"8-01-1947 Grand Palace
  Un hombre se traga un diamante de un maharajá"
1657,DERECHO VIEJO,Drama,Juan José Miguez,Laura Hidalgo,Severo Fernandez,Manuel Romero,1951,B&N,DVD,"6-02-1951 Grand Palace, Ambassador
 Al triunfar como músico, el compositor Eduardo Arolas pierde el cariño de su novia debido a una trampa urdida por una mujer interesada en él."
1658,RADIO BAR,Comedia,Juan C. Thorry,Gloria Guzman,Olinda Bozán,Manuel Romero,1936,B&N,DVD,"11-09-1936 Mogador
 Los empleados de una boite, con aspiraciones de artistas tienen la posibilidad de llegar a trabajar en la radio."
1659,16 AÑOS,Drama,María Duval,Alicia Barrié,George Rigaud,Carlos H. Christensen,1943,B&N,DVD,"17-06-1943 Ambassador
 Una ingenua adolescente frente a una realidad angustiosa que le inculca la idea del suicidio."
1660,ARROZ CON LECHE,Comedia,Angel Magaña,Malisa Zini,Esteban Serrador,Carlos Schlieper,1950,B&N,DVD,"3-11-1950 Maracaná
 Una madre se hace pasar por madre de mellizos para conquistar a un abogado."
1661,LA MUCHACHA DEL CIRCO,Drama,Luis Arata,Irma Córdoba,León Zárate,Manuel Romero,1937,B&N,DVD,"Fecha de estreno en Montevideo:29-01-1938 Ariel
 En un circo distintos personajes viven diferentes situaciones: el dueño engañado por su mujer, el payaso amargado, la trapecista enamorada de su novio que en realidad ama su madrasta."
1662,LA TIA DE CARLOS,Comedia,Pedro Quartucci,Francisco Alvarez,Amanda Varela,Leopoldo Torres Ríos,1946,B&N,DVD,"Fecha de estreno en Montevideo:27-11-1946 Grand Palace
   Un muchacho se hace pasar por la tía de unos amigos para solucionarles algunos problemas."
1663,EL JEFE,Cine Negro,Alberto de Mendoza,Orestes Caviglia,Leonardo Favio,Fernando Ayala,1958,B&N,DVD,"Fecha de estreno en Montevideo: 13-04-1959. Central
  Alentados por su jefe, un grupo de jóvenes se decica a la estafa y los negocios fáciles."
1664,CINCO LOCOS EN LA PISTA,Comedia,Rafael Carret,Jorge Luz,Guillermo Rico,Augusto Vatteone,1950,B&N,DVD,"Fecha de estreno en Montevideo: 2-10-1950.Coventry
   Los muchachos se preocupan por el robo de un carburador que les impide participar en una carrera automovilística."
1665,"DRINGUE,CASTRITO Y LA LAMPARA DE ALADINO",Comedia,Dringue Farias,Carlos Castro,Carmen Torres,Luis Moglia Barth,1953,B&N,DVD,"Fecha de estreno en Montevideo: 24-01-1955. Ambassador
   Acerca de las virtudes mágicas de aquella famosa lámpara y una aventura de espionaje."
1666,MARIA MAGDALENA,Drama,Laura Hidalgo,Fco Martínez Allende,Ricardo Castro Rios,Carlos H.Christensen,1954,B&N,DVD,"Fecha de estreno en Montevideo: 24-08-1954. Coventry
 Una prostituta ayuda a un científico quien para probar la eficacia de una vacuna se contagia voluntariamente.
 Ultima película de Christensen antes de su partida a Brasil."
1667,UN HOMBRE CUALQUIERA,Drama,Narciso Ibañez Menta,Leonor Rinaldi,Paquita Muñoz,Carlos Rinaldi,1954,B&N,DVD,"Fecha de estreno en Montevideo: 6-02-1956. Ambassador
  Un hombre sencillo se inventa una vida de millonario."
1668,NAVIDAD DE LOS POBRES,Comedia,Nini Marshall,Tito Lusiardo,Irma Córdoba,Manuel Romero,1947,B&N,DVD,"Fecha de Estreno en Montevideo: 17-09-1947. Grand Palace
  Catita vendedora de una perfumería, una amiga de pasado dudoso y un niño bien."
1669,EL PENDIENTE,Policial,Mirtha Legrand,José Cibrian,Francisco de Paula,Leon Klimovsky,1951,B&N,DVD,"Fecha de estreno en Montevideo: 3-09-1951. Grand Palace
   Una mujer es chanajeada por un ex novio. Cuando va a verlo deja olvidado un pendiente. Vuelve a buscarlo y encuentra que lo han asesinado."
1670,LA LUZ DE UN FOSFORO,Comedia,Severo Fernandez,Pepita Serrador,Eduardo Sandrini,Leopoldo Torres Ríos,1940,B&N,DVD,"Fecha de estreno en Montevideo:15-07-1948. Liberty
   El comportamiento de los amigos de un hombre apocado, lo obliga a inventar una aventura amorosa con una cantante. Las circunstancias lo llevarán a conquistarla."
1671,EL GRAN AMOR DE BECQUER,Drama,Esteban Serrador,Delia Garcés,Susana Freyre,Alberto de Zavalía,1946,B&N,DVD,"Fecha de estreno en Montevideo: 30-10-1947
   Historia de un supuesto romance desencontrado entre el poeta Gustavo Adolfo Becker y una joven obligada a casarse con otro."
1673,EL CANTO DEL CISNE,Drama,Mecha Ortiz,Roberto Escalada,Miguel Gómez Bao,Carlos H. Christensen,1945,B&N,DVD,"Fecha de estreno en Montevideo: 9-08-1945. Ambassador
   Una mujer y un joven compositor viven un apasionado y atormentado romance."
1674,EL CARDENAL DURMIENTE,Suspenso,Arthur Wontner,Ian Fleming,Minnie Rayner,Leslie Hiscott,1931,B&N,DVD,Fecha de estreno en Montevideo: 25-08-1932. Paris
1675,LA MARCA DE LOS CUATRO,Suspenso,Arthur Wontner,Ian Hunter,Isla Bevan,Graham Cutts,1932,B&N,DVD,
1676,EL VALLE DEL MIEDO,Suspenso,Arthur Wontner,,,,0,B&N,DVD,
1677,LA ESTRELLA DE PLATA,Suspenso,Arthur Wontner,Ian Fleming,Lynn Harding,Thomas Bentley,1937,B&N,DVD,
1678,EL VERDUGO,Western,Robert Taylor,Tina Louise,Fess Parker,Michael Curtiz,1959,B&N,DVD,Fecha de estreno en Montevideo: 16-11-1959. Trocadero
1679,PITFALL,Cine Negro,Dick Powell,Lizabeth Scott,Raymond Burr,Andre de Toth,1948,B&N,DVD,Fecha de estreno en Montevideo: 16-11-1949. Eliseo
1680,LA PIMPINELA ESCARLATA,Aventuras,Leslie Howard,Merle Oberon,Raymond Massey,Harold Young,1934,B&N,DVD,Fecha de estreno en Montevideo: 26-05-1935. Rex
1681,LADRONA POR AMOR,Comedia,Shirley MacLaine,Michael Caine,Herbert Lom,Ronald Neame,1966,Color,DVD,Fecha de estreno en Montevideo: 22-05-1967. Plaza
1682,UN YANKI EN LA RAF,Drama,Tyrone Power,Betty Grable,John Suttom,Henry King,1941,B&N,DVD,Fecha de estreno en Montevideo: 12-03-1942. Ambassador
1683,EL CEREBRO QUE NO QUERIA MORIR,Ciencia Ficción,Herb Evers,Virginia Leith,Leslie Daniel,Joseph Green,1959,B&N,DVD,Se desconoce si fue estrenada en salas
1684,DOS AMIGOS Y UN AMOR,Comedia,Pepe Iglesias,Juan C. Thorry,Santiago Gomez Cou,Lucas Demare,1938,B&N,DVD,"Fecha de estreno en Montevideo: 31-08-1938. Ambassador
   Dos muchachos en ambiente radiofónico, una mujer, un engaño y una carta reveladora."
1685,LA VUELTA DE ROCHA,Comedia,Hugo del Carril,Mercedes Simone,Tito Lusiardo,Manuel Romero,1937,B&N,DVD,"Fecha de estreno en Montevideo: 21-09-1937. Radio City
   Enredos sentimentales y policiales en el barrio de la Boca, Argentina."
1686,LOS OJOS LLENOS DE AMOR,Comedia,Angel Mañana,Melisa Zini,Nelida Romero,Carlos Schlieper,1954,B&N,DVD,"Fecha de estreno en Montevideo:1-10-1956 Ambassador
  Una extra de cine se introduce por la fuerza en el departamento de un galán para conquistarlo."
1687,NOCHES DE BUENOS AIRES,Musical,Tita Merello,Fernando Ochoa,Severo Fernandez,Manuel Romero,1935,B&N,DVD,"Fecha de estreno en Montevideo: 23-04-1936 Ariel
   Amoríos en un teatro y un asesinato."
1688,ARMIÑO NEGRO,Drama,Laura Hidalgo,Roberto Escalada,Nicolás Fregués,Carlos H. Christensen,1953,B&N,DVD,"Fecha de estreno en Montevideo: 15-02-1954 Trocadero
   Una mujer de pasado turbio trata de ocultárselo a su hijo adolescente y cambiar su vida, pero no puede."
1689,LA PATRULLA CHIFLADA,Comica,Rafael Carret,Jorge Luz,Guillermo Rico,Carlos Rinaldi,1952,B&N,DVD,"Fecha de estreno en Montevideo: 28-07-1952. Ambassador
   En Casablanca, cinco amigos desenmascarn a una banda de traficantes.
   Una de las mejores películas del grupo."
1690,UNA BALA EN EL CAMINO,Western,Rory Calhoun,Jean Simmons,Stephen McNally,John Farrow,1954,Color,DVD,Fecha de estreno en Montevideo: 6-05-1955. California
1691,RETO A LA MUERTE,Policial,Alan Ladd,Phillis Calvert,Paul Stewart,Lewis Allen,1951,B&N,DVD,Fecha de estreno en Montevideo: 24-05-1952. Teatro Artigas
1692,TEXAS,Western,William Holden,Glenn Ford,Claire Trevor,George Marshall,1941,B&N,DVD,
1693,MI ESPOSA FAVORITA,Comedia,Cary Grant,Irene Dunne,Randolph Scott,Garson Kanin,1940,B&N,DVD,Fecha de estreno en Montevideo:22-08-1940. Radio City
1694,MANDO SINIESTRO,Western,John Wayne,Claire Trevor,Roy Rogers,Raoul Walsh,1940,B&N,DVD,
1695,CIUDAD EN SOMBRAS,Cine Negro,Charlton Heston,Lizabeth Scott,Viveca Lindfors,William Dieterle,1950,B&N,DVD,Fecha de estreno en Montevideo:
1696,EL HOMBRE QUE DESAFIO A LA MUERTE,Terror,Anton Diffring,Hazel Court,Christopher Lee,Terence Fisher,1959,Color,DVD,Fecha de Estreno en Montevideo: 11-06-1960. Ariel
1697,DIBUJOS NOMINADOS A LOS PREMIOS DE LA ACADEMIA,Dibujos Animados,Bugs Bunny,Tom Cat,Jerry Mouse,Varios,1938,Color,DVD,
1698,AFRICA MIA,Drama,Robert Redford,Meryl Streep,Klaus Branlauer,Sydney Pollack,1985,Color,DVD,"Fecha de estreno en Montevideo:13-03-1986. Metro, California."
1699,ORGULLO Y PREJUICIO,Drama,Keira Knightley,Mathew Macfadyen,Brenda Blethyn,Joe Wright,2005,Color,DVD,"Fecha de estreno en Montevideo: 21-04-2006. Movie Center Montevideo. Moviecenter Punta Carretas, Alfabeta Hoyts."
1700,NOTTING HILL,Drama,Julia Roberts,Hugh Grant,Richard McCabe,Roger Michell,1999,Color,DVD,"Fecha de estreno en Montevideo: 30-07-1999. Trocadero, Moviecenter, Carrasco."
1701,SOLTERO EN CASA(Novia por Contrato),Comedia,Matthew McConanghey,Sara Jessica Parker,Katheryn Winnick,Tom Dey,2006,Color,DVD,Fecha de estreno en Montevideo: 9-06-2006. Grupo Cine Arocena.
1702,LOVE STORY,Drama,Ali MacGraw,Ryan O´Neal,Ray Milland,Arthur Hiller,1970,Color,DVD,"fecha de estreno en Montevideo:18-08-1971. Trocadero, Ambassador."
1703,RETO AL DESTINO,Drama,Richard Gere,Debra Winger,David Keith,Taylor Hackford,1982,Color,DVD,Fecha de estreno en Montevideo:17-03-1973. Ambassador. Punta Gorda.
1704,EL HINCHA,Comedia,Enrique Santos Discepolo,Diana Maggi,Mario Passano,Manuel Romero,1951,B&N,DVD,"Fecha de estreno en Montevideo:2-05-1951. Grand Palace
 El fan de un crack en ciernes y su lucha por verlo triunfar"
1705,CABARET,Musical,Liza Minelli,Michael York,Helmut Griem,Bob Fosse,1972,Color,DVD,fecha de estreno en Montevideo: 4-11-1972. Trocadero
1706,LOLITA,Drama,James Mason,Sue Lyon,Shelley Winters,Stanley Kubrick,1962,B&N,DVD,"Fecha de estreno en Montevideo:27-09-1962. Metro, Censa"
1707,MISERY,Suspenso,James Caan,Kathy Bates,Richard Fansworth,Rob Reiner,1990,Color,DVD,Fecha de estreno en Montevideo:5-09-1991.Central
1708,EL DIA MAS LARGO DEL SIGLO,Bélica,John Wayne,Henry Fonda,Richard Burton,Andrew Marton,1962,B&N,DVD,Fecha de estreno en Montevideo: 13-06-1963. California
1709,BAJOS INSTINTOS,Policial,Michael Douglas,Sharon Stone,Jeanne Tripplehorn,Paul Verhoeven,1992,Color,DVD,"fecha de estreno en Montevideo:19-06-1992. Trocadero, Nuevo Ambassador, Alfa"
1710,EL PUENTE DE REMAGEN,Bélica,George Segal,Robert Vaughn,Ben Gazzara,John Guillermin,1969,Color,DVD,Fecha de estreno en Montevideo: 12-11-1970.Plaza
1711,EL HALCON EN MEXICO,Policial,Tom Conway,Mona Maris,Martha Vickers,William Blake,1944,B&N,DVD,fecha de estreno en Montevideo:25-07-1945. Trocadero.
1712,ASESINO DE MUJERES,Policial,Jean Gabin,Annie Girardot,Olivier Hussenot,Jean Delannoy,1958,B&N,DVD,Fecha de estreno en Montevideo:1-06-1959. Censa
1713,EL CASTILLO DEL MIEDO,Policial,Jean Gabin,Michel Auclair,Valentine Tessier,Jean Delannoy,1959,B&N,DVD,Fecha de estreno en Montevideo: 2-05-1961 Radio City
1714,MAIGRET SE EQUIVOCA,Policial,Jean Gabin,Francoise Fabian,Rolend Armontel,Gilles Grangier,1963,B&N,DVD,fecha de estreno en Montevideo: 25-10-1966 Coventry
1715,CARAVANA 1era Temporada,Western,Ward Bond,Robert Horton,Frank McGrath,Varios,1957,B&N,DVD,
1716,LOS TRES MOSQUETEROS,Comedia,Cantinflas,Angel Garasa,Consuelo Frank,Miguel M. Delgado,1942,B&N,DVD,Fecha de estreno en Montevideo:2-03-1944. Radio City
1717,LA VENGANZA DE DOC HOLLIDAY,Western,William McNamara,Eric Roberts,Tom Berenguer,David Decoteau,2014,Color,DVD,
1718,EL VIAJE,Drama,Mirtha Legrand,Roberto Airaldi,Aida Luz,Francisco Mugica,1942,B&N,DVD,"Fecha de estreno en Montevideo:15-10-1942. Ambassador
   Una joven ve boicoteado su romance con un ingeniero por parte de su propia madre y sus hermanas, sin saber que ella padece una grave enfermedad."
1719,PORTEÑA DE CORAZON,Comedia,Nini Marshall,Augusto Codeca,Jorge Salcedo,Manuel Romero,1948,B&N,DVD,"Fecha de estreno en Montevideo: 1-04-1948. Ambassador
   Catita es recepcionista en un hospital. Un padre millonario se opone a que su hijo se relaciones con una enfermera."
1720,NO ABRAS NUNCA ESA PUERTA,Cine Negro,Angel Magaña,Roberto Escalada,llde Pirovano,Carlos H. Christensen,1952,B&N,DVD,"Dos episodios:
 ALGUIEN AL TELEFONO. Ante el suicidio de su hermana presionada por un prestamista, un hombre cree hacer justicia por su propia mano, pero…
 Int: Angel Magaña,Nicolás Fregués, Renée Dumas
 EL PAJARO CANTOR VUELVE AL HOGAR Después de años de ausencia, un maleante regresa a su casa. Su madre ciega creerá protegerlo.
 Int Roberto Escalada, Ilde Pirovano, Norma Jimenez, Luis Otero.
 No estrenada en salas."
1721,MALDITA MUJER,Cine Negro,Humphrey Bogart,Lizabeth Scott,Morris Carnovsky,John Cromwell,1947,B&N,DVD,Fecha de estreno en Montevideo: 16-05-1947. Coventry
1723,SANGRE REBELDE (La carga de los indios sioux),Western,Jeff Chandler,Faith Domergue,Lyle Bettger,Lloyd Bacon,1953,Color,DVD,Fecha de estreno en Montevideo:17-08-1954. Eliseo
1724,EL POKER DE LA MUERTE,Western,Dean Martin,Robert Mitchum,Inger Stevens,Henry Hathaway,1968,Color,DVD,Fecha de estreno en Montevideo:10-11-1969. 18 de Julio
1725,LOS INVENCIBLES,Western,John Wayne,Rock Hudson,Tony Aguilar,Andrew V.McLaglen,1969,Color,DVD,Fecha de estreno en Montevideo: 27-01-1970.Ambassador
1726,FURIA DE ALASKA,Western,John Wayne,Stewart Granger,Capucine,Henry Hathaway,1960,Color,DVD,Fecha de estreno en Montevideo:13-07-1961. Censa
1727,EL GLOBO ROJO,Familiar,Pascal Lamorisse,Georges sellier,Valdimir Popov,Albert Lamorisse,1956,Color,DVD,Fecha de estreno en Montevideo: 31-07-1956.California
1728,CRIN BLANCA,Drama,Alain Emery,Laurent Roche,Pascal Lamorisse,Albert Lamorisse,1952,B&N,DVD,fecha de estreno en Montevideo:19-05-1955. Cine Club
1729,TARZAN (Serie TV) Completa,Aventuras,Ron Ely,Manuel Padilla Jr,Charles Wood,Varios,1966,Color,DVD,
1730,EL SANTO (Temporadas III y IV),Policial,Roger Moore,Ivor Dean,Leslie Crawford,Varios,1964,Color,DVD,
1731,STALAG 17,Bélica,William Holden,Don Taylor,Otto Preminger,Billy Wilder,1953,B&N,DVD,Fecha de estreno en Montevideo: 25-10-1954. Plaza
1732,CINCO TUMBAS AL CAIRO,Bélica,Franchot Tone,Anne Baxter,Erich von Strheim,Billy Wilder,1943,B&N,DVD,Fecha de estreno en Montevideo: 4-02-1944.Coventry
1733,3 MILLONES,Documental,Jaime Roos,,,Yamandu Roos,2011,Color,DVD,Fecha de etreno en Montevideo: 29-10-2011. Movie Center Montevideo.
1734,LLANURA ROJA,Bélica,Gregory Peck,Win Min Than,Brenda de Banzie,Robert Parrish,1954,Color,DVD,Fecha de estreno en Montevideo: 10-10-1955. Plaza
1736,LUZ ROJA (Retando al peligro),Cine Negro,George Raft,Virginia Mayo,Gene Lockhart,Roy del Ruth,1949,B&N,DVD,Fecha de estreno en Montevideo:22-06-1950. Trocadero
1737,NOCTURNO,Cine Negro,George Raft,Lynn Bari,Virginia Huston,Edwin L. Marin,1946,B&N,DVD,Fecha de estreno en Montevideo: 27-11-1947. Radio City
1738,LA ISLA DEL TESORO,Aventuras,Orson Welles,Kim Burfield,Walter Slezak,John Hough,1972,Color,DVD,"Fecha de estreno en Montevideo: 5-07-1974. Central
 La clásica novela llevada a la pantalla una vez más. Orson Welles, como era de esperar, se destaca en esta versión."
1739,HONORABLES DELINCUENTES,Policial,Jack Hawkins,Nigel Patrick,Roger Livesey,Basil Dearden,1960,B&N,DVD,Fecha de estreno en Montevideo: 22-05-1961.Censa
1740,DURMIENDO CON EL ENEMIGO,Suspenso,Julia Roberts,Patrick Bergin,Kevin Anderson,Joseph Ruben,1991,Color,DVD,"Fecha de estreno en Montevideo: 8-08-1991. Trocadero,Alfa"
1741,YO NO ELEGI MI VIDA,Cine Negro,Arturo de Córdova,Olga Zubarry,Enrique S Discepolo,Antonio Momplet,1949,B&N,DVD,"Fecha de estreno en Montevideo: 5-08-1949.Grand Palace
   Un evadido de la cárcel que busca arreglar cuentas con sus ex compinches que lo traicionaron se una a una muchacha y un carterista."
1742,EL NEGOCION,Comedia,Ubaldo Martínez,Tincho Zabala,Luis Tasca,Simón Feldman,1959,B&N,DVD,"Fecha de estreno en Montevideo: 02-08-1960.Victory
   El pueblo de Villa Caballete descubre las ventajas económivas de la comercialización del estiercol de caballo, corrompuendo a funcionarios e ideólogos."
1743,MI AMOR ERES TU,Comedia,Paulina Singerman,Arturo García Buhr,Severo Fernandez,Manuel Romero,1941,B&N,DVD,"Fecha de estreno en Montevideo: 19-03-1942. Ambassador
   Una mujer huérfana hace cambiar a su autoritario tutor y termina enamorádolo."
1744,MADAME BOVARY,Drama,Mecha Ortiz,Roberto Escalada,Alberto Bello,Carlos Schlieper,1947,B&N,DVD,"Fecha de estreno en Montevideo: 23-05-1948. Coventry
  El clásico de Flaubert y su protagonista casada con un hombre mayor y un amante."
1745,MELGAREJO,Comedia,Mecha Ortiz,Florencio Parravicini,Santiago Gómez Cou,L. Moglia Barth,1937,B&N,DVD,"Fecha de estreno en Montevideo: 20-07-1937. Ariel
  Una estanciera es inducida al adulterio hasta que la descubre su chofer."
1746,TREN INTERNACIONAL,Drama,Mirtha Legrand,Alberto Closas,Gloria Guzman,Daniel Tinayre,1954,B&N,DVD,"Fecha de etreno en Montevideo:9-04-1956. Trocadero
   En un tren trasandino una pareja de ladrones de fama mundial se disputan un valioso collar."
1747,EL SILLON Y LA GRAN DUQUESA,Comedia,Olinda Bozán,Alberto Bello,Ernesto Vilches,Carlos Schlieper,1943,B&N,DVD,"Fecha de estreno en Montevideo: 9-09-1943. Radio City
   Un duque ruso venido a menos se casa con una mujer rica, para intentar recuperar unas alhajas escondidas en un sillón."
1748,EL TESORO DE LA ISLA MACIEL,Comedia,Luis Arata,Alberto Bello,Severo Fernandez,Manuel Romero,1941,B&N,DVD,"Fecha de estreno en Montevideo: 1-07-1941. Ambassador
  Para sacar de la depresión a su padre marino, la hija y el médico le hacen creer que hay un tesoro escondido."
1749,KUMA CHING,Comedia,Luis Sandrini,Narciso Ibañez Menta,Lola Flores,Daniel Tinayre,1969,Color,DVD,"Fecha de estreno en Montevideo:2-09-1969. Censa
   Un chofer de taxi es obligado por una poderosa organización secreta a introducirse en China como agente."
1751,LA MODELO Y LA ESTRELLA,Comedia,Fernando Borel,June Marlowe,Alita Román,Manuel Romero,1939,B&N,DVD,"Fecha de estreno en Montevideo:3-05-1939. Rex
   Apoyado por su novia un cantante llega a la fama y se casa con un diva lírica, sacrificando su primer amor."
1752,TREINTA SEGUNDOS DE AMOR,Comedia,Mirtha Legrand,Roberto Escalada,Diego Martínez,Luis Mottura,1947,B&N,DVD,"Fecha de estreno en Montevideo:5-03-1947.Grand Palace
   Después de atropellar con un auto a un joven, una muchacha se ve obligada a besarlo durante 30 segundos, a fin de no pagar una elevada indemnización."
1753,UN ANGEL SIN PUDOR,Comedia,Susana Freyre,Angel Magaña,Delfy de Ortega,Carlos H. Christensen,1953,B&N,DVD,"Fecha de estreno en Montevideo: 30-05-1955 Ambassador
  Un angel baja a la Tierra y se transforma en mujer viviendo una historia de amor."
1754,LOS MUCHACHOS DE MI BARRIO,Musical,Palito Ortega,Juan C Altavista,Raul Rossi,Enrique Carreras,1970,B&N,DVD,"Fecha de estreno en Montevideo: 19-03-1970. Censa
   Un ídolo de la canción se reencuentra con sus amigos de la juventud.
 Remake de La Barra de la Esquina filmada en 1950 por Julio Saraceni con Alberto Castillo."
1755,CUANDO FLOREZCA EL NARANJO,Comedia,Angel Magaña,María Duval,Felisa Mary,Alberto de Zavalía,1943,B&N,DVD,"Fecha de estreno en Montevideo: 2-09-1943. Radio City
 Una estudiante enamorada de su Prof. de Historia , sueña que es la heroína de una de sus lecciones y al despertar descubre que todo se ha hecho realidad."
1756,LAS SEIS SUEGRAS BARBA AZUL,Comedia,Pepe Arias,Guillermo Battaglia,Susana Freyre,Carlos H. Christensen,1945,B&N,DVD,"Fecha de estreno en Montevideo: 4-10-1945. Ambassador
  Un seis veces viudo vive consus seis suegras, y busca una nueva esposa."
1757,PECADORA,Cine Negro,Olga Zubarry,Roberto Escalada,Susana Campos,Enrique Carreras,1956,B&N,DVD,"Fecha de estreno en Montevideo:29-10-1956. Ambassador
   Una cantante de tangos se ve involucrada en la muerte de un prestamista"
1758,LOCO LINDO,Comedia,Luis Sandrini,Sofia Bozán,Anita Jordán,Arturo S. Mom,1936,B&N,DVD,"Fecha de estreno en Montevideo: 14-07-1936. Ariel
 Un empleado de almacén pueblerino, se enamora de una muchacha. Debe viajar a Buenos Aires para rescatarla y desbaratar a una banda de delincuentes."
1759,"JOVEN,VIUDA Y ESTANCIERA",Comedia,Mecha Ortiz,Santiago Arrieta,Santiago Gomez Cou,Luis Bayón Herrera,1941,B&N,DVD,"Fecha de estreno en Montevideo:16-10-1941.Radio City
 El capataz de una estancia intenta salvar a la dueña, de quien está secretamente enamorado.de las trampas de unos estafadores que intentan quedarse con sus bienes."
1760,EL INGLES DE LOS GÜESOS,Drama,Arturo García Buhr,Anita Jordán,Pedro Maratea,Carlos H. Christensen,1940,B&N,DVD,"Fecha de esteno en Montevideo:28-10-1941 Radio City
   Una campesina se enamora de un Profesor inglés, enviado por la universidad de Cambridge para estudiar fósiles, pero él debe retornar a su país.
   Es la primera película de Christensen . El encuadre y montaje preanuncian el posterior estilo del director."
1761,HAY QUE CASAR A PAULINA,Comedia,Paulina Singerman,Francisco Alvarez,Rafael Frontaura,Manuel Romero,1944,B&N,DVD,"Fecha de estreno en Montevideo: 29-05-1944 Radio City
 Una muchacha rica y arrogante cae sorpresivamente en la pobreza. Un muchacho noble y trabajador primero despreciado luego será amado."
1762,UN BESO EN LA NUCA,Comedia,Mirtha Legrand,Roberto Escalada,Pedro Quartucci,Luis Mottura,1946,B&N,DVD,"Fecha de estreno en Montevideo: 28-08-1946.Grand Palace
   Una joven esposa descubre la infidelidad de su marido yfinge un ataque de amnesiadesconociendo a su esposo y reconociendo como tal al médico que la atiende."
1763,SI MUERO ANTES DE DESPERTAR,Cine Negro,Nestor Zavarce,Floren Delbene,Blanca del Prado,Carlos H. Christensen,1951,B&N,DVD,"Fecha de estreno en Montevideo:25-01-1955. Coventry
   El hijo de un inspector de la policía ayuda a capturar a un secuestrador de niñas.
   De las mejores obras de suspenso en la historia del cine rioplatense."
1764,UNA ESPOSA DE MENTIRA,Comedia,Adam Sandler,Jennifer Aniston,Brooklyn Decker,Dennis Dugan,2011,Color,DVD,"Fecha de estreno en Montevideo. 15-04-2011.Movie Center Montevideo, Portones, Grupo Cine Arocena, Ejido, Punta Carretas"
1765,VESTIDA PARA MATAR,Suspenso,Michael Caine,Angie Dickinson,Nancy Allen,Brian de Palma,1980,Color,DVD,Fecha de estreno en Montevideo: 8-10-1981. Plaza
1766,OFFICER 444 (serial),Policial,Ben F. Wilson,Neva Gerber,Jack Mower,Francis Ford,1926,B&N,DVD,Se desconoce si fue estrenada comercialmente en Montevideo.
1767,LA REINA DEL CONGO (serial),Aventuras,Don Mc Guire,Cleo Moore,Anthony Warde,Spencer Bennet,1948,B&N,DVD,"Fecha de estreno en Montevideo: 31-05-1955 Victory
Congo Bill afamado cazador de animales salvajes se larga a la búsqueda de una Reina Blanca que vive en la profundidad de la selva africana.
Don Mc Guire………Congo Bill
Cleo Moore………..Lureen/ Ruth Culver
I. Stanford Jolley.Bernie MC Graw
Anthony Warde….Rogan"
1768,HOMBRE DE LA ESQUINA ROSADA,Drama,Francisco Petrone,Susana Campos,Ricardo Argemi,Rene Mugica,1962,B&N,DVD,"Fecha de estreno en Montevideo:11-10-1962 Trocadero
 Un hombre sale de la carcel para humillar y quitarle la mujer a otro pero terminará acuchillado por un joven."
1769,KILOMETRO 111,Drama,Pepe Arias,Angel Magaña,Delia Garcés,Mario Soffici,1938,B&N,DVD,"Fecha de estreno en Montevideo: 7-09-1938.Radio City
   En un pueblo rural, el jefe de la estación ferroviaria se enfrenta con los acopiadores de granos."
1770,CUANDO HARRY CONOCIO A SALLY,Comedia,Billy Crystal,Meg Ryan,Carrie Fisher,Rob Reiner,1989,Color,DVD,Fecha de estreno en Montevideo 12-07-1990 Central
1771,LOS ALEGRES LADRONES,Comedia,Rex Harrison,Rita Hayworth,Joseph Wiseman,George Marshall,1962,B&N,DVD,Fecha de estreno en Montevideo 20-08-1962 Coventry
1772,CAPRI  (La bahía de los ensueños),Comedia,Clark Gable,Sophia Loren,Vittorio De Sica,Melville Shavelson,1960,Color,DVD,Fecha de estreno en Montevideo:29-06-1961. 18 de julio
1773,ESCUELA DE ROCK,Comedia,Jack Black,Joan Cusack,Mike White,Richard Linklater,2003,Color,DVD,"Fecha de estreno en Montevideo: 7-05-2004. MovieCenter Montevideo, Portones. Grupo Cine Punta Carretas, Torre de los Profesionales."
1774,MIDWAY,Bélica,Charlton Heston,Henry Fonda,James Coburn,Jack Smight,1976,Color,DVD,Fecha de estreno en Montevideo: 1-01-1977 Censa
1775,VACACIONES EN LAS VEGAS,Comedia,Chevy Chase,Beverly D'Angelo,Randy Quaid,Stephen Kessler,1997,Color,DVD,No estrenada en Montevideo
1776,LA VENDEDORA DE FANTASIAS,Comedia,Mirtha Legrand,Alberto Closas,Alberto Bello,Daniel Tinayre,1950,B&N,DVD,"Fecha de estreno en Montevideo: 6-6-1950 Grand Palace, Victory
   Una empleada de tienda y su novio detective se ven implicados en el robo de un collar y un asesinato."
1777,MARIANELA,Drama,Olga Zubarry,Jose Ma Gutierrez,Pedro Laxalt,Julio Porter,1955,B&N,DVD,"Fecha de estreno en Montevideo: 5-07-1955 Coventry
   Una muchacha se enamora de un joven ciego."
1778,VOCES DE MUERTE(Al filo de la muerte),Cine Negro,Barbara Stanwyck,Burt Lancaster,Ann Richards,Anatole Litvack,1948,B&N,DVD,Fecha de estreno en Montevideo: 22-06-1949 California
1779,ENCUENTROS EN LA NOCHE(Tempestad de pasiones),Cine Negro,Barbara Stanwyck,Paul Douglas,Robert Ryan,Fritz Lang,1952,B&N,DVD,Fecha de estreno en Montevideo:23-11-1953 Trocadero
1781,HOMBRES VIOLENTOS (Los Malos),Western,Glenn Ford,Barbara Stanwyck,Edward Robinson,Rudolph Mate,1955,Color,DVD,Fecha de estreno en Montevideo:7-09-1955 Censa
1782,EL HOMBRE QUE NUNCA EXISTIO,Suspenso,Clifton Webb,Gloria Grahame,Stephen Boyd,Ronald Neame,1955,Color,DVD,Fecha de estreno en Montevideo: 15-11-1956 Radio City
1783,OPERACIÓN PACIFICO(Sirenas y Tiburones),Comedia,Cary Grant,Tony Curtis,Joan O'Brien,Blake Edwards,1959,Color,DVD,Fecha de estreno en Montevideo: 2-12-1960 Censa
1784,CUERPOS ARDIENTES,Policial,William Hurt,Kathleen Turner,Richard Crenna,Lawrence Kasdan,1981,Color,DVD,Fecha de estreno en Montevideo: 21-10-1982 Amabassador. Punta Gorda
1785,SED DE MAL,Cine Negro,Orson Welles,Charlton Heston,Janet Leight,Orson Welles,1958,B&N,DVD,Fecha de estreno en Montevideo: 13-04-1959 Plaza
1786,A TRAVES DEL ESPEJO,Cine Negro,Olivia de Havilland,Thomas Mitchell,Lew Ayres,Robert Siodmak,1946,B&N,DVD,Fecha de estreno en Montevideo:21-05-1947 Trocadero
1787,EL CASO DE THELMA JORDON (Con el último suspiro),Cine Negro,Barbara Stanwyck,Wendell Corey,Paul Kelly,Robert Siodmak,1949,B&N,DVD,Fecha de estreno en Montevideo:26-03-1951 Plaza
1788,INFIERNO(Huellas en el infierno),Cine Negro,Robert Ryan,Rhonda Fleming,William Lundigan,Roy Baker,1953,Color,DVD,Fecha de estreno en Montevideo: 7-12-1953 Grand Palace
1789,EL MAQUINISTA DE LA GENERAL,Comedia,Buster Keaton,Marion Mack,Glen Cavender,Buster Keaton,1927,B&N,DVD,No estrenada comercialmente en Montevideo
1790,EL HOMBRE DE UTAH,Western,John Wayne,Polly Ann Young,Geogre Hayes,Robert Bradbury,1934,B&N,DVD,No estrenada en salas de Montevideo
1791,EL PEQUEÑO LORD FAUNTLEROY,Drama,Freddie Bartholomew,Dolores Costello,C. Aubrey Smith,John Cronwell,1936,B&N,DVD,Fecha de estreno en Montevideo: 13-06-1936 Rex
1792,AVENTURAS DEL LATIGO NEGRO,Aventuras,Julio Alemán,Martha Cervantes,Antonio Raxel,Federico Curiel,1959,B&N,DVD,
1795,MARES DE LA CHINA,Aventuras,Clark Gable,Jean Harlow,Wallace Beery,Tay Garnett,1935,B&N,DVD,Fechas de estreno en Montevideo: 2-10-1936.Metro
1796,MAR DE HIERBA,Drama,Spencer Tracy,Katharine Hepburn,Robert Walker,Elia Kazan,1946,B&N,DVD,Fecha de estreno en Montevideo: 18-03-1948. Metro
1797,EL REGRESO DE PERRY MASON,Policial,Raymond Burr,Barbara Hale,William Katt,Ron Satlof,1985,Color,DVD,No estrenada en salas.
1798,UNA PROFESION PELIGROSA (Libre bajo fianza),Cine Negro,George Raft,Ella Raynes,Pat O´Brien,Ted Tetzlaff,1949,B&N,DVD,Fecha de estreno en Montevido: 24-04-1951. Central
1799,FUEGO CARNAL (Affair in Havana),Cine Negro,John Cassavetes,Raymond Burr,Sara Shane,Laslo Benedek,1957,B&N,DVD,Fecha de estreno en Montevideo: 1-12-1959. Eliseo
1800,EL KIMONO ESCARLATA,Cine Negro,Glen Corbett,James Shigeta,Victoria Shaw,Samuel Fuller,1959,B&N,DVD,Fecha de estreno en Montevideo: 25-03-1961. Cervantes
1801,FUEGO DE JUVENTUD (National Velvet),Familiar,Mickey Rooney,Elizabeth Taylor,Donald Crisp,Clarence Brown,1944,Color,DVD,Fecha de estreno en Montevideo: 11-10-1946. Metro
1802,LA HISTORIA DEL TANGO,Drama,Virginia Luque,Tito Lusiardo,Fernando Lamas,Manuel Romero,1949,B&N,DVD,Fecha de estreno en Montevideo: 6-09-1949. Coventry
1804,LA PIEL DE ZAPA,Drama,Hugo del Carril,Aida Luz,Florence Marly,Luis Bayón Herrera,1943,B&N,DVD,"Fecha de estreno en Montevideo: 29-06-1944. Radio City
  Un hombre arruinado entra en posesión de un milagrosa piel de zapa que le hace cumplir todos sus deseos, pero va acortándole la vida."
1805,LA NOVIA DE PRIMAVERA,Drama,María Duval,Roberto Airaldi,Norma Castillo,Carlos H. Christensen,1942,B&N,DVD,"fecha de estreno en Montevideo:20-05-1943 Ambassador
  Una quinceañera se enamora de un novelista leyendo sus libros románticos, finge un noviazgo con él, pero cuando el escritor aparece se enamora de hermana."
1806,CUIDADO CON LAS IMITACIONES,Comedia,Rafael Carret,Jorge Luz,Guillermo Rico,Luis Bayón Herrera,1948,B&N,DVD,Fecha de estreno en Montevideo:21-09-1948 Coventry
1807,MIS AMORES EN RIO,Comedia,Susana Freyre,Jardel Filho,Domingo Alzugaray,Carlos H. Christensen,1958,B&N,DVD,"Fecha de estreno en Montevideo:25-11-1960 Amabassador
   En un programa de TV una joven gana un viaje a Rio de Janeiro donde conquista a tres muchachos."
1808,LA BALANDRA ISABEL LLEGO ESTA TARDE,Drama,Arturo de Córdova,Virginia Luque,Juana Sujo,Carlos H. Christensen,1950,B&N,DVD,"Fecha de estreno en Montevideo: 19-09-1950 Coventry
 Un marino y su pasión por una mujer que para retenerlo usa conjuros y maleficios.
 Muy buena pintura del ambiente portuario tropical, certera descripción de tipos y experta realización de Christensen se destacan en este drama sobre atracciones sexuales."
1809,"RITMO NUEVO,VIEJA OLA",Comedia,Angel Magaña,Lolita Torres,Tita Merello,Enrique Carreras,1965,B&N,DVD,"Fecha de estreno en Montevideo:2-09-1965 Trocadero, Ariel
   Un sketch de comedia, otro de romance y un tercero melancólico."
1810,ORO ENTRE BARRO,Comedia,Tito Lusiardo,Severo Fernandez,Enrique Roldán,Luis Bayón Herrera,1939,B&N,DVD,"Fecha de estreno en Montevideo: 30-11-1940 Rex
 Un humilde mozo de bar pretende que su hermano ministro reconozca al hijo de la mujer que abandonó hace años."
1811,UNA MUJER SIN IMPORTANCIA,Drama,Mecha Ortiz,Santiago Gómez Cou,Lydia Denis,Luis Bayón Herrera,1945,B&N,DVD,"Fecha de estreno en Montevideo: 8-08-1946 Radio City
  Una mujer da a luz después de haber sido abandonada . 20 años después el hijo es reclamado por su padre."
1812,DESHONRA,Drama,Fanny Navarro,Mecha Ortiz,Tita Merello,Daniel Tinayre,1952,B&N,DVD,"Fecha de estreno en Montevideo:  23-06-1952 Ambassador
   Condenada por un crimen que no cometió, una mujer es recluida en una carcel. Un film carcelario con alusiones al aborto y al lesbianismo, con lucimiento de las protagonistas, todas mujeres. Para el protagónico, Tinayre pensó inicialmente en Amelia Bence, pero según lo dicho por el propio director, Fanny Navarro fue impuesta por presiones políticas."
1813,CARTAS DE AMOR,Drama,Mecha Ortiz,Roberto Escalada,Elisa C. Galvé,Mario Lugones,1951,B&N,DVD,"Fecha de Estreno en Montevideo: 30-04-1951 Plaza
   Un muchacho debe elegir entre el amor de dos mujeres."
1814,REBELION EN LA GRANJA,Dibujos Animados,Gordon Heath,Maurice Denham,,Joy Batchelor-John Halas,1954,Color,DVD,"Fecha de estreno en Montevideo: 13-03-1972 Cine Club
Un grupo de animales maltratados en una granja se rebelan y expulsan a los humanos. Crean un sistema de gobierno propio que termina en una tiranía. Es una crítica al modelo stalinista soviético y a los abusos de poder."
1815,TANGO,Musical,Libertad Lamarque,Tita Merello,Alberto Gómez,Luis Moglia Barth,1933,B&N,DVD,"Fecha de estreno en Montevideo:30-06-1933. Rialto,Continental,Avenida, Renacimiento
   Un cantor de tangos viaja a Paris para recuperar a su chica. En el viaje se enamora de otra, triunfa, pero al volver, regresa con su primer amor."
1816,EL MUCAMO DE LA NIÑA,Comedia,Lolita Torres,Alfredo Barbieri,Gogo Andreu,Enrique Carreras,1951,B&N,DVD,"Fecha de estreno en Montevideo: 19-11-1951. Plaza
   Un joven ingresa a trabajar en la casa de un millonario para cuidar a su hija.
   Primera película dirigida por Enrique Carreras."
1817,YA TIENE COMISARIO EL PUEBLO,Comedia,Ubaldo Martínez,Nini Marshall,Rafael Carret,Enrique Carreras,1966,Color,DVD,"Fecha de estreno en Montevideo: 19-10-1967.Ariel
   En un pueblo unos matones tratan de dominar a un sargento cobarde."
1818,EL CLUB DEL CLAN,Musical,Palito Ortega,Beatriz Bonet,Alfredo Barbieri,Enrique Carreras,1964,Color,DVD,"Fecha de estreno en Montevideo: 9-04-1964. Trocadero
   Para evitar que su padre se entere de su casamiento secreto, un muchacho de fortuna disfraza a su mujer de mucama. Los integrantes del clan también se disfrazan de criados."
1819,LO QUE LE PASO A REYNOSO,Drama,Luis Arata,Floren Delbene,Herminia Franco,Leopoldo Torres Ríos,1937,B&N,DVD,"Fecha de estreno en Montevideo: 28-04-1937. Rex
 Un gaucho despierta amores a su paso y se ve forzado a huir por matar a un hombre en un duelo."
1820,HE NACIDO EN BUENOS AIRES,Drama,Mario Fortuna,Santiago Arrieta,Ignacio Quirós,Francisco Mugica,1959,B&N,DVD,"Fecha de estreno en Montevideo: 6-08-1960. Trocadero
   La vida de tres muchachos de principios de siglo XX integran una orquesta típica que lleva el tango a Europa."
1821,CON LAS ALAS ROTAS,Drama,Mecha Ortiz,Angel Magaña,Malisa Zini,Orestes Caviglia,1938,B&N,DVD,"Fecha de estreno en Montevideo: 9-08-1938. Ariel
   Una chica, un abogado y un delincuente en un triángulo amoroso de pasiones y enfrentamientos."
1822,AFRICA RIE,Comica,Rafael Carret,Jorge Luz,Guillermo Rico,Carlos Rinaldi,1955,B&N,DVD,"Fecha de etsreno en Montevideo: 12-06-1956. Coventry
   Como castigo por sus travesuras los grandes del buen humor son enviados, por un tio adinerado, a la selva africana."
1823,PIEL DE VERANO,Drama,Alfredo Alcón,Graciela Borges,Franca Boni,Leopoldo Torres Nilsson,1961,B&N,DVD,"Fecha de estreno en Montevideo: 7-08-1961. Plaza
  Una joven es contratada para simular que está enamorada de un moribundo."
1824,LA PATOTA,Drama,Mirtha Legrand,Walter Vidarte,José Cibrian,Daniel Tinayre,1960,B&N,DVD,"Fecha de estreno en Montevideo:12-09-1960 Central
   La profesora de filosofía de un centro educativo nocturno es violada por una patota."
1825,BAJO UN MISMO ROSTRO,Drama,Mirtha Legrand,Silvia Legrand,Mecha Ortiz,Daniel Tinayre,1962,B&N,DVD,"Fecha de estreno en Montevideo: 17-10-1963. Trocadero
   La historia de dos mellizas, una monja, la otra prostituta."
1826,LA MARY,Drama,Susana Gimenez,Carlos Monzón,Alberto Argibay,Daniel Tinayre,1974,Color,DVD,"Fecha de estreno en Montevideo: 13-09-1974. Trocadero,Coventry
  Los traumas de una muchacha de barrio la llevan a idealizar el amor. Cuando se casa comienza a distanciarse de la gente."
1831,EL PADRE DE GARDEL,Documental,,,,Ricardo Casas,2013,Color,DVD,Fecha de estreno en Montevideo:5-10-2013 Casablanca
1888,WYATT EARP,Western,Kevin Costner,Dennis Quaid,Gene Hackman,Lawrence Kasdan,1994,Color,DVD,"Fecha de estreno en Montevideo: 21-10-1994. Trocadero, Alfa"
245,EL TERCER TIRO,Comedia,Shirley MacLaine,John Forshyte,Edmund Gwenn,Alfred Hitchcock,1955,Color,DVD,22-10-1956 El Polvorin
2103,PALERMO,Policial,Nedda Francy,José Gola,Orestes Caviglia,Arturo S. Mom,1937,B&N,DVD,"30-06-1937 Rex
  Un delincuente se vale de una mujer seductora para estafar a un aficionado al turf. Pero en realidad ella es policía."
2104,EL CANDIDATO,Drama,Alberto Candeau,Duilio Marzio,Alfredo Alcón,Fernando Ayala,1959,B&N,DVD,"26-10-1959 Central
   Un viejo político es reclamado por un partido para ser el candidato de la nueva campaña."
2105,LA GATA,Drama,Zully Moreno,Alberto Closas,Sabina Olmos,Mario Soffici,1947,B&N,DVD,"13-08-1947 Grand Palace
   La historia de una mujer aferrada a sus recuerdos y a la mansión donde transcurrió su vida."
2106,LUZ QUE AGONIZA,Cine Negro,Ingrid Bergman,Charles Boyer,Joseph Cottem,George Cukor,1944,B&N,DVD,20-03-1945 Metro
2107,EL CONDE MAX,Comedia,Alberto Sordi,Vittorio De Sica,Susana Canales,Giorgio Bianchi,1957,B&N,DVD,13-06-1960 Plaza
793,TESTIGO ACCIDENTAL(The narrow margin),Policial,Charles McGraw,Marie Windsor,Jacqueline White,Richard Fleischer,1952,ByN,DVD,
1952,CONFESION,Drama,Hugo del Carril,Alberto Vila,Alita Román,Luis Moglia Barth,1940,B&N,DVD,"Fecha de estreno en Montevideo:3-04-1941 Radio City
   Peripecias de un grupo de músicos y el romance entre uno de ellos con una mujer que sueña triunfar.
   Historia basada en un tango del mismo nombre."
1953,ALMAS EN LA HOGUERA,Drama,Gregory Peck,Hugh Marlowe,Gary Merrill,Henry King,1949,B&N,DVD,"Fecha de estreno en Montevideo: 4-10-1950 Ambassador, California"
1955,MOTIN A BORDO,Drama,Clark Gable,Charles Laughton,Franchot Tone,Frank Lloyd,1935,B&N,DVD,6-01-1936. Metro
1956,EL CUERVO,Terror,Vincent Price,Peter Lorre,Boris Karloff,Roger Corman,1963,Color,DVD,17-11-1969 Central
1957,LA LISTA DE SCHINDLER,Drama,Liam Neeson,Ben Kingsley,Ralph Fiennes,Steven Spielberg,1993,B&N,DVD,"11-03-1994. Plaza, Casablanca"
1986,MONSIEUR VERDOUX,Drama,Charles Chaplin,Martha Raye,Marilyn Nash,Charles Chaplin,1947,B&N,DVD,
1987,RELATOS SALVAJES,Comedia,Ricardo Darín,Oscar Martínez,Leonardo Sbaraglia,Damián Szifrón,2014,Color,DVD,"21-08-2014. Life 21 y Alfabeta. Grupo Cine Ejido, P Carretas y Torre delos Profesionales. Movie Center Montevideo, Nuevo Centro, Portones y P. Carretas.
  Varias historias donde los protagonistas cruzan la delgada frontera que divide a la civilización y la barbarie.
  Cómica y aterradora al mismo tiempo."
1827,PRISIONEROS DE UNA NOCHE,Drama,Alfredo Alcón,María Vaner,Osvaldo Terranova,David Kohn,1960,B&N,DVD,"Fecha de estreno en Montevideo: 6-06-1962. Iguazu
En un día un peón y una bailarina, se encuentran, se enamoran y terminan separándose.
El País de Montevideo dijo: ""Muestra a la Ciudad de Bs Aires como nunca se había hecho antes en un film argentino"""
2108,QUINIENTOS DOLARES VIVO O MUERTO,Western,Dan Duryea,Rod Cameron,Audrey Dalton,Spencer Bennet,1965,Color,DVD,No estrenada en salas en Uruguay
2109,NOVIO DE ALQUILER,Comedia,Jennifer Aniston,Kevin Bacon,Jay Mohr,Glenn Gordon Caron,1997,Color,DVD,6-02-1998 Alfabeta
2126,PAMPA SALVAJE,Western,Robert Taylor,Ty Hardin,Ron Randall,Hugo Fregonese,1966,Color,DVD,"Fecha de estreno en Montevideo: 1-01-1967. Central
Para evitar deserciones un comandante de un fuerte decide traer mujeres desde Buenos Aires."
2127,DEL CUPLE AL TANGO,Musical,Virginia Luque,Osvaldo Miranda,Tito Lusiardo,Julio Saraceni,1959,B&N,DVD,"Fecha de estreno en Montevideo. 9-11-1959 18 de julio
La hija de una cupletista española trata de cantar tangos.
Virginia Luque hace madre y de hija."
2129,PAJAROS DE CRISTAL,Drama,Mecha Ortiz,Alba Arnova,Jorge Rivier,Ernesto Arancibia,1954,B&N,DVD,"Fecha de estreno en Montevideo. 21-10-1955. California.
Una bailarina retirada prepara a una joven que quiere triunfar en el ballet.
 La trama romántica tiene un previsible desenlace."
1828,EXTRAÑA TERNURA,Cine Negro,Egle Martin,Jose Cibrian,Norberto Suárez,Daniel Tinayre,1964,B&N,DVD,"Fecha de estreno en Montevideo:21-05-1965 Ariel
Una cantante se enamora del ahijado de un millonario, quien se opone a la relación."
2238,ENCUENTRO EN EL PACIFICO,Drama,Rosalind Russell,Fred MacMurray,Herbert Marshall,Lothar Mendes,1942,B&N,DVD,"17-11.1943 Trocadero
Tonie Carter trabaja durante años para convertirse en una gran piloto. Numerosas hazañas la convierte en la aviadora más importate del mundo hasta que es convocada para una importante misión militar."
2239,UN PLAN BRILLANTE,Policial,Demi Moore,Michael Caine,Lambert Wilson,Michael Radford,2009,Color,DVD,"24-04-2009 Movie Center Montevideo y Portones. Alfabeta
Demi Moore trabaja en la empresa de diamantes más importante del mundo. Su carrera está frenada por el machismo que domina la compañía. Se una a Michael Caine, un empleado de mantenimiento que dice tener un plan perfecto para un robo."
2240,TRAPECIO,Comedia,Burt Lancaster,Tony Curtis,Gina Lollobrigida,Carol Reed,1956,Color,DVD,"Orsini y Ribble eran uno de los mejores dúos de trapecistas del mundo hasta la muerte del primero. Lllega al circo Tino, el hijo de Orsini, para que Ribble le enseñe los secretos de la profesión.
13-06-1957 Censa, California.
102.700 espectadores. 2do lugar en el año"
1829,ENSAYO FINAL,Cine Negro,Alberto Closas,Santiago Gomez Cou,Nelly Panizza,Mario Lugones,1955,B&N,DVD,"Fecha de estreno en Montevideo: 2-05-1956 Coventry
La creencia de haber descubierto un crimen cuando solo ha visto un ensayo de actores , hace que un obrero ponga en peligro su propia vida y su felicidad conyugal."
1830,EL RUFIAN,Drama,Carlos Estrada,Oscar Rovito,Egle Martin,Daniel Tinayre,1961,B&N,DVD,"Fecha de estreno en Montevideo: 29-01-1962 Ambassador
Una mujer engaña a su marido con el chofer. Cuando el esposo se entera el chofer lo asesina. Pero ella termina informando a la policía."
1832,EL SELLO SINIESTRO (Serial),Policial,Ben F. Wilson,Neva Gerber,Jess Calvin,Francis Ford,1925,B&N,DVD,Se desconoce si se estrenó en Montevideo
1833,EL LIBRO DE LA SELVA,Aventuras,Sabú,Joseph Calleia,Ralph Byrd,Zoltan Korda,1942,Color,DVD,"Fecha de estreno en Montevideo: 21-04-1943. Trocadero con el nombre de ""El hijo de las fieras""."
1835,EL LOBO NEGRO,Western,Fernando Allende,Carlos Ballesteros,María Silva,Rafael Romero Marchent,1981,Color,DVD,No estrenada en salas en Montevideo
1846,EL GRAN ESCAPE,Bélica,Steve McQueen,James Garner,Richard Attenborough,John Sturges,1963,Color,DVD,Fecha de estreno en Montevideo: 4-03-1964 18 de julio
1836,GOLDFINGER,Aventuras,Sean Connery,Honor Blackman,Shirley Eaton,Guy Hamilton,1964,Color,DVD,Fecha de estreno en Montevideo: 2/05/1966. Plaza
1837,NAUFRAGOS,Suspenso,Tullulah Bankhead,Wiliam Bendix,Walter Slezak,Alfred Hitchcock,1943,B&N,DVD,"Fecha de estreno en Montevideo: 17-08-1944. Ambassador, con el nombre de ""Ocho a la Deriva""."
1838,MI ESPIA FAVORITA,Comedia,Bob Hope,Hedy Lamarr,Francis Sullivan,Norman Z. McLeod,1951,B&N,DVD,Fecha de estreno en Montevideo: 8-03-1954. Trocadero.
3376,,,,,,,0,,,
3377,,,,,,,0,,,
3378,,,,,,,0,,,
3379,,,,,,,0,,,
3380,,,,,,,0,,,
1849,GRITO DE TERROR,Cine Negro,Dick Powell,Rhonda Fleming,Richard Erdman,Robert Parrish,1951,B&N,DVD,Fecha de estreno en Montevideo: 22-03-1954 Trocadero
1839,ALICIA EN EL PAIS DE LAS MARAVILLAS,Ciencia Ficción,Johnny Depp,Mia Wasikouska,Helena Bonham Carter,Tim Burton,2010,Color,DVD,"Fecha de estreno en Montevideo: 5-03-2010. Movie Center Montevideo, Portones y P. Carretas. Grupo Cine Ejido, Grupo Cine Arocena, Maturana, Opera."
994,AL FILO DE LA MUERTE(The proud ones),Western,Robert Ryan,Virginia Mayo,Jeffrey Hunter,Robert D Webb,1956,Color,DVD,
1841,LA VENGANZA DEL MUERTO,Western,Clint Eastwood,Verna Bloom,Mitch Ryan,Clint Eastwood,1973,Color,DVD,Fecha de estreno en Montevideo: 1-04-1974 Plaza
1842,EL SEPTIMO DE CABALLERIA,Western,Randolph Scott,Barbara Hale,Jay C. Flippen,Joseph H. Lewis,1956,Color,DVD,"Fecha de estreno en Montevideo: 2-09-1957 Ambassador con el título ""El fantasma de la batalla""."
1843,CHISUM,Western,John Wayne,Forrest Tucker,Christopher George,Andrew.V. McLaglen,1970,Color,DVD,"Fecha de estreno en Montevideo: 11-03-1971 18 de Julio con el título "" El rey del Oeste"""
1844,LOS TALADORES (Fuego en el bosque),Western,Alan Ladd,Jeanne Crain,Gilbert Roland,Robert Webb,1960,Color,DVD,Fecha de estreno en Montevideo: 19-11-1960. Iguazú
1845,THE BIG TRAIL,Western,John Wayne,Marguerite Churchill,El Brendel,Raoul Walsh,1930,B&N,DVD,No estrenada en salas en Montevideo.
1847,LA PATRULLA INFERNAL,Bélica,Kirk Douglas,Ralph Meeker,Adolphe Menjou,Stanley Kubrick,1957,B&N,DVD,fecha de estreno en Montevideo: 22-05-1958 Censa
1848,MIEDO SUBITO,Cine Negro,Joan Crawford,Jack Palance,Gloria Grahame,David Miller,1952,B&N,DVD,Fecha de estreno en Montevideo: 17-05-1954 Trocadero
77,A TRAVES DEL PACIFICO,Aventuras,Humphrey Bogart,Mary Astor,Sidney Greenstreet,John Huston,1942,ByN,DVD,09-12-1942 Trocadero
1851,NOCHE DE AVENTURA,Cine Negro,Tom Conway,Audrey Long,Jean Brooks,Gordon Douglas,1944,B&N,DVD,Fecha de estreno en Montevideo: 3-01-1946 Radio City
1852,DOBLE PACTO,Cine Negro,Marie Windsor,Richard Denning,Taylor Holmes,Abby Berlin,1950,B&N,DVD,No estrenada en sals en Montevideo
1850,NOCHES PELIGROSAS (Atraco nocturno),Cine Negro,Richard Carlson,Jane Randolph,Jane Darwell,Peter Godfrey,1942,B&N,DVD,"Fecha de estreno en Montevideo: 17-03-1943. Trocadero con el título ""Atraco Nocturno""."
1853,LA EMBOSCADA (Cerrado el paso),Cine Negro,Charles McGraw,Joan Dixon,Lowell Gilmore,Harold Daniels,1951,B&N,DVD,Fecha de estreno en Montevideo: 13-04-1955 Rex Theatre.
1854,LAS DIABOLICAS,Suspenso,Simone Signoret,Vera Clouzet,Paul Meurisse,Henri-GeorgesClouzot,1955,B&N,DVD,
1855,PERRY MASON (Temporada 1),Policial,Raymond Burr,Barbara Hale,William Hopper,William Russell y otros,1957,B&N,DVD,"Narro los diversos casos del conocido Abogado
 Artistas invitados:
 Marie Windsor Ep.28
 Grant Withers Ep. 34"
1856,PRISIONEROS DE LA TIERRA,Drama,Francisco Petrone,Angel Magaña,Elisa Christian Galvé,Mario Soffici,1939,B&N,DVD,"Fecha de estreno en Montevideo: 25-03-1939 Rex Theatre
   En un yerbatal de la provincia de Misiones un mensú es hostigado por su capataz. Se vengará, pero terminará perseguido y muerto luego de perder a su amada."
1857,LA CABALGATA DEL CIRCO,Musical,Libertad Lamarque,Hugo del Carril,Orestes Caviglia,Mario Soffici,1945,B&N,DVD,"Fecha de estreno en Montevideo: 10-03-1947 Radio City
   La saga de una pareja y la trayectoria de un circo criollo a través de los años."
1858,SABOTAJE,Suspenso,Sylvia Sidney,Oscar Homolka,Desmond Tester,Alfred Hichcock,1936,B&N,DVD,02-07-1937 Colonial
1860,EL PIBE CABEZA,Policial,Alfredo Alcón,José Slavin,Marta González,Leopoldo Torre Nilsson,1975,Color,DVD,"Fecha de estreno en Montevideo: 27-10-1975 Atlas
   La vida, carrera y muerte del gangster Rogelio Gordillo, alias el Pibe Cabeza, el década de los años 30 del siglo XX."
115,FANTOMAS VUELVE,Comedia,Louis de Funes,Jean Marais\r\nJean Marais,Mylene Demongeot,André Houmeballe,1965,Color,DVD,11-12-1972 Plaza
635,EL QUINTETO DE LA MUERTE,Comedia,Alec Guinness,Peter Sellers,Herbert Lom,Alexander Mackendrick,1955,B&N,DVD,Fecha de estreno en Montevideo: 12-07-1956.Cine Censa
1181,EL HOMBRE VESTIDO DE BLANCO,Comedia,Alec Guinness,Joan Greenwood,Cecil Parker,Alexander Mackendrick,1951,B&N,DVD,
608,LOS MUCHACHOS DE ANTES NO USABAN GOMINA,Drama,Rodolfo Bebán,Susana Campos,Osvaldo Miranda,Enrique Carreras,1969,Color,DVD,"29-05-1969 Censa
 El amor entre un joven de familia bien y una bailarina de un conocido lugar de diversión.
 Remake del film de mismo nombre de 1937, dirigido por Manuel Romero"
1861,LA HOSTERIA DEL CABALLITO BLANCO,Musical,Juan C. Thorry,Elisa C. Galvé,Tilda Thamar,Benito Perojo,1948,B&N,DVD,"Fecha de estreno en Montevideo: 30-06-1948 Grand Palace
   Empleado de incógnito en una hostería, un cantante famoso se enamora de la dueña."
1862,"MUSICA,ALEGRIA Y AMOR",Comedia,Alberto Castillo,Amelita Vargas,Francisco Alvarez,Enrique Carreras,1956,B&N,DVD,"Fecha de estreno en Montevideo: 18-06-1956 Central
 Un muchacho bohemio sueña con ser pintor, pero triunfará como cantante."
1863,LA SECTA DEL TREBOL,Cine Negro,Pedro López Lagar,Santiago Gómez Cou,Amelita Vargas,Mario Soffici,1948,B&N,DVD,"Fecha de estreno en Montevideo: 14-09-1948. Coventry
   Un escritor se ve envuelto en un caso de brillantes pertenecientes a una secta china."
1882,SHALAKO,Western,Sean Connery,Brigitte Bardot,Stephen Boyd,Edward Dmytrik,1968,Color,DVD,Fecha de estreno en Montevideo: 27-03-1969. Trocadero
1864,LOS MARIDOS DE MAMA,Comedia,Juan C. Thorry,Ana Mariscal,George Rigaud,Edgardo Togni,1956,B&n,DVD,"No estrenada en salas en Montevideo.
  Con la ayuda de su hija, un hombre trata de reconquistar a su ex mujer."
1865,EN CARNE VIVA,Drama,Ana Mariscal,Alberto Closas,Jorge Rivier,Enrique Cahen Salaberry,1954,B&N,DVD,"Fecha de estreno en Montevideo: 6-06-1955. Ambassador
   El amor extramatrimonial de un médico y una mujer que termina matando a su esposo."
1866,VENDRAS A MEDIANOCHE?,Comedia,Enrique Serrano,Nelida Bilbao,Guillermo Battaglia,Arturo Garcia Buhr,1950,B&N,DVD,"Fecha de estreno en Montevideo: 31-10-1950. Coventry
   Un solterón protegido por una tía rica, ve aparecer todas las novhes el fantasma de su novia. Pero en realidad no está muerta y terminarán casándose."
1867,MUERDE LA BALA,Western,Gene Hackman,Candice Bergen,James Coburn,Ricahrd Brooks,1975,Color,DVD,Fecha de estreno en Montevideo: 3-05-1976 Censa
1869,TAMBORES APACHES,Western,Stephen McNally,Willard Parker,Coleen Gray,Hugo Fregonese,1951,Color,DVD,Fecha de estreno en Montevideo: 3-04-1953. Central. Iguazu
1870,DOS CABALGAN JUNTOS,Western,James Stewart,Richard Widmark,Shirley Jones,John Ford,1961,Color,DVD,Fecha de estreno en Montevideo: 23-08-1961 Plaza
1883,BRIGHAM YOUNG,Western,Tyrone Power,Vincent Price,Linda Darnell,Henry Hathaway,1940,B&N,DVD,"Fecha de estreno en Montevideo:11-06-1941.Trocadero.
Exhibida con el título ""Hijos de Dios"""
1872,SOLO UNA BANDERA(Montaña Roja),Western,Alan Ladd,Lizabeth Scott,Arthur Kennedy,William Dieterle,1951,Color,DVD,Fecha de estreno en Montevideo: 10-10-1953. Trocadero
1873,MUJER OCULTA,Cine Negro,Ida Lupino,Howard Duff,Stephen McNally,James Webb,1950,B&N,DVD,Fecha de estreno en Montevideo: 3-04-1951. California
1874,FRACCION DE SEGUNDO,Cine Negro,Stephen McNally,Alexis Smith,Jan Sterling,Dick Powell,1953,B&N,DVD,Fecha de estreno en Montevideo: 07-06-1954. Central
1875,HISTORIA DE UNA NOCHE,Drama,Pedro López Lagar,Santiago Arrieta,Sabina Olmos,Luis Saslavsky,1941,B&N,DVD,Fecha de estreno en Montevideo:26-02-1942. Radio City
1876,NIAGARA,Drama,Marilyn Monroe,Joseph Cotten,Jean Peters,Henry Hathaway,1953,Color,DVD,Fecha de estreno en Montevideo: 13-08-1953. Censa
1871,EL MAGO DE DIZZ,Dibujos Animados,Mickey Mouse,Minnie Mouse,Donald Duck,Sy Thomas,2013,Color,DVD,
1877,EL BARON DE ARIZONA,Western,Vincent Price,Ellen Drew,Reed Hadley,Samuel Fuller,1950,B&N,DVD,Fecha de estreno en Montevideo: 3-06-1952. Victory
1878,ROCKETEER,Aventuras,Bill Campbell,Alan Arkin,Jennifer Connelly,Joe Johnston,1991,Color,DVD,Fecha de estreno en Montevideo:12-09-1991. California. Beta
1885,UN ASESINO INOCENTE,Cine Negro,Gig Young,Carla Balenda,Cleo Moore,George Archainbaud,1950,B&N,DVD,"Fecha de estreno en Montevideo: 4-08-1954 Continental.
Tirulo en uruguay: ""Siete testigos"""
1880,EL PRISIONERO DE ZENDA,Aventuras,Stewart Granger,Deborah Kerr,James Mason,Richard Thorpe,1952,Color,DVD,Fecha de estreno en Montevideo: 7-05-1954. Metro
1879,EL PRISIONERO DE ZENDA,Aventuras,Ronald Colman,Madeleine Carroll,Douglas Fairbanks Jr,John Cromwell,1937,B&N,DVD,Fecha de estreno en Montevideo: 10-03-1938. Rex. Ariel
1886,EL MISTERIO DEL TATUAJE,Cine Negro,John Miles,Patricia Barry,Walter Kinsella,Edward Montagne,1950,B&N,DVD,"Fecha de estreno en Montevideo:9-01-1952. Rex
Título en Uruguay: El Cadaver Tatuado."
1881,EL PLANETA PERDIDO,Documental,Jean Pierre Jackson,Katharine Mclennan,,Christophe Cognet,1994,B&N,DVD,
1887,AMIGOS HASTA LA MUERTE,Western,Dean Martin,Rock Hudson,Susan Clark,George Seaton,1973,Color,DVD,"Fecha de estreno en Montevideo: 20-07-1973 Ariel
  Fueron amigos desde la infancia, como hombre maduros estarán doblemete enfrentados: están enamorados de la misma mujer, uno vive fuera de la ley y el otro es el sheriff encargado de perseguirlo."
1889,EL ALAMO.Trece días de gloria,Western,Alec Baldwin,Brian Keith,James Arness,Burt Kennedy,1987,Color,DVD,Telefilm.  No estrenado en sala en Uruguay
1890,MUSSOLINI ULTIMO ACTO,Drama,Rod Steiger,Henry Fonda,Franco Nero,Carlo Lizzani,1974,Color,DVD,Fecha de estreno en Montevideo:21-10-1982. Central
1891,AGACHATE MALDITO (Los heroes de Mesa Verde),Western,Rod Steiger,James Coburn,Romolo Valli,Sergio Leone,1972,Color,DVD,Fecha de estreno en Montevideo: 26-10-1972
1895,UNIDOS POR EL CRIMEN(Mañana es otro día),Cine Negro,Ruth Roman,Steve Cochran,Lurene Tuttle,Felix E. Feist,1951,B&N,DVD,fecha de estreno en Montevideo: 3-06-1957 Iguazú
1722,BAJO SOSPECHA,Suspenso,Fred MacMurray,Joan Crawford,Basil Rathbone,Richard Thorpe,1943,B&N,DVD,Fecha de estreno en Montevideo: 14-04-1944. Metro
376,VALOR DE LEY (Temple de acero),Western,John Wayne,Glen Campbell,Kim Darby,Henry Hathaway,1969,Color,DVD,25-07-1970 18 de julio
461,LA GRAN ILUSION,Drama,Jean Gabin,Pierre Fresnay,Erich Von Stroheim,Jean Renoir,1937,ByN,DVD,22-06-1938 Ariel
1892,AL CAER LA NOCHE,Suspenso,Robert Montgomery,Rosalind Russell,Alan Marshal,Richard Thorpe,1937,B&N,DVD,Fecha de estreno en Montevideo: 10-09-1937 Metro
1893,PACTO TENEBROSO,Suspenso,Claudette Colbert,Robert Cummings,Don Ameche,Douglas Sirk,1948,B&N,DVD,Fecha de estreno en Montevideo: 13-04-1949 Trocadero
1896,SHERLOCK HOLMES,Policial,William Gillette,Marjorie Kay,Ernest Maupin,Arthur Berthelet,1916,B&N,DVD,Se desconoce si se estrenó en salas.
1897,EL TREN,Bélica,Burt Lancaster,Jean Moreau,Paul Scofield,John Frankheimer,1965,B&N,DVD,Fecha de estreno en Montevideo: 10-03-1966 18 de julio
1898,SOLO ANTE EL PELIGRO II(Elregreso de Will Kane),Western,Lee Majors,Pernell Roberts,David Carradine,Jerry Jameson,1980,Color,DVD,
1899,100 RIFLES,Western,Jim Brown,Raquel Welch,Burt Reynolds,Tom Gries,1969,Color,DVD,"Fecha de estreno en Montevideo: 10-12-1970 Plaza
 Un sheriff que transporta un prisionero participa en la lucha de una joven india contra unos especuladores que desean apropiarse de las tierras de los yaquis."
1900,BOEING BOEING,Comedia,Jerry Lewis,Tony Curtis,Thelma Ritter,John Rich,1965,Color,DVD,"fecha de estreno en Montevideo: 31-07-1967 18 de julio
 Un periodista norteamericano trabajando en París, se la ingenia para tener tres novias, todas ellas azafatas de distintas compañías. Tiene conocimiento de los horarios de cada una, incluso lleva a una al aeropuerto y trae a otra, mientras la tercera está viajando. Su esforzada mucama, una genial Thelma Ritter, es la que cambia las fotos en el departamento. Todo se complizará cuando las empresas ajustan los horarios."
1894,ASESINATO EN EL ACUARIO,Policial,Edna May Oliver,Robert Armstrong,Mae Clarke,George Archainbaund,1932,B&N,DVD,se desconoce si se estreno en Montevideo
2427,LA MONTAÑA EMBRUJADA,Aventuras,Dwayne Johnson,Anna Sophia Robb,Alexander Ludwig,Andy Fickman,2009,Color,DVD,"8-05-2009 Movie Center, GrupoCine Arocena, Ejido, Punta Carretas.
  Un misterioso ovni aterriza de noche en Las Vegas, Nevada, éste es descubierto por el ""Proyecto Polvo Lunar"", quienes llevan la nave a ""la montaña embrujada"", una base del gobierno que aparece en los mapas como una montaña común en el desierto de Nevada, pero cuyo interior alberga las instalaciones de dicho proyecto."
1901,SOLTERO EN EL PARAISO,Comedia,Bob Hope,Lana Turner,Janis Paige,Jack Arnold,1961,Color,DVD,Fecha de estreno en  Montevideo: 3-05-1962 Metro
369,DRACULA,Terror,Christopher Lee,Peter Cushing,Melissa Stribling,Terence Fisher,1958,Color,DVD,9-03-1959 Plaza
1903,HISTORIAS PARA NO DORMIR,Suspenso,Narciso Ibañez Menta,Manuel Galiana,Daniel Dicenta,Narciso Ibañez Serrador,1966,"b/n,color",DVD,Serie de tv con historias de suspenso.
1902,ELECCION CRITICA (Cuando el corazón manda),Comedia,Bob Hope,Lucille Ball,Rip Torn,Don Weis,1962,Color,DVD,Fecha de estreno en Montevideo: 24-12-1964 Trocadero.
1905,TAMMY,Comedia,Debbie Reynolds,Leslie Nielsen,Walter Brennan,Joseph Pevney,1957,Color,DVD,Fecha de estreno en Montevideo: 11-09-1958 Censa
1906,GEORGES MELIES el primer mago del cine,Documental,Gorges Melies,,,Georges Melies,1896,B&N,DVD,"En este DVD están reunidos todos los cortometrajes conservados de Georges Melies desde el primero ""Partida de naipes"" (1896) hasta el último ""El viaje de la familia Bourichon""."
1911,ERASE UNA VEZ EN HOLLYWOOD,Musical,Gene Kelly,Fred Astaire,Frank Sinatra,Jack Haley Jr,1974,Color,DVD,Fecha de estreno en Montevideo: 20-03-1975. Ambassador
1946,HOMBRES Y MUJERES DE BLANCO,Drama,Mercedes Carreras,Carlos Estrada,George Rigaud,Enrique Carreras,1962,B&N,DVD,"Fecha de estreno en Montevideo: 10-10-1963. Ariel
   en un sanatorio, ua médica se debate entre el amor de dos hombres."
1921,ESCUELA DE CAMPEONES,Comedia,George Rigaud,Silvana Roth,Pedro Quartucci,Ralph Pappier,1950,B&N,DVD,"Fecha de estreno en Montevideo: 14-05-1951. Coventry,Rex
A fines del siglo XIX el escocés Alexander Watson Hutton (George Rigaud) funda el colegio Buenos Aires English High School. Tiempo después con alumnos del colegio funda el Club Alumni para practicar fútbol. Este equipo fue dominador del futbol argentino por más de una década. Alexander Watson fue, en la vida real, además el primer presidente de la Asociación del Fútbol Argentino. Es considerado como el padre de ese deporte en la Argentina. Tal vez la mejor actuación de Rigaud"
1884,EL CASO DEL TELON FINAL,Suspenso,Raymond Burr,Barbara Hale,William Katt,Christian I. Naby,1989,Color,DVD,
1912,ACTION HEROES OF THE CLIFFHANGER SERIALS!,Documental,Buster Crabbe,Kirk Alyn,Tom Tyler,Lindsay Luescht,2013,B&N,DVD,Film documental no estrenado en salas.
1913,ROBUR EL CONQUISTADOR (El amo del mundo),Aventuras,Vincent Price,Charles Bronson,Mary Webterr,William Witney,1961,Color,DVD,Fecha de estreno en Montevideo: 29-01-1962. Trocadero
1922,MAÑANA ME SUICIDO,Comedia,Amanda Ledesma,Alberto Vila,Osvaldo Miranda,Carlos Schlieper,1942,B&N,DVD,"Fecha de estreno en Montevideo:5-11-1942. Radio City
para relanzar su carrera, una cancionista hace simular que un hombre intentó suicidarse por su amor."
1926,LA VIRGENCITA DE MADERA,Comedia,Cesar Ratti,Pepe Ratti,Alberto Bello,Sebastián M. Naón,1937,B&N,DVD,"Fecha de estreno en Montevideo: 14-09-1936. Ariel
Un joven y aburrido millonario se va vivir con tres desocupados, luego se verá involucrado en la construcción de una iglesia."
1914,ASESINATO EN LA LUNA DE MIEL,Policial,Edna May Oliver,James Gleason,Lola Lane,Lloyd Corrigan,1935,B&N,DVD,
1915,PRINCIPE Y MENDIGO,Dibujos Animados,Mickey Mouse,Goofy,Pluto,,0,Color,DVD,
2072,LA PEQUEÑA LULU,Dibujos Animados,,,,,0,Color,DVD,
1917,EL ESPEJO,Drama,Mirtha Legrand,Roberto Airaldi,Alicia Barrié,Francisco Mugica,1943,B&N,DVD,"Fecha de estreno en Montevideo: 1-07-1943. Ambassador
Frente a un espejo una mujer recuerda su pasado romántico y el sacrificio que favoreció a su madre y hermana.
  Final emotivo."
1923,LAS LUCES DE BUENOS AIRES,Musical,Carlos Gardel,Sofía Bozán,Pedro Quartucci,Adelqui Millar,1931,B&N,DVD,Fecha de estreno en Montevideo:2-10-1931. Ariel
1907,EL GLOBO ROJO,Ciencia Ficción,Pascal Lamorisse,Georges Sellier,Vladimir Popov,Albert Lamorisse,1956,B&N,DVD,Fecha de estreno en Montevideo: 31-07-1956. California
1908,CRIN BLANCA,Drama,Alain Emery,Pascal Lamorisse,Laurent Roche,Albert Lamorisse,1953,B&N,DVD,Fecha de estreno en Montevideo: 19-04-1955. Cine Club
2028,CINDERELLA (La Cenicienta),Familiar,Cate Blanchett,Lily James,Richard Madden,Kenneth Branagh,2015,Color,DVD,
1910,VIAJE EN GLOBO,Aventuras,André Grillé,Maurice Baquet,Pascal Lamorisse,Albert Lamorisse,1960,Color,DVD,Fecha de estreno en Montevideo:29-12-1961. Censa
1924,LA OBERTURA,Comedia,Enzo Viena,Ethel Rojo,Amelita Vargas,Julio Saraceni,1976,Color,DVD,"Fecha de estreno en Montevideo:10-06-1983. Abc.
Un hombre es secuestrado al ser confundido con otro. Su mujer cree que ha muerto e intenta cobrar el seguro.
 Con un argumento pobre y previsible se destaca la labor de Enzo Viena y las atractivas presencia de Ethel Rojo, Amelita Vargas y Katia Iaros."
1925,LAS APARIENCIAS ENGAÑAN,Comedia,Adolfo Stray,Patricia Castell,Alberto Bello,Carlos Rinaldi,1958,B&N,DVD,"Fecha de estreno en Montevideo: 2-07-1956. Amabassador.
Un muchacho es acusado por los errores de su hermano y su cuñado. Comedia que trata un tema repetido pero con lucimiento de su protagonista."
2904,REGRESO A HOWARDS END,Drama,Anthony Hopkins,Emma Thompson,Vanesa Redgrave,James Ivory,2016,Color,DVD,"01-01-1993 Central. Título local: La Mansión Howard
  Dos mujeres emancipadas y cultas traban amistad con los ricos y tradicionales Wilcox. La relación se rompe durante varios años."
1936,LOS PAGARES DE MENDIETA,Comedia,Tito Lusiardo,Severo Fernández,Felisa Mary,Leopoldo Torres Rios,1939,B&N,DVD,"Fecha de estreno en Montevideo: 25-12-1940 Rex
   Un hombre y su familia se enriquecen gracias a unos misteriosos pagarés."
1933,VIGILANTES Y LADRONES,Comica,Rafael Carret,Jorge Luz,Guillermo Rico,Carlos Rinaldi,1952,B&N,DVD,"Fecha de estreno en Montevideo: 9-06-1953 Coventry.
  Los Cinco Grandes tras la búsqueda de un tesoro en el subsuelo de un hotel."
1937,VIENTO NORTE,Drama,Enrique Muiño,Angel Magaña,Elias Alippi,Mario Soffici,1937,B&N,DVD,"Fecha de estreno en Montevideo:29-10-1937 Radio City
   Un muchacho blanco que vive en una toldería es resposabilizado por el asesinato del comandante de una partida. El verdadero criminal es su padre y asumirá la culpa."
1935,LA MUJER DESNUDA,Comedia,Tilda Thamar,Alberto de Mendoza,Ramón Garay,Ernesto Arancibia,1955,B&N,DVD,"Fecha de estreno en Montevideo: 30-05-1956 Trocadero
  Una seria comentarista radial se transforma en vedette revisteril."
1932,EL HOMBRE VIRGEN,Drama,Luis Sandrini,Aida Luz,Eduardo Sandrini,Román Viñoly Barreto,1955,B&N,DVD,"Fecha de estreno en Montevideo: 14-06-1956 Censa, Ambassador.
   Un hombre intenta engañar a su mujer por primera vez. Se arrepiente antes, pero nadie le cree."
1934,HISTORIA DE UNA MALA MUJER,Drama,Dolores del Rio,Maria Duval,Francisco de Paula,Luis Saslavsky,1947,B&N,DVD,"Fecha de estreno en Montevideo: 16-06-1948 Grand Palace.
  Una mujer engaña a su esposo provocando escándalo en la sociedad del lugar. Años después volverá para salvar a su hija."
1938,LAS TRES RATAS,Drama,Mecha Ortiz,Amelia Bence,Maria Duval,Carlos Schlieper,1946,B&N,DVD,"Fecha de estreno en Montevideo:12-03-1948 Coventry
   Tres hermanas reaccionan de formas diferentes al quedar huérfanas."
1939,LA MOROCHA,Drama,Tita Merello,Alfredo Alcón,Luis Arata,Ralph Papier,1958,B&N,DVD,"Fecha de estreno en Montevideo: 11-02-1957 Ambassador
   Una mujer ayuda a un joven estudiante de piano a seguir su carrera pese a un tío avaro y egoista.
   Efectivo drama de amor. Fue la última película de Luis Arata."
1918,VILLA DISCORDIA,Comedia,Olinda Bozán,Paquito Busto,Juan C. Thorry,Arturo S. Mom,1938,B&N,DVD,"Fecha de estreno en Montevideo: 12-04-1938 Radio City
   La rivalidad de dos familias en un pequeño pueblo y dos romances interfamiliares."
1919,CASA DE MUÑECAS,Drama,Delia Garcés,George Rigaud,Sebastian Chiola,Ernesto Arancibia,1943,B&N,DVD,"Fecha de estreno en Montevideo:6-04-1944. Radio City
   Al querer proteger su individualidad, una mujer entra en conflicto consu esposo."
1920,LA FUGA,Drama,Santiago Arrieta,Tita Merello,Francisco Petrone,Luis Saslavsky,1937,B&N,DVD,"Fecha de estreno en Montevideo:14-09-1937. Radio City
  Arrastrado a la mala vida, perseguido por la policía un joven se oculta como Maestro rural."
1928,LA NOVIA DE LA MARINA,Comedia,Susana Freyre,Alberto Bello,Ignacio de Soroa,Benito Perojo,1948,B&N,DVD,"Fecha de estreno en Montevideo: 17-11-1948. Grand Palace.
  Un joven se aprovecha del sonambulismo de una rica muchacha para que ella deje a su novio y se casa con él."
1929,ESCANDALO NOCTURNO,Comedia,Juan C. Thorry,Elina Colomer,José Cibrian,Juan C. Thorry,1951,B&N,DVD,"Fecha de streno en Montevideo: 5-06-1951 Grand Palace.
   Un hombre ve frustrada una cita de amor cuando encuentra en su departamento a un amigo recién casado."
1940,ME CASE CON UNA ESTRELLA,Comedia,Luis Sandrini,Conchita Piquer,Pierina Dealessi,Luis Cesar Amadori,1951,B&N,DVD,"Fecha de estreno en Montevideo:10-10-1951 Plaza
   Un humilde muchacho que trabaja en una compañía teatral, debe convertirse en marido de una ectriz para que ésta recupere a su hijo."
1930,LA MUJER DEL LEON,Comedia,Amelita Vargas,Hector Calcagno,Carlos Castro,Mario Lugones,1951,B&N,DVD,"Fecha de estreno en Montevideo: 30-04-1952 Coventry.
 Dos hombres se disputan una mujer."
1931,UE PAESANO,Musical,Nicola Paone,Fidel Pintos,Susana Campos,Manuel Romero,1953,B&N,DVD,"Fecha de estreno en Montevideo:2-11-1953 Coventry.
  Un cantante italiano triunfa en Buenos Aires.
 Sólo recordada por ser la última película de Manuel Romero."
3082,WEST SIDE STORY,Musical,Ansel Elgort,Ariana DeBose,David lvarez,Steven Spielberg,2021,B&N,DVD,"9-12-2021 Grupo Cine, Life, Movie Center
 La historia de amor prohibido y la rivalidad entre dos bandas callejeras de adolescentes de diferentes orígenes étnicos."
1947,SALA DE GUARDIA,Drama,Carlos Thompson,Roberto Escalada,Tito Alonso,Tulio Demicheli,1951,B&N,DVD,"Fecha de estreno en Montevideo: 1-09-1952 Central
   Distintos episodios en la guerdia de un hospital: un intento de suicidio, la espera de un padre por su primer hijo varón después de siete nenas y los amores entre una mujer y un boxeador y entre una doctora y un médico."
1941,LUISITO,Comedia,Paulina Singerman,Santiago Arrieta,Adrian Cuneo,Luis Cesar Amadori,1943,B&N,DVD,"Fecha de estreno en Montevideo:4-08-1943 Trocadero
   Para evitar que su amado se case por interés con otra mujer, una chica que se hace pasar por su secretaria.
   El tema del travestismo ya era conocido en la época de este film."
1942,Y MAÑANA SERAN HOMBRES,Drama,Sebastian Chiola,Malisa Zini,Pablo Palitos,Carlos Borbosque,1939,B&N,DVD,"Fecha de estreno en Montevideo: 10-04-1940 Rex.
  Unhombre recto es nombrado para dirigir un reformatorio..Se gana la confinza de de los internos a través de los buenos tratos.
  Un clásico. Fue perdiendo fuerza con el paso del tiempo."
1943,MONTE CRIOLLO,Policial,Francisco Petrone,Nedda Francy,Florindo Ferrario,Arturo S. Mom,1935,B&N,DVD,"Fecha de estreno en Montevideo: 16-07-1935 Ariel.
   Ascenso y caida de una mujer y dos hombres dueños de una casa de baile y juego clandestino."
1944,DEL BRAZO Y POR LA CALLE,Drama,Rodolfo Bebán,Evangelina Salazar,Susana Campos,Enrique Carreras,1966,B&N,DVD,"Fecha de estreno en Montevideo: 29-09-1966 Ariel
   Un matrimonio de condición humilde deberá reencontrarse como pareja luego de vivir experiencias por separado."
1945,CAMINO DEL INFIERNO,Drama,Mecha Ortiz,Pedro López Lagar,Amelia Bence,Luis Saslavky y Daniel Tinayre,1946,B&N,DVD,"Fecha de estreno en Montevideo: 31-07-1947 Radio City
  Una mujer enferma de celos, acosa a un hombre a quien no deja disfrutar de su verdadero amor."
1948,SEGUNDOS AFUERA,Comedia,Pedro Quartucci,Amanda Varela,Lalo Malcom,Chas de Cruz,1937,B&N,DVD,"Fecha de estreno en Montevideo: 31-08-1937 Ariel
  Un oficinista debe suplantar a su hermano mellizo boxeador.
  Como tantas veces el recurso del hermano gemelo. Buen pasatiempo para la época, con una pelea bien filmada y el ex boxeador Quartucci en su elemento."
1949,MI NOCHE TRISTE,Drama,Jorge Salcedo,Diana Maggi,Pedro Maratea,Lucas Demare,1952,B&N,DVD,"Fecha de estreno en Montevideo:1-10-1951 Grand Palace, Ambassador
   Episodios en la vida del compositor Pascual Contursi.
   Evocación tanguera que desemboca en el tango ""Mi noche triste"" como tema y con algunos momentos sugestivos."
1950,MI PRIMERA NOVIA,Comedia,Palito Ortega,Evangelina Salazar,Dean Reed,Enrique Carreras,1965,Color,DVD,"Fecha de estreno en Montevideo:2-04-1966 Trocadero
  Un muchacho pierde a su novia del barrio frente a un recién llegado.
  Todo un clásico de PalitoOrtega y una de sus mejores películas. Con la actuación del por entonces exitoso inglés Dean Reed y varios números de efectividad y gracia.
   Es la segunda versión del argumento original de Sixto Pondal Ríos y Carlos Olivari. La primera había sido Adolescencia (1942) de Francisco Mugica para Lumiton con Angel Magaña y Mirtha Legrand."
1840,EL OCASO DE LOS CHEYENES,Western,Richard Widmark,Carroll Baker,Karl Malden,John Ford,1964,Color,DVD,Fecha de estreno en Montevideo: 3-11-1966 Ambassador
1951,QUE NOCHE DE CASAMIENTO,Comedia,Darío Vittori,Gilda Lousek,Fernando Siro,Julio Porter,1969,Color,DVD,"Fecha de estreno en Montevideo: 18-10-1969 Ambassador
 Un empresario italiano, celoso de sus cuatro hijas se enfrenta con todos los pretendientes. Pero un día aparece un conde…"
1958,TITANES DE LA MONTAÑA,Western,Sterling Hayden,Vera Ralston,David Brian,Joseph Kane,1955,Color,DVD,25-02-1957 Iguazú
1959,VALLE PROHIBIDO (El rifle de oro),Western,Joel McCrea,Virginia Mayo,Barry Kelley,Thomas Carr,1957,Color,DVD,24-11-1958 Ariel
1960,EL SARGENTO NEGRO,Western,Jeffrey Hunter,Constance Towers,Billie Burke,John Ford,1960,Color,DVD,10-04-1961 Iguazú
1961,LA ULTIMA BALA (Noche Trágica),Western,James Stewart,Audie Murphy,Dan Duryea,James Neilson,1957,Color,DVD,13-11-1958 Plaza
1968,EXTRAÑO ASUNTO,Cine Negro,Martha Scott,Jeffrey Lynn,Harry Morgan,Will Price,1949,B&N,DVD,25-12-1951 Eliseo
1962,LA TIA DE CARLOS,Comedia,Jack Benny,Kay Francis,James Ellison,Archie Mayo,1941,B&N,DVD,9-04-1942. Ambassador
1969,CRACK-UP,Cine Negro,Pat O´Brien,Claire Trevor,Herbert Marshall,Irving Reis,1946,B&N,DVD,22-01-1948. Radio City. Título local: El crimen del Museo.
1964,ALIADOS,Drama,Brad Pitt,Marion Cotillard,Jared Harris,Robert Zemeckis,2016,Color,DVD,"12-01-2017. Grupo Cine Ejido,Life, Alfabeta, Movie Montevideo, Portones, Punta Carretas"
1965,MOTIN EN LA JUNGLA SALVAJE,Aventuras,Johnny Weissmuller,Angela Stevens,Lester Matthews,Spencer Bennet,1953,B&N,DVD,"9-02-1954. Victory. Estrenada como ""La isla condenada"""
1966,LA MARCA DEL GORILA,Aventuras,Johnny Weissmuller,Carol Thurston,Ray Corrigan,Spencer Bennet,1953,Sepia,DVD,16-11-1954. Victory
1970,AVENTURA EN ARABIA,Cine Negro,George Sanders,Virginia Bruce,Lenore Aubert,Leonide Moguy,1944,B&N,DVD,6-09-1944. Trocadero. (Peligro en Damasco)
1967,YO QUIERO A LUCY (1era Temporada),Comedia,Lucille Ball,Desi Arnaz,Vivian Vance,William Asher,1951,B&N,DVD,
1963,CONVICTED (El destino manda),Cine Negro,Glenn Ford,Broderick Crawford,Dorothy Malone,Henry Levin,1950,B&N,DVD,5-02-1951 Trocadero
1971,EL CRIMEN DE LA PIZARRA,Cine Negro,Edna May Oliver,James Gleason,Bruce Cabot,George Archinbaud,1934,B&N,DVD,"No estrenada en salas en Montevideo.
Hildegar Withers (Edna May Oliver) es Profesora de un apacible colegio…hasta que un día se topa con el cadaver de una de sus compañeras. Cuando la Srta Withers comunica lo sucedido a su amigo, el detective Piper (James Gleason), el cuerpo ha desaparecido. La pareja comienza a investigar por los pasillos del edificio, en donde se esconde un asesino y varios misterios.
  Segundo de los tres filmes en que Edna May Oliver dio vida a la inefable Hildegarde Withers, una suerte de Miss Marple americana. En esta serie se mezclaba sabiamente humor con misterio. Gran éxito de la RKO."
1972,EL MISTERIO DEL VALLE BOSCOMBE,Policial,Peter Cushing,Nigel Stock,John Tate,Viktors Ritelis,1968,Color,DVD,
1973,EL SIGNO DE LOS CUATRO,Policial,Peter Cushing,Nigel Stock,Ann Bell,William Sterling,1968,Color,DVD,
1974,EL RUBI AZUL,Policial,Peter Cushing,Nigel Stock,Madge Ryan,Bill Bain,1968,Color,DVD,
1975,ESTUDIO EN ESCARLATA,Policial,Peter Cushing,Nigel Stock,Joe Melia,Hanri Safran,1968,Color,DVD,
1976,EL MASTIN DE LOS BASKERVILLE,Policial,Peter Cushing,Nigel Stock,Gary Raymond,Graham Evans,1968,Color,DVD,
1977,EL GRAN DICTADOR,Comedia,Charles Chaplin,Paulette Goddard,Jack Oakie,Charles Chaplin,1940,B&N,DVD,16-01-1941. Trocadero
1978,CANDILEJAS,Drama,Charles Chaplin,Claire Bloom,Buster Keaton,Charles Chaplin,1952,B&N,DVD,"8-06-1953. Trocadero, Eliseo"
2016,COLUMBO (1era Temporada),Policial,Peter Falk,Mike Lally,John Finnegan,Varios,1971,Color,DVD,
2015,EL SHOW DEL OSO YOGI,Dibujos Animados,Daws Butler,Dow Messick,Jimmy Weldon,Josepg Barbera y William Hanna,1961,Color,DVD,
2017,LOS GOONIES,Aventuras,Sean Astin,Josh Brolin,Jeff Cohen,Richard Donner,1985,Color,DVD,"25-12-1985. California, Alfa, Beta"
2018,ALAS,Drama,Clara Bow,Richard Arlen,Gary Cooper,William Wellman,1927,B&N,DVD,
2067,EL PAJARO CANTA HASTA MORIR,Drama,Richard Chamberlain,Amanda Donohone,Paul Bertram,Kevin James Dobson,1996,Color,DVD,
2068,DUMBO,Dibujos Animados,Mel Blanc(Dumbo),Edward Brophy(Ratón),Vera Felton(Madre),Samuel Armstrong,1941,Color,DVD,2-09-1942 Trocadero
34,DOS BRIBONES TRAS LA ESMERALDA PERDIDA,Aventuras,Michael Douglas,Kathleen Turner,Danny de Vito,Robert Zemeckis,1984,Color,DVD,"28-06-1984 Plaza, Casablanca"
43,LA JOYA DEL NILO,Aventuras,Michael Douglas,Kathleen Turner,Danny de Vito,Luis Teague,1985,Color,DVD,"3-07-1986 Trocadero,Eliseo, Carrasco"
1988,POR CUATRO DIAS LOCOS,Musical,Alberto Castillo,Amalia Sanchez Ariño,Francisco Charmiello,Julio Saraceni,1953,B&N,DVD,"6-09-1954 Central
   Un joven cantante se hace pasar por el nieto de una mujer venida de España para ver a su nieto médico.
   Historia superficial apuntalada por las canciones de Alberto Castillo."
1989,LA PROCESION,Drama,Santiago Gómez Cou,Guillermo Murray,Rafael Carret,Francis Lauric,1959,B&N,DVD,"No estrenada en salas en Uruguay.
  El encuentro ente personas de distintas clases sociales durante una procesión religiosa."
1981,GUNSMOKE (Retorno a Dodge),Western,James Arness,Amanda Blake,Buck Taylor,Vincent McEveety,1987,Color,DVD,
1982,GUNSMOKE (El último Hombre),Western,James Arness,Pat Hingle,Morgan Woodward,Jerry Jameson,1981,Color,DVD,
1983,DOS MUJERES,Drama,Sophia Loren,Jean Paul Belmondo,Raff Vallone,Vittorio De Sica,1960,B&N,DVD,27-07-1961 Metro. Censa
1990,DR CANDIDO PEREZ SEÑORAS,Comedia,Juan C. Thorry,Julia Sandoval,Teresa Blasco,Emilio Vieyra,1962,B&N,DVD,"10-05-1963 Ariel
   Por no quedar mal con un amigo, un médico se ve obligado a engañar a su esposa."
1991,ALMA DE BOHEMIO,Musical,Alberto Castillo,Fidel Pintos,Lilian Valmar,Julio Saraceni,1949,B&N,DVD,"15-11-1949 Grand Palace
   Por las noches, un industrial es cantor de tangos en un bar."
1992,LAS SORPRESAS DEL DIVORCIO,Comedia,Esteban Serrador,Marcos Caplán,Malisa Zini,Roberto Ratti,1943,B&N,DVD,"24-08-1944 Radio City
   Para escapar de su suegra, un hombre se casa con otra mujer. Pero el suegro se casa con su ex esposa volviendo la suegra a la casa."
1979,AVENTURAS DE TARZAN (Serial),Aventuras,Elmo Lincoln,Louise Loraine,Lilian Worth,Robert F. Hill,1921,B&N,DVD,
1980,EL REY DEL CONGO (Serial),Aventuras,Jacqueline Logan,Walter Miller,Boris Karloff,Ricahrd Thorpe,1929,B&N,DVD,
1984,NACIDA LIBRE,Familiar,Virginia McKenna,Bill Travers,Geoffrey Keen,Jmes Hill,1965,Color,DVD,13-02-1967 Ambassador
1985,TORA! TORA! TORA!,Bélica,Martin Balsam,Joseph Cotten,So Yanamura,Richard Fleischer,1970,Color,DVD,3-03-1971 Censa
1993,MUJERES PERDIDAS,Drama,Jorge Salcedo,Gilda Lousek,Myriam de Urquijo,Ruben Cavallotti,1964,B&N,DVD,"No estrenada en salas.
 Una academia artística sirve como pantalla para la trata de blancas.
 Buen film policial con un final sorprendente e imprevisible."
1994,LAS LOCAS DEL CONVENTILLO,Comedia,Analía Gadé,Alberto de Mendoza,Olinda Bozán,Fernando Ayala,1966,B&N,DVD,"10-07-1967 Continental
   En los años 20 del siglo XX dos mujeres llegan de España. Una se casa con un lechero. La otra se integra a una banda de matones."
1995,EL HEROICO BONIFACIO,Comedia,Pepe Iglesias,Nelida Romero,Roberto Blanco,Enrique Cahen Salaberry,1950,B&N,DVD,"6-03-1951. Grand Palace,Victory
   Un fanfarrón empleado de tienda es utilizado por una banda de criminales haciendolo pasar por héroe."
1996,QUE NOCHE DE CASAMIENTO,Comedia,Francisco Charmiello,Analía Gadé,Tito Climent,Enrique Carreras,1953,B&N,DVD,"1-04-1954. Central
   Un padre italiano y celoso, una hija, su novio y un doble que ocupa su lugar."
2007,DE TURNO CON LA MUERTE,Drama,Roberto Escalada,Silvana Roth,Eduardo Cuitiño,Julio Porter,1945,B&N,DVD,"1-01-1953 Rex
   Un joven médico no descuida los deberes de su profesión a pesar de sus dramas íntimos."
1997,MARY TUVO LA CULPA,Comedia,Leo Marini,Susana Canales,Augusto Codecá,Carlos Torres Ríos,1950,B&N,DVD,"30-08-1950 Grand Palace
   Una mujer se separa de su marido cuando escucha que éste en sueños nombra a una tal Mry."
2001,EL CIELO EN LAS MANOS,Drama,Oscar Casco,Perla Muz,Orestes Caviglia,Enrique De Thomas,1950,B&N,DVD,"3-12-1951. Grand Palace
   La vida de varios muchachos jóvenes, algunos siguen el ben camino otros no."
1998,EL AVIADOR,Drama,Leonardo DiCaprio,Cate Blanchett,Alec Baldwin,Martin Scorsese,2004,Color,DVD,"21-01-2005. Movie Portones, P Carretas, Montevideo"
1999,LA LEYENDA DEL JINETE SIN CABEZA,Drama,Johnny Depp,Christina Ricci,Miranda Richardson,Tim Burton,1999,Color,DVD,"14-02-2000.Ejido,Plaza Arocena,P. Carretas"
2000,CORTOS DE CHAPLIN (1914-1917),Comica,Charles Chaplin,Edna Purviance,Henry Bergman,Charles Chaplin,1914,B&N,DVD,
2002,A SANGRE FRIA,Policial,Amelia Bence,Pedro López Lagar,Tito Alonso,Daniel Tinayre,1955,B&N,DVD,"11-06-1947 Grand palace
  Una pareja planea envenenar a una anciana millonaria para quedarse con su fortuna."
2003,EL HOMBRE QUE AME,Suspenso,Pedro López Lagar,Delia Garcés,Jorge Salcedo,Alberto de Zavalía,1947,B&N,DVD,"1-06-1948 Coventry
   Un hombre vende su juventud a un extraño personaje, mediante un pacto."
2008,LA CIGÜEÑA DIJO SI!,Comedia,Lola Membrives,Tomás Blanco,Esteban Serrador,Enrique Carreras,1954,B&N,DVD,"5-03-1956 Ambassador
   Un matrimonio maduro recibe alegremente la noticia del embarazo mientras que una pareja sufre la decepción de unintento frustrado."
2004,EL DEPENDIENTE,Drama,Graciela Borges,Walter Vidarte,Fernando Iglesias,Leonardo Favio,1969,B&N,DVD,"12-02-1970 Luxor
   Un empleado de ferretería espera la muerte de su patrón para heredar el negocio."
2006,LLEGO LA NIÑA RAMONA,Comedia,Olinda Bozán,Pepe Iglesias,Oscar Valicelli,Catrano Catrani,1945,B&N,DVD,"13-06-1946 Radio City
   La tía de un estudiante llega del interior para investigar la conducta de su sobrino."
2009,DOCK SUD,Drama,Mario Fortuna,Ana Lasalle,Ubaldo Martínez,Tulio Demicheli,1952,B&N,DVD,"4-04-1955 Ambassador
   Al caer un tranvia al Riachuelo mueren 47 obreros. Los familiares cobran un seguro, mejoran su situación económica y menosprecian a un obrero que no tomó ese tranvía."
2010,YO QUIERO MORIR CONTIGO,Comedia,Angel Magaña,Elisa Christian Galvé,José Olarra,Mario Soffici,1941,B&N,DVD,"26-08-1941 Ambassador
  Una pareja recorre el país con el dinero destinado a pagar el rescate por un bebé secuestrado. Comedia simple y ágil."
2011,EN LA ARDIENTE OSCURIDAD,Drama,Mirtha Legrand,Duilio Marzio,Lautaro Murúa,Daniel Tinayre,1959,B&N,DVD,"25-09-1961 Coventry
   En un instituto para ciegos, un recién llegado se resiste a la comprensión que los demás le brindan."
1078,LA TRIBU MISTERIOSA (Serial),Western,Allan Lane,Kay Aldridge,Eddie Acuf,John English,1943,B&N,DVD,
2012,HE NACIDO EN LA RIBERA,Comedia,Susana Gimenez,Santiago Bal,Arturo Puig,Catrano Catrani,1972,Color,DVD,"3-08-1972 Monumental
   Un grupo de jóvenes intentan cumplir con sus sueños en la música y el deporte."
929,DODGE CITY,Western,Errol Flynn,Olivia de Havilland,Ann Sheridan,Michael Curtiz,1939,Color,DVD,Fecha de Estreno en ROU: 15/06/1939.Radio City
2014,TOMBSTONE,Western,Kurt Russell,Val Kilmer,Sam Elliott,George Cosmatos,0,Color,DVD,"20-05-1994 California, Gamma"
2013,REENCUENTRO EN EXTREMO ORIENTE (Reportaje sensacio,Drama,Clark Gable,Lana Turner,Robert Sterling,Wesley Ruggles,1942,B&N,DVD,21-04-1943 Metro
2019,SORROWFUL JONES,Comedia,Bob Hope,Lucille Ball,William Demarest,Sidney Lanfield,1949,B&N,DVD,2-11-1949 California
233,MADRESELVA,Drama,Libertad Lamarque,Hugo del Carril,Malisa Zini,Luis Cesar Amadori,1938,B&N,DVD,"19-10-1938 Radio City
La hija de un titiretero se enamora de un actor.
Fue promoción de la estrella Libertad Lamarque."
943,INDIANA JONES Y EL REINO DE LA CALAVERA DE CRISTAL,Aventuras,Harrison Ford,Cate Blanchett,Karen Allen,Steven Spielberg,2008,Color,DVD,"22-05-2008 Movie Center, Grupo Cine.
 Año 1957. Indiana después de un fortuito encuentro con militares soviéticos, consigue de milagro salir vivo de una explosión nuclear. Poco después conoce a Mutt, un joven rebelde que le dará información para encontrar la calavera de cristal de Ajkator. Tras de ella también irá la fría Irina Spalko, una agente soviética."
2020,EL CARAPALIDA,Comedia,Bob Hope,Jane Russell,Robert Amstrong,Norman Z McLeod,1948,Color,DVD,"19-09-1950 Trocadero, Central"
217,EL HIJO DEL CARAPALIDA,Comedia,Bob Hope,Jane Russell,Roy Rogers,Frank Tashlin,1952,Color,DVD,"9-05-1955 Iguazú
 Junior Potter (Bob Hope) es un estudiante de Harvard que viaja a Sawbuck Pass, un pueblo del lejano oeste, para cobrar la herencia de su padre conocido como Carapálida. Al llegar se encuentra con la desagradable sorpresa de que el cofre que le dejó su padre está vacío. Además dejó deudas con casi todos los habitantes del pueblo y los acreedores quieren trasladar las cuentas al Hijo del Carapálida.Pero el oro del padre existe y Junior tratará de encontrarlo antes de que los acreedores lo linchen.
  Durante la estadía en Sawbuck Pass  conoce a Mike (Jane Russell) la dueña del Salón que tiene algún secreto y de la que Junior se enamorará instantáneamente. 
  A todo esto el agente federal Roy Barton (Roy Rogers) y su caballo Trigger siguen la pista de un misterioso asaltante apodado La Antorcha que según parece quiere apoderarse del oro de Junior.
  Tras el éxito de El Carapálida (1948) Bob Hope da vida al hijo de su protagonista en El Hijo del Carapálida, uno de sus mayores éxitos de taquilla.
   Es la última presencia de Roy Rogers en la pantalla grande."
2038,GREYSTOKE,Aventuras,Christopher Lambert,Ralph Richardson,Ian Holm,Hugh Hudson,1983,Color,DVD,27-09-1984 Censa
2021,SAN ANTONIO,Western,Errol Flynn,Alexis Smith,S.Z. Sakall,David Butler,1945,Color,DVD,11-04-1947 Coventry
2160,EL HOMBRE DEL TRAJE GRIS,Drama,Gregory Peck,Jennifer Jones,Fredric March,Nunnally Johnson,1956,Color,DVD,"17-07-1956 Radio City
Un dedicado padre de familia cambia de trabajo para mejor. La presión en su nueva labor es mayor que en el anterior y el nuevo ejecutivo deberá decidir entre la familia o el éxito."
2022,LA VENGANZA DE FRANK JAMES,Western,Henry Fonda,Gene Tierney,Jackie Cooper,Fritz Lang,1940,Color,DVD,"23-04-1941 Trocadero
Un año después del éxito de ""Tierra de audaces"" la productora dedide filmar una continuación. Henry Fonda interpreta nuevamente el papel de frank, que regresa para vengar la muerte de su hermano Jesse. Conciente de que la solución es entregarse y esperar un juicio justo."
2029,LA ULTIMA PELICULA,Drama,Jeff Bridges,Timothy Bottoms,Cloris Leachman,Peter Bogdanovich,1971,B&N,DVD,
2023,EL ULTIMO DESTACAMENTO,Western,Ronald Reagan,Rhonda Fleming,Bruce Bennett,Lewis Foster,1951,Color,DVD,"20-01-1953 Plaza
Durante la Guerra de Secesión, dos hermanos enfrentados por sus ideas ya que uno es soldado confederado y el otro sirve a los unionistas, intentan evitar que los indios entren en conflicto, lo que podría traer consecuencias imprevisibles, al tiempo que combaten uno contra otro. Al final un levantamiento apache hará que ambos tengan que unir fuerzas y cooperar para defenderse de un enemigo común: los apaches."
2024,CANADIAN PACIFIC,Western,Randolph Scott,Jane Wyatt,J.Carrol Naish,Edwin L. Marin,1949,Color,DVD,"17-10-1950 Ambassador
Ton Andrews, Randolph Scott, ingeniero del Ferrocarril encuentra un paso entre las montañas Rocosas para prder construir el tren Canadian Pacific. Se entera que un comerciante se siente amenazado por la llegada del ferrocarril ha incitado a la guerra a los indios por cuyas tierras pasará el tren."
2025,LOS 4 HIJOS DE KATIE ELDER,Western,John Wayne,Dean Martin,Martha Hyer,Henry Hathaway,1965,Color,DVD,"Reunidos en el funeral de su madre, los hijos de Katie Elder: John (John Wayne), Tom (Dean Martin), Matt(E. Holliman) y Bud ( Michael Anderson Jr) trataran de sentrañar el asesinato de su padre y la extraña venta de su rancho. Como hecho curioso cabe anotar que Wayne venía de salir de la operación de cancer de pulmón hacía sólo tres meses. Estreno:5-12-1966 18 de julio"
2026,FORSAKEN,Western,Kiefer Sutherland,Donald Sutherland,Demi Moore,Jon Cassar,2016,Color,DVD,"No estrenada en salas en Montevideo
 Un hombre vuelve a su pueblo natal. Encuentra que está amenazada por un grupo de terratenientes."
2030,TARZAN EL HOMBRE MONO,Aventuras,Bo Derek,Richard Harris,John Phillip Law,John Derek,1981,Color,DVD,
2039,EL ALAMO,Western,Dennis Quaid,Billy Bob Thorton,Jason Patric,John Lee Hancock,2004,Color,DVD,"30-07-2004 Movie Center (Modeo, Portones y P Carretas)"
2031,LA MUJER DE LA PROXIMA PUERTA,Drama,Fanny Ardant,Gerard Depardieu,Henri Garcín,Francois Truffaut,1981,Color,DVD,9-06-1983 Ambassador
2032,LA AMANTE DEL TENIENTE FRANCES,Drama,Meryl Streep,Jeremy Irons,Hilton McRae,Karel Reisz,1981,Color,DVD,26-03-1982 Ambassador Punta Gorda
1,EL CAMPEON,Drama,Jon Voight,Faye Dunaway,Ricky Schroeder,Franco Zeffirelli,1979,Color,DVD,"Fecha de estreno en Montevideo: 5-03-1979. Trocadero,Ariel, Carrasco.
   Billy Flynn (Jon Voigt), un ex campeón de box, es ahora un entrenador de caballos de carrera en Florida. Tiene la custodia de su hijo TJ después que su esposa los abandonara hace 7 años. Un buen día aparece la madre. El Campeón, como TJ llama a su padre, se opone a que lo vea argumentando que no lo merece y que, además, le dijo a TJ que su madre estaba muerta. Después de algunas situaciones ""El Campeón"" se endeuda por algunas apuestas fallidas y decide retornar al boxeo para cubrir las deudas y darle a su hijo un futuro mejor…"
2034,LA CAIDA DE LA CASA USHER,Terror,Vincent Price,Mark Damon,Myrna Fahey,Roger Corman,1960,Color,DVD,5-04-1962 Trocadero
2035,EL FOSO Y EL PENDULO,Terror,Vincent Price,John Kerr,Barbara Steele,Roger Corman,1961,Color,DVD,29-05-1963 Iguazu
2036,LA MOSCA,Terror,Vincent Price,Al Hedison,Patricia Owens,Kurt Neumann,1958,Color,DVD,15-10-1958  Radio City
2040,LA PESADILLA,Suspenso,Narciso Ibañez Menta,Ma Aurelia Bisutti,Luis Tasca,Narciso Ibáñez Serrador,1974,B&N,DVD,"Serie TV
 Unn vampiro es muerto mientras duerme."
2027,ALICIA A TRAVES DEL ESPEJO,Ciencia Ficción,Johnny Depp,Anne Hathaway,Helena Boham Carter,James Bobin,2016,Color,DVD,
2037,EL RETORNO DE LA MOSCA,Terror,Vincent Price,Brett Halsey,David Frankham,Edward Bernds,1959,B&N,DVD,
2069,"CAPITAN HORACIO HORNBLOWER, el hidalgo de los mare",Aventuras,Gregory Peck,Virginia Mayo,Robert Beatty,Raoul Walsh,1951,Color,DVD,1-08-1955 Plaza
2042,NOCHE EN LA CIUDAD (Siniestra Obsesion),Cine Negro,Richard Widmark,Gene Tierney,Herbert Lom,Jules Dassin,1950,B&N,DVD,29-11-1950 California
2043,LA CARGA DE LA BRIGADA LIGERA,Aventuras,Errol Flynn,Olivia de Havilland,Nigel Bruce,Michael Curtiz,1936,B&N,DVD,8-05-1937 Rex. Ariel
2048,LA QUE NO QUERIA MORIR,Drama,Susan Hayward,Simon Oakland,Virginia Vincent,Robert Wise,1958,B&N,DVD,"15-06-1959. Censa, California"
2044,"ORO,AMOR Y SANGRE(Virginia City)",Western,Errol Flynn,Humphrey Bogart,Randolph Scott,Michael Curtiz,1940,B&N,DVD,20-06-1940 Radio City
2045,EL REY DEL TABACO,Drama,Gary Cooper,Lauren Bacall,Patricia Neal,Michael Curtiz,1950,B&N,DVD,18-10-1954 Plaza
2046,LA FUERZA DE LAS ARMAS,Drama,William Holden,Nancy Olson,Frank Lovejoy,Michael Curtiz,1951,B&N,DVD,19-09-1955 Plaza
2041,EL CASO DEL AMOR PERDIDO,Suspenso,Raymond Burr,Barbara Hale,Jean Simmons,Ron Satlof,1987,Color,DVD,No exhibia de en salas
1916,FUISTE MIA UN VERANO,Drama,Leonardo Favio,Emilio Disi,Susana Gimenez,Eduardo Calcagno,1969,Color,DVD,"Fecha de estreno en Montevideo: 7-08-1969. Censa
 La vida de un joven artista desde su infancia hasta su triunfo como cantante."
1909,"BIM, EL PEQUEÑO ASNO",Aventuras,Jacques Prévert(narrador),Pascal Lamorisse,,Albert Lamorisse,1950,B&N,DVD,Fecha de estreno en Montevideo: Se exhibió en Cine Club a inicios de la década de los 50 del siglo XX.
2074,EL ESPECTACULO MAS GRANDE DEL MUNDO,Drama,Charlton Heston,Betty Huton,Cornel Wilde,Cecil B. DeMille,1952,Color,DVD,12-07-1954 Plaza
2154,KIT CARSON,Western,Jon Hall,Lynn Bari,Dana Andrews,George B. Seitz,1940,B&N,DVD,"5-12-1940 Radio City
Kit Carson acepta guiar una caravana hacia California a través del territorio indio."
2130,EL HOMBRE DEL SABADO,Comedia,Pedro Quartucci,Virginia Luque,Pedro Maratea,Leopoldo Torres Ríos,1947,B&N,DVD,Fecha de estreno en Montevideo: 25-11-1947 Ambassador
2131,ROSAURA A LAS 10,Drama,Juan Verdaguer,Susana Campos,María Luisa Robledo,Mario Soffici,1958,B&N,DVD,"Fecha de estreno en Montevideo:20-08-1958 Ariel
Los huéspedes de una pensión dan sus opiniones sobre el asesinato de una mujer, que supuestamente era amada por un hombre tímido."
2132,MARIHUANA,Drama,Pedro López Lagar,Fanny Navarro,Golde Flami,Leon Kliomovsky,1950,B&N,DVD,"Un cirujano se introduce en un banda de narcotraficantes para encontrar al asesino de su esposa
24-10-1960 Grand Palace, Victory."
2140,EL AMOR NUNCA MUERE,Drama,Zully Moreno,Mirtha Legrand,Tita Merello,Luis Cesar Amadori,1955,B&N,DVD,"Fecha de estreno en Montevideo 20-08-1956 Amassador
Tres historias de amor de distimtas época se unen entre si por medio de un medallón."
2141,DEBILES Y PODEROSOS(Escrito en el cielo),Drama,John Wayne,Claire Trevor,Robert Stack,William Wellman,1954,Color,DVD,
2142,ISLA EN EL CIELO(El infierno blanco),Aventuras,John Wayne,Lloyd Nolan,Andy Devine,William Wellman,1953,Color,DVD,
2143,COCO,Dibujos Animados,,,,Adrián Molina,2017,Color,DVD,"11-01-2018 Movie Center, Life Cinema"
2050,DIMENSION DESCONOCIDA(3era Temporada),Ciencia Ficción,Charles Bronson,Elizabeth Montgomery,Robert Redford,Varios,1961,B&N,DVD,
1803,ARRIBA EL TELON (El Patio de la Morocha),Comedia,Virginia Luque,Juan Carlos Mareco,Severo Fernandez,Manuel Romero,1951,B&N,DVD,"Fecha de estreno en Montevideo: 17-09-1951. Grand Palace
 La nieta del sereno de un teatro a punto de ser demolido, sueña que es cancionista de éxito como su madre. El hijo del dueño lo hace posible."
2047,CAPOTE,Drama,Philip Seymour Hoffman,Clifton Collins Jr,Catherine Keener,Bennett Miller,2005,Color,DVD,24-02-2006. Movie Center
2049,LA CAIDA,Drama,Bruno Ganz,Alexandra Maria Lara,Ulrich Matthes,Oliver Hirschbiegel,2004,Color,DVD,5-08-2005 Movie Center
2070,LA GRAN NOCHE DE CASANOVA,Comedia,Bob Hope,Joan Fontaine,Basil Rathbone,Norman Z McLeod,1954,Color,DVD,10-10-1955 Iguazú
2071,NEVADA,Western,Randolph Scott,Forrest Tucker,Dorothy Malone,Gordon Douglas,1950,Color,DVD,16-10-1950 Rex
2052,LOS ISLEROS,Drama,Tita Merello,Arturo García Buhr,Roberto Fugazot,Lucas Demare,1951,B&N,DVD,"21-05-1951 Coventry, Rex
   Una recia mujer que vive en las costas de San Pedro se une a un islero y forna con él un hogar."
2053,CINCO GALLINAS Y EL CIELO,Comedia,Narciso Ibáñez Menta,Luis Arata,Irma Córdoba,Ruben Cavallotti,1957,B&N,DVD,"No estrenada en salas en Montevideo
   Un sabio experimenta con gallinas, inoculándoles un virus que produce audaces e impulsivas a las personas que las comen."
2054,RIACHUELO,Comedia,Luis Sandrini,Maruja Pibernat,Alfredo Camiña,Luis Moglia Barth,1934,B&N,DVD,"14-12-1935 Rex
   Dos rateros y su afán por recuperarse."
2055,LOS VERDES PARAISOS,Drama,Aida Luz,Guillermo Battaglia,Eduardo Cuitiño,Carlos H. Christensen,1947,B&N,DVD,"18-09-1947 Ambassador
   Un arquitecto sufre un ataque de epilepsia. Despierta años después convertido en escritor famoso y próximo a casarse."
2056,AGUILA BLANCA,Drama,Francisco Petrone,Pablo Palitos,Eduardo Cuitiño,Carlos H. Christensen,1941,B&N,DVD,"6-05-1941 Ambassador
  Un recio marino quiere confirmar la identidad de su hijo probándolo en la aventura a bordo de un velero."
2057,EL SATIRO,Policial,Jorge Salcedo,Juan Ramón,Pedro Quartucci,Kurt Land,1970,Color,DVD,"12-11-1970 Luxor
 El telonero de un teatro de burlesque es en realidad un maniático asesino de mujeres."
2058,LOS TALLOS AMARGOS,Drama,Carlos Cores,Aida Luz,Julia Sandoval,Fernando Ayala,1956,B&N,DVD,"22-04-1957 Ambassador
   Un periodista se asocia con un húngaro para crear una academia de periodismo por correspondencia. En un momento cree que el socio lo estafa y lo asesina.
  Suspenso bien logrado."
2059,UNA CITA CON LA VIDA,Drama,Enzo Viena,Gilda Lousek,Tito Alonso,Hugo del Carril,1958,B&N,DVD,"8-01-1958 Plaza
  Historia de amor entre dos adolescentes, hijos de padres incomprensivos."
2060,APENAS UN DELICUENTE,Cine Negro,Jorge Salcedo,Sebastian Chiola,Tito Alonso,Hugo Fregonese,1949,B&N,DVD,"26-04-1949 Grand Palace
   Un empleado ambicioso y endeudado, comete una defraudación en la empresa donde trabaja, oculta el dinero y se deja encarcelar para disfrutarlo al cumplir la condena."
2061,CINCO GRANDES Y UNA CHICA,Comedia,Rafael Carret,Jorge Luz,Guillermo Rico,Augusto Vatteone,1950,B&N,DVD,"11-04-1950 Grand Palace, Victory
   Cinco integrantes de un cuadro de fútbol descubren un caso de soborno."
2062,TROMPADA 45,Comedia,Rafael Carret,Jorge Luz,Guillermo Rico,Leo Fleider,1953,B&N,DVD,"3-04-1954 Luxor
   En su propósito de ir a Hollywood, los muchachos llegan a un pueblo de Texas."
2063,EL SATELITE CHIFLADO,Comedia,Rafael Carret,Jorge Luz,Guillermo Rico,Julio Saraceni,1956,B&N,DVD,"8-10-1956 Ambassador
   En gira por centroamérica, los muchachos son confundidos con voluntarios de unviaje espacial y ayuadan a capturar a una pareja de espías."
2064,CUARENTA AÑOS DE NOVIOS,Comedia,Lolita Torres,German Cobos,Enzo Viena,Enrique Carreras,1963,B&N,DVD,"1-11-1963 Ariel
   Una mujer que no perdona la infidelidad de su novio se reconciliará con él cuarenta años después.
   Llita T orres hace de abuela, madre e hija."
2065,MUCHACHO QUE VAS CANTANTO,Musical,Palito Ortega,Gila,Nené Morales,Enrique Carreras,1971,Color,DVD,"2-08-1971 Censa
  Un hombrey su hijo se van de vacaciones con un amigo. La aparición de una mujer desatará un conflicto."
2066,LOS TRES CHIFLADOS (cortos),Comica,Moe Howard,Larry Fine,Curly Howard,Jules White,1934,B&N,DVD,"190 cortos doblados al español. 
Desde Woman haters (1934) hasta Sappy bull fighters ""Toreros desatados"" (1959)"
2075,LAS HORAS MAS OSCURAS,Drama,Gary Oldman,Kristin Scott Thomas,Lily James,Joe Wright,2017,Color,DVD,"25-01-2018 Grupo Cine, Movie Center"
2076,LOS DESCONOCIDOS DE SIEMPRE(Rufufu),Comedia,Vittorio Gassman,Marcello Mastroianni,Toto,Mario Monicelli,1958,B&N,DVD,29-06-1959 Trocadero
2078,UN JOVEN DE SUERTE,Musical,Vivian Blaine,Perry Como,Carmen Miranda,Lewis Seiler,1946,B&N,DVD,22-05-1947 Radio City
2077,SAFARI,Aventuras,Victor Mature,Janet Leight,John Justin,Terence Young,1956,Color,DVD,11-04-1957 Censa
2082,EL TESORO DE PANCHO VILLA,Western,Rory Calhoun,Gilbert Roland,Shelley Winters,George Sherman,1955,Color,DVD,16-05-1956 Ariel
2083,LA MASCARA DE DIMITRIOS,Cine Negro,Peter Lorre,Sydney Greenstreet,Zachary Scott,Jean Negulesco,1944,B&N,DVD,18-04-1946 Ambassador
2086,ASESINATO EN EL ORIENT EXPRESS,Policial,Kenneth Branagh,Penelope Cruz,Johnny Depp,Kenneth Branagh,2017,Color,DVD,"9-11-2017. Grupocine Ejido, Life Alfabeta, Life P. Carretas, Movie Center"
2079,RIVERDALE (1era Temporada),Drama,K.J. Apa,Lili Reinhart,Camila Mendes,Varios,2017,Color,DVD,"Con el comienzo del año escolar la ciudad de Riverdale se ve conmocionada por la muerte de Jasson Blossom un joven integrante de una de las familias que fundaron dicha ciudad.
 Riverdale da un giro al mundo de los comics de Archie en 13 seductores, inteligentes y misteriosos episodios."
2081,RIFLES HOSTILES (Pistolas hostiles),Western,George Montgomery,Tab Hunter,Yvonne DeCarlo,R.G. Springsteen,1967,Color,DVD,"15-12-1969 Iguazú
El Sherif Geidean Mc Cool es el encargado de trasladar a cuatro condenados a la prisión de Huntsville. Durante el trayecto, la familia de uno de ellos intentará liberarlo."
2813,CINCO CERDITOS,Policial,David Suchet,Rachel Stirling,Aidan Gillen,Paul Unwin,2003,Color,DVD,"TV Film
 Una joven recurre a Poirot para que investigue la muerte de su padre ocurrida 14 años antes por el cual su madre ha sido ejucatada acusada de asesinar a su esposo."
2084,FLOR DE CACTUS,Comedia,Walter Matthau,Ingrid Bergman,Goldie Hawn,Gene Saks,1969,Color,DVD,"20-03-1970 California
 Walter Matthau, dentista de profesión y soltero empedernido quiere gastarle una broma a su novia Goldie Hawn y le dice que está casado y tiene hijos. Cuando se entera de que ella ha intentado suicidarse por ese motivo, se siente culpable y le promete que se casará con ella. Sin embargo ella no quiere destrozar un hogar, así que le pide conocer a su esposa. A Matthau no le queda mas remedio que contratar a su enfermera ,Ingrid Bergman, para que finja ser su esposa y le ayude a salir del lío en que se ha metido."
1574,ULTIMO VIAJE A LAS VEGAS,Comedia,Michael Douglas,Robert de Niro,Morgan Freeman,Jon Turteltaub,2013,Color,DVD,"Fecha de estreno en Montevideo: 19-12-2013. Movie NuevoCentro, Montevideo, Punta Carretas y Life Alfabeta"
2085,JUNTOS…PERO NO TANTO,Comedia,Michael Douglas,Diane Keaton,Sterling Jerins,Rob Reiner,2014,Color,DVD,"18-09-2014 Grupocine, Life Alfabeta, Movie Montevideo"
2087,MI NOVIA POLLY,Comedia,Ben Stiller,Jennifer Aniston,Philip Seymour Hoffman,John Hamburg,2004,Color,DVD,"30-04-2004 Movie Center, Grupo cine Ejido"
2088,LOS PEQUEÑOS FOCKERS,Comedia,Robert De Niro,Ben Stiller,Owen Wilson,Paul Weitz,2010,Color,DVD,26-12-2010 Movie Center
2089,EL PAJARO LOCO,Comedia,Timothy Omundson,Thaila Ayala,Graham Verchere,Alex Zamm,2017,Color,DVD,"8-02-2018 Grupo Cine P. Carretas, Torre Profesionales,Life P. Carretas,Movie Montevideo, Portones, NuevoCentro"
2097,VITAMINAS PARA EL AMOR (Monkey Bisiness),Comedia,Cary Grant,Ginger Rogers,Charles Coburn,Howard Hawks,1952,B&N,DVD,4-06-1953 Censa
2090,DESEOS HUMANOS,Cine Negro,Glenn Ford,Gloria Grahame,Broderick Crawford,Fritz Lang,1955,B&N,DVD,"14-01-1955 California
  Carl Buckley un obrero ferroviario, obliga a su atractiva mujer, Vicky (Gloria Grahame), a que interceda por él ante el Director para evitar perder su trabajo. A descubrir Carl (Broderick Crawford) el ""precio"" que su mujer tuvo que pagar para evitar su despido, asesina al Director durante un viaje en tren, involucrando a Vicky en el crimen. El viajero y empleado del tren, Jeff Warren (Glenn Ford), enamorado de Vicky, rehusa testificar contra ella, y entre los dos planean el asesinato de su marido."
2098,ESTADO DE SITIO,Drama,Ives Montand,Renato Salvatori,O. G. Hasse,Constantin Costa-Gravas,1972,Color,DVD,25-04-1985 Plaza
2091,GRAND HOTEL,Comedia,Greta Garbo,John Barrymore,Joan Crawford,Edmund Goulding,1932,B&N,DVD,17-05-1934 Teatro Artigas
2092,ANNA KARENINA,Drama,Greta Garbo,Fredric March,Basil Rathbone,Clarence Brown,1935,B&N,DVD,9-10-1936 Metro
2099,BUENAS COSTUMBRES (Easy Virtue),Comedia,Jessica Biel,Colin Firth,Kristin Scott Thomas,Stephan Elliott,2009,Color,DVD,"29-01-2010 Alfabeta Hoyts, Casablanca, Movie Center"
2100,"VENECIA, LA LUNA Y TU",Comedia,Alberto Sordi,Nino Manfredi,Marisa Allasio,Dino Risi,1958,Color,DVD,21-09-1959. 18 de Julio
2101,MI SUEGRA ES UNA FIERA,Comedia,Olinda Bozán,Paquito Busto,Alita Román,Luis Bayón Herrera,1939,B&N,DVD,"7-05-1942 Radio City
   Una suegra trata de hacer creer a su yerno que su esposa es en realidad su hija."
2102,VENGA A BAILAR EL ROCK,Musical,Eber Lobato,Nelida Lobato,Alberto Anchard,Carlos Stevani,1957,B&N,DVD,"6-08-1957. Coventry
  Un grupo de jóvenes organizan un festival de música."
1954,LA RAZON DE ESTAR CONTIGO,Familiar,Dennis Quaid,Josh Gad,Britt Robertson,Lasse Hallstrom,2016,Color,DVD,"Fecha de estreno en Montevideo: 26-01-2017. Ejido, P. Carretas, Movie Montevideo, Nuevo Centro, Portones"
191,EL PASAJE,Drama,Anthony Quinn,James Mason,Patricia Neal,J. Lee Thompson,1979,Color,DVD,"Un pastor vasco acepta con desagrado la misión de pasar a España, desde la Francia ocupada y a través de los Pirineos, a un famoso hombre de ciencia llamado John Bergson. El vasco ignora que acompañan al científico sus esposa y sus dos hijos. La esposa está enferma, y ni ella ni los chicos parecen hallarse en condiciones de superar con éxito la dificil prueba que va a significar su evasión.
   Les persigue un oficial de las SS cuyo sadismo y crueldad no tienen límites.
 Fecha de estreno en Montevideo: 8-11-1979 Cine Central."
2093,LOS CUATRO LOCOS,Comedia,Groucho Marx,Lilian Roth,Margaret Dumont,Victor Heerman,1930,B&N,DVD,25-06-1999. Estudio del Sodre
2094,SOPA DE GANSO,Comedia,Groucho Marx,Margaret Dumont,Louis Calhern,Leo McCarey,1933,B&N,DVD,29-02.1988 Cinemateca
1178,LA SEÑORA Y SUS MARIDOS,Comedia,Shirley MacLaine,Paul Newman,Dean Martin,J. Lee Thompson,1964,Color,DVD,
2096,TEATRO DEL CRIMEN,Musical,Ma Antonieta Pons,César del Campo,Manuel Medel,Fernando Cortés,1957,Color,DVD,"30-10-1959 Ambassador
En un teatro un demente asesino se obsesiona con la bailarina cubana figura del espectáculo (Ma Antonieta Pons). Lo siguiente es un pretexto para la inclusión de varios números musicales a cargo de estrellas famosas: Agustín Lara, Lucho Gatica, Silvia Pinal y otros"
1337,CABO DE MIEDO,Cine Negro,Gregory Peck,Robert Mitchum,Polly Bergen,J. Lee Thompson,1961,B&N,DVD,
30,LOS CAÑONES DE NAVARONE,Bélica,Gregory Peck,David Niven,Anthony Quinn,J. Lee Thompson,1961,Color,DVD,Fecha de estreno en Montevideo: 11-10-1961. Plaza
1063,LA INDIA EN LLAMAS,Aventuras,Kenneth More,Lauren Bacall,Herbert Lom,J. Lee Thompson,1959,Color,DVD,
31,THE TALL MEN (Garras de Ambición),Western,Clark Gable,Jane Russell,Robert Ryan,Raoul Walsh,1955,Color,DVD,30-10-1956 Radio City
2095,EL FANTASMA DE LA CASA ROJA,Comica,Alma Rosa Aguirre,Raúl Martínez,Antonio Espino,Miguel M. Delgado,1956,B&N,DVD,"15-10-1957 Continental
Al morir el Sr Gómez deja su fortuna a su sobrina Mercedes. En el testamento incluye a otros colaboradores.  Para tener derecho a la herencia todos deberán permanecer tres noches en la Casa Roja, donde un personaje enmascarado trata de eliminarlos para evitar que cobren la herencia."
532,LA ESCLAVA LIBRE (MI PECADO FUE NACER),Drama,Clark Gable,Yvonne DeCarlo,Sydney Poitier,Raoul Walsh,1957,Color,DVD,
2112,ATRACO PERFECTO,Cine Negro,Sterling Hayden,Coleen Gray,Marie Windsor,Stanley Kubrick,1956,B&N,DVD,"2-09-1957 Plaza con el título Casta de Malditos
Johnnny Clay (Sterling Hayden) es un exconvicto que planea un robo a un hipódromo. Previó todo menos la traición de la esposa de uno de sus cómplices.
  Película dirigida con un estilo narrativo revolucionario por Stanley Kubrick.
  Es una de las mejores películas sobre robos en la historia del cine."
2113,LOS AMANTES DE LA NOCHE,Cine Negro,Farley Granger,Cathy O´Donnell,Howard Da Silva,Nicholas Ray,1948,B&N,DVD,"2-11-1949 Trocadero con el título Sendas Torcidas
El joven Bowie acaba de escapar de prisión con otros dos reclusos. Donde se refugian vive Keechie una chica que pronto se siente atraida por Bowie. Luego de atracar un banco con sus compañeros de fuga Bowie sufre un accidente  y en el auto que abandonan la policía encuentra la pistola de Bowie. En la huida lo acompañará Keechie. En una parada del autobus donde viajan resuleven casarse. Luego alquilan una cabaña donde planifican vivir en paz. Pero el destino estaba escrito de otra forma."
2118,PRIMERA VICTORIA,Drama,John Wayne,Kirk Douglas,Patricia Neal,Otto Preminger,1965,B&N,DVD,"15-10-1966 18 de julio
Tras el ataque a Pearl Harbor se desarrollan explosivas historias.
Las mismas se entrelazan: desobediencia a las órdenes, reuniones de padres e hijos, la contraofensiva americana y enredos románticos."
2120,MI VIDA POR LA TUYA,Drama,Mecha Ortiz,Carlos Cores,Guillermo Battaglia,Roberto Gavaldón,1951,B&N,DVD,"17-04-1951 Coventry
Por una pesadilla una madre teme por la salud de su hijo."
2117,LOS DIOSES VENCIDOS,Drama,Marlon Brando,Montgomery Clift,Dean Martin,Edward Dmytryk,1958,B&N,DVD,"7-07-1958 Trocadero, Radio City
Narra la historia de combatientes de ambos lados en la segunda guerra mundial. Los norteamericanos son Montgomery Clift y Dean Martin. El alemán es interpretado por Marlon Brando como un oficial que termina por desaprobar la guerra."
2121,LA INDESEABLE,Drama,Zully Moreno,Carlos Thompson,Guillermo Battaglia,Mario Soffici,1951,B&N,DVD,"18-06-1951 Grand Palace, Victory
Una mujer casada con el hombre que la salvó de un medio hostil, se enamora de un joven médico."
2122,LA CUEVA DE ALI BABA,Comedia,Malisa Zini,Tono Andreu,Gogo Andreu,Mario Lugones,1954,B&N,DVD,"15-02-1956 Coventry
Dos amigos y una chica abren una boite."
2123,HISTORIA DE UNA CARTA,Comedia,Angel Magaña,Julia Sandoval,Tito Gomez,Julio Porter,1957,B&N,DVD,"10-12-1956 Ambassador.
En un momento de desespareción un hombre envía a su mujer una carta anuniciándole que va a suicidarse."
2110,REVOLVER A LA ORDEN (1a temp),Western,Richard Boone,Kam Tong,Hal Needham,Varios,1957,B&N,DVD,
2111,REVOLVER A LA ORDEN (2a temp),Western,Richard Boone,Kam Tong,Hal Needham,Varios,1958,B&N,DVD,
2114,HUCK FINN,Familiar,Elija Wood,Courtney Vance,Robbie Coltrane,Stephen Sommers,1993,Color,DVD,No estrenada en salas
2125,PIANTADINO,Comedia,Pepe Iglesias,Norma Gimenez,Rodolfo Onetto,Francisco Mugica,1949,B&N,DVD,"25-04-1950 Grand Palace, Victory
Un corredor de seguros tiene dificultades para colocar pólizas."
2116,CINCUENTA SOMBRAS DE GREY (Trilogía),Drama,Dakota Johnson,Jamie Dornan,Eloise Mumford,James Foley,2015,Color,DVD,"1) 12-02-2015
2) 9-02-2017
3) 8-02-2018
Grupo Cine Ejido, Movie Center, Life"
2115,TOM Y HUCK,Familiar,Jonathan Taylor Thomas,Brad Renfro,Chareles Rocket,Peter Hewwitt,1995,Color,DVD,No estrenada en salas
2133,EL ABUELO,Drama,Enrique Muiño,Mecha Ortiz,Elsa Daniel,Román Viñoly Barreto,1954,B&N,DVD,"Fecha de estreno en Montevideo.5-04-1955 Coventry
Una persona mayor regresa a su estancia para solucionar algunos viejos problemas familiares."
2134,FULMINE,Comedia,Pepe Arias,Pierina Dealessi,Julio Renato,Luis Bayón Herrera,1949,B&N,DVD,"Fecha de estreno en Montevideo: 29-09-1949. Coventry.
A una persona con fama de jettatore le cuesta conseguir empleo. La suerte cambiará cuando gane la loteria."
2135,CAMPEON A LA FUERZA,Comedia,Carlos Castro,Tono Andreu,Diana Maggi,E.Ursini/ J. Sires,1950,B&N,DVD,"Fecha de estreno en Montevideo:14-03-1950. Coventry.
Un chofer se convierte en nadador, rugbista, boxeador. Termina investigando delitos deportivos."
2073,HORIZONTES DESCONOCIDOS,Western,Charlton Heston,Fred MacMurray,Donna Reed,Rudolph Mate,1955,Color,DVD,25-06-1956 El Polvorin
2136,LAS AGUAS BAJAN TURBIAS,Drama,Hugo del Carril,Adriana Benetti,Raúl del Valle,Hugo del Carril,1952,B&N,DVD,"Fecha de estreno en Montevideo: 18-06-1953 Plaza
La situación de explotación en las plantaciones el Alto Paraná."
2137,DESPUES DEL SILENCIO,Drama,Arturo Garcia Buhr,Maria Rosa Gallo,Guillermo Battaglia,Lucas Demare,1956,B&N,DVD,"fecha de estreno en Montevideo: 24-01-1957 California
La historia de un médico perseguido en épocas del primer peronismo.
Filmaciones parciales en Plaza Independencia y Buceo."
2138,ALTO PARANA,Comedia,Ubaldo Martínez,George Hilton,Nelly Duggan,Catrano Catrani,1958,Color,DVD,"Fecha de estreno en Montevideo 26-10-1959 Trocadero
Un comisario resuelve los casos con un sistema intuitivo."
2139,DEMETRIO Y LOS GLADIADORES,Histórica,Victor Mature,Susan Hayward,Michael Rennie,Delmer Daves,1954,Color,DVD,"Fecha de estreno en Montevideo 13-12-1954
Demetrio es el esclavo griego que es condenado a ser gladiador luego de la muerte de Cristo y por que sospechan que sabe el destino del manto sagrado."
2144,EL TRIUNFADOR (El idolo de barro),Cine Negro,Kirk Douglas,Arthur Kennedy,Ruth Roman,Mark Robson,1949,B&N,DVD,"28-06-1950 Trocadero, Eliseo"
2145,DICK TRACY (Serial),Policial,Ralph Byrd,Kay Hughes,Smiley Burnette,Alan James y Ray Taylor,1937,B&N,DVD,"21-03-1938. En varias salas.
15 episodios
Doblada en español"
2147,PERSONAJES FAMOSOS,Dibujos Animados,La Pequeña Lulu,Betty Boop,El gato Felix,Varios,0,B&N,DVD,
2148,CHARLIE Y LA FABRICA DE CHOCOLATE,Comedia,Johnny Depp,Helena Bonham Carter,Christopher Lee,Tim Burton,2005,Color,DVD,"20-07-2005 Movie Center, Grupo Cine Arocena, Grupo Cine Ejido, Nuevo Cerrense."
2151,EL GRAN JACK,Western,John Wayne,Richard Boone,Patrick Wayne,George Sherman,1971,Color,DVD,"15-05-1973 Coventry
John Wayne es Kack McCandles, hombre que no ha visto a su esposa en los últimos 15 años. Regresa a su hogar cuando su nieto es secuestrado. Jack persigue a los forajidos con un guía indio, mientras la ley los quiere perseguir con autos de principios del siglo XX dado que la acción se desarrolla em 1911."
2149,PODEROSA AFRODITA,Comedia,Woody Allen,Claire Bloom,Mira Sorvino,Woody Allen,1995,Color,DVD,"30-08-1996 Cine Metro, Beta,Plaza Arocena, Punta Carretas
A pesar de su firme negativa Lenny no tiene mas remedio que adoptar un niño. Con el tiempo el bebé demuestra tener una inteligencia muy desarrollada por lo decide salir a buscar a la madre biológica de su hijo. Al fin encuentra a la dama en cuestión que es una prostituta."
2146,LOS DOS MOSQUESEROS,Dibujos Animados,Tom,Jerry,,J. Barbera y W Hanna,1952,Color,DVD,
2150,UNA PISTOLA AL AMANECER(Amanecer sangriento),Western,Robert Stack,Virginia Mayo,Ruth Roman,Jacques Tourneur,1956,Color,DVD,"19-11-1957 Eliseo
En Denver un pistolero sin escrúpulos se conveirte en dueño de un hotel en un juego de cartas.Dos mujeres se enamoran de él."
2152,EL ARBOL DE LA HORCA,Western,Gary Cooper,Maria Schell,Karl Malden,Delmer Daves,1959,Color,DVD,"17-10-1960 18 de julio
Durante la fiebre del oro a un pueblo de Montana llega un médico.
Desea ejercer su profesión y explotar una mina."
2153,FORD TI,Western,George Montgomery,Joan Vohs,Irving Bacon,William Castle,1953,Color,DVD,"24-08-1953 Grand Palace
Durante la guerra de las colonias inglesas en América del Norte contra los franco-indios, los franceses reclutan un espía. El cuñado de este al frente de un grupo de voluntarios trata de rescatar a la mujer del espía, la hermana de George Montgomery.
Una de las primera películas exhibidas en tercera dimensión."
2155,LOS FORASTEROS,Western,Randolph Scott,Donna Reed,Lee Marvin,Roy Huggins,1952,Color,DVD,"9-07-1953 Censa
Al fin de la Guerra de Secesión un grupo de soldados confederados asalta un convoy que transportaba oro. Un soldado de la unión moribundo les informa que la guerra ha finalizado.
 Las dudas de que hacer con el oro provocan tensiones en el grupo confederado mientras son perseguidos por una partida de civiles, que lo que en realidad quieren es quedarse con el oro."
2156,LA CABALGATA DE LOS MALDITOS (Furia sin freno),Western,Glenn Ford,Inger Stevens,George Hamilton,Phil Karlson,1967,Color,DVD,"20-12-1969 Plaza. Título en Uruguay ""Furia sin freno""
Cuando está por finalizar la Guerra de Secesión, un grupo de soldados confederados prisioneros logran escapar del lugar don estaban detenidos. La persecución se le encarga al Mayor Wolcott (Glenn Ford), que es renuente a aceptar la misión ya que el fin de la guerra es inminente."
2157,COLOSOS DEL MAR,Bélica,Clark Gable,Burt Lancaster,Jack Warden,Rober Wise,1958,B&N,DVD,"23-10-1958 Plaza
El comandante de un submarino está obsesionado con destruir un barco japonés, ya que ellos le han hundido el suyo. Un oficial (Lancaster) se opone a los modos autoritarios ya que teme un motín."
2158,PT 109,Bélica,Cliff Robertson,Ty Hardin,James Gregory,Leslie H Mortison,1963,Color,DVD,"19-12-1963 18 de julio. Título local: ""Lancha torpedera PT 109""
El joven John F Kennedy en la segunda guerra mundial en el frente del pacífico al mando de la lancha PT 109"
2159,FURY (Corazones de hierro),Bélica,Brad Pitt,Shia LeBeouf,Logan Lerman,David Ayer,2014,Color,DVD,"15-01-2015 Grupo Cine Ejido, Movie
Al final de la segunda geurra un tanque incursiona tras las línes enemigas en territorio alemán"
2161,JUEGO SUCIO,Comedia,Goldie Hawn,Chevy Chase,Dudley Moore,Colin Higgins,1978,Color,DVD,"17-05-1979 Metro
Goldie Hawn recoge a un hombre que se le averió el auto en la carretera y esconde un microfilm en su cartera. Se citan en un cine, el es asesinado y entonces comienza a ser acosada por quienes quieren recuperarlo. Conoce a Chevy Chase un policía que la protegerá y tratará de resolver el caso."
2171,HIGH NOON,Western,Tom Skerritt,Susana Thompson,Maria Conchita Alonso,Rod Hardy,2000,Color,DVD,No estrenada en salas en Montevideo.
2163,EL HOMBRE DE COLORADO,Western,Glenn Ford,William Holden,Ellen Drew,Henry Levin,1948,Color,DVD,"25-05-1949 Trocadero
Título en Uruguay: Sueños de odio
Un veterano de la guerra de secesión es nombrado juez pero sigue matando condenando sumariamente a varias personas."
2172,IT,Terror,Richard Thomas,Tim Reid,Annette O´Toole,Tommy Lee Wallace,1990,Color,DVD,"6-10-2017 Cine Universitario
Un pequeño pueblo esta siendo aterrorizado por una fuerza malévola que se oculta tras la máscara de un payaso."
2162,SAN QUINTIN,Policial,Pat O'Brien,Humphrey Bogart,Ann Sheridan,Lloyd Bacon,1937,B&N,DVD,"8-01-1938 Rex
Un nuevo encargado de una prisión quiere modificar la vida carcelaria tratando que sea un lugar recuperación y no solo de castigo."
2164,CHANTAJE CONTRA UNA MUJER,Cine Negro,Glenn Ford,Lee Remick,Stefanie Powers,Blake Edwards,1962,B&N,DVD,"9-08-1962 Plaza
Estrenada en Uruguay como ""El mercader del terror""
Lee Remick es atacada por un desconocido y le exige robar en el banco donde trabaja 100.000 dólares."
2165,LOS CABALLEROS LAS PREFIEREN RUBIAS,Comedia,Jane Russell,Marilyn Monroe,Charles Coburn,Howard Hawks,1953,Color,DVD,"5-11-1953 Censa
Dos cantantes viajan a Francia con un solo objetivo: casarse con un millonario."
2166,NO ME MANDEN FLORES,Comedia,Rock Hudson,Doris Day,Tony Randall,Norman Jewison,1964,Color,DVD,"18-02-1965 Censa
Rock Hudson está convencido que le queda poco tiempo de vida.
Decide acomodar sus asuntos antes del final y decide conseguirle marido a su esposa."
2167,ONCE A LA MEDIANOCHE,Comedia,Frank Sinatra,Dean Martin,Sammy Davis Jr,Lewis Milestone,1960,Color,DVD,"14-09-1961 18 de julio, Iguazú
11 veteranos de guerra planean robar simultaneamente varios casinos en Las Vegas"
634,QUE EL CIELO LA JUZGUE,Drama,Gene Tierney,Cornel Wilde,Jeanne Crain,John M. Stahl,1945,Color,DVD,
2168,LA GRAN ESTAFA(Ocean's eleven),Policial,George Clooney,Brad Pitt,Julia Roberts,Steven Soderbergh,2001,Color,DVD,"8-02-2002 Grupo Cine,Movie Center"
2169,LA NUEVA GRAN ESTAFA(Ocean's twelve),Policial,George Clooney,Brad Pitt,Julia Roberts,Jerry Wentraub,2004,Color,DVD,"25-12-2004 Movie Center, Grupo Cine Arocena"
2170,AHORA SON 13 (Ocean's thirteen),Policial,George Clooney,Brad Pitt,Al Pacino,Steven Soderberg,2007,Color,DVD,"20-07-2007 Movie Center, Casablanca"
970,DIA DE JUSTICIA,Western,Randolph Scott,John Carroll,Karen Steele,Budd Boetticher,1957,Color,DVD,17-08-1959 Central
2173,BLUE JASMINE,Drama,Alec Baldwin,Cate Blanchett,Bobby Cannavale,Woody Allen,2013,Color,DVD,"24-10-2013 Movie, Casablanca,Life, Grupocine Torre de los profesionales"
2175,EL MUNDO PERDIDO,Ciencia Ficción,Michael Rennie,Jill St John,Claude Rains,Irwin Allen,1960,Color,DVD,1-01-1961 Radio City
2174,ARGEL,Cine Negro,Charles Boyer,Hedy Lamarr,Sigrid Gurie,John Cromwell,1938,B&N,DVD,"23-10-1938 Radio City
   Charles Boyer es Pepe Le Moko, un hábil delincuente, ha establecido su base de operaciones en la Casbah, el barrio antiguo de Argel, pero un paciente policía le sigue de cerca sabe que hay dos cosas que pueden hacerle dar un paso en falso: una bella mujer o la nostalgia que siente por Paris, esos dos factores se juntarán cuando quiera abandonar a su amante por una mujer recién llegada de París, Hedy Lamarr, claro.."
1316,SU ULTIMO CARTUCHO,Western,Audie Murphy,Ivette Dugay,Beverly Tyler,Budd Boetticher,1952,Color,DVD,
646,ESTACION COMANCHE,Western,Randolph Scott,Nancy Gates,Claude Akins,Budd Boetticher,1960,Color,DVD,Fecha de estreno en Montevideo_ 15-08-1960. Ambassador
991,LATIGO,Western,James Garner,Suzanne Pleshette,Jack Elam,Burt Kennedy,1971,Color,DVD,
2176,DUELO EN DIABLO,Western,James Garner,Sidney Poitier,Bibi Andersson,Ralph Nelson,1965,Color,DVD,9-11-1967 Trocadero
2177,LA LEY DE LOS FUERTES,Western,Charlton Heston,Anne Baxter,Gilbert Roland,Rudolph Maté,1956,Color,DVD,12-08-1957 Central
2178,SEMINOLE,Western,Rock Hudson,Barbara Hale,Anthony Quinn,Budd Boetticher,1953,Color,DVD,20-04-1954 Rex
2179,BUCHANAN CABALGA DE NUEVO,Western,Randolph Scott,Craig Stevens,Jennifer Holden,Budd Boetticher,1958,Color,DVD,"13-,5.1961 Cervantes"
2187,SEMILLA DE MALDAD,Cine Negro,Glenn Ford,Anne Francis,Louis Calhern,Richard Brooks,1955,B&N,DVD,10-10-1955 Metro
2188,CARAVANAS DE VALIENTES,Western,Ben Johnson,Joanne Dru,Ward Bond,John Ford,1950,B&N,DVD,5-07-1951 Plaza
2194,ANINA,Dibujos Animados,,,,Aldredo Soderguit,2013,Color,DVD,"19-04-2013 Movie Center Montevideo y Portones, Grupocine Ejido"
2195,LA STRADA,Drama,Anthony Quinn,Giulietta Masina,Richard Basehart,Federico Fellini,1954,B&N,DVD,6-08-1956 Plaza
2180,EL AMOR MENOS PENSADO,Drama,Ricardo Darín,Mercedes Morán,Claudia Fontán,Juan Vera,2018,Color,DVD,"4-10-2018 Grupo Cine, Life, Movie"
2181,STAN & OLLIE,Drama,Steve Coogan,John C. Reilly,Nina Arianda,Jon S. Baird,2018,Color,DVD,
2182,CHRISTOPHER ROBIN,Comedia,Ewan McGregor,Hayley Atwell,Bronte Carmichael,Marc Forster,2018,Color,DVD,"2-08-2018 Grupo Cine, Movie"
2189,HOSTILES,Western,Christian Bale,Rosamund Pike,Wes Studi,Scott Cooper,2017,Color,DVD,
2183,UN TRABAJO EN ITALIA,Policial,Michael Caine,Noel Coward,Benny Hill,Peter Collinson,1969,Color,DVD,13-11-1970 18 de julio
2184,LA ISLA MISTERIOSA,Ciencia Ficción,Dwayne Johnson,Michael Caine,Josh Hutcherson,Brad Peyton,2012,Color,DVD,"17-02-2012 Movie, Grupo Cine"
2190,LOS AMORES DE CARMEN,Drama,Glenn Ford,Rita Hayworth,Victor Jory,Charles Vidor,1948,Color,DVD,"13-06-1950 Trocadero, Radio City, Eliseo"
2185,EL GABINETE DEL DR CALIGARI,Drama,Werner Krauss,Conrad Veidt,Friedrich Feher,Robert Wiene,1919,B&N,DVD,
2191,UN LADRON CON ESTILO,Comedia,Robert  Redford,Casey Affleck,Sissy Spaceck,David Lowery,2018,Color,DVD,"11-04-2019 Life, Movie"
2192,EL GATOPARDO,Drama,Burt Lancaster,Alain Delon,Claudia Cardinale,Luchino Visconti,1963,Color,DVD,"1-1-1964 Censa
  En la época de la unificación italiana Don Fabrizio, Príincipa de Salina y su familia deciden trasladarse a la casa de campo que tienen Dannafugata para alejarse de los disturbios en compañía de Tancredi, el sobrino predilecto del Príncipe y simpatizante del movimiento de unificación."
2193,JANE EYRE,Drama,Orson Welles,Joan Fontaine,Margaret O'Brien,Robert Stevenson,1944,B&N,DVD,25-05-1944 Ambassador
2196,REBELDE SIN CAUSA,Drama,James Dean,Natalie Wood,Sal Mineo,Nicholas Ray,1955,Color,DVD,"13-05-1957 Plaza, Iguazú"
2197,A NIGHT IN OLD MEXICO,Aventuras,Robert Duvall,Jeremy Irvini,Angie Cepeda,Emilio Aragón,2013,Color,DVD,
2198,ENEMIGOS PUBLICOS,Policial,Johnny Depp,Christian Bale,Marion Cotillard,Michael Mann,2009,Color,DVD,"21-08-2009 Movie Center, Grupocine, Alfa"
2199,EL PRINCIPE Y LA CORISTA,Comedia,Marilyn Monroe,Laurence Olivier,Jeremy Spenser,Laurence Olivier,1957,Color,DVD,18-06-1959 18 de julio
2200,CRIMENES Y PECADOS,Comedia,Woody Allen,Martin Landau,Mia Farrow,Woody Allen,1989,Color,DVD,"8-03-1990 Central, Casablanca"
348,LUCES DE LA CIUDAD,Drama,Charles Chaplin,Virginia Cherrill,Harry Myers,Charles Chaplin,1931,ByN,DVD,11-06-1931 Rex
1190,YO QUIERO A LUCY,Comica,Lucille Ball,Desi Arnaz,Vivian Vance,William Asher,1951,B&N,DVD,
2201,G MEN (Contra el imperio del crimen),Policial,James Cagney,Margaret Lindsay,Ann Dvorak,William Keighley,1935,B&N,DVD,23-07-1935 Ariel
2202,LOS HERMANOS RICO,Cine Negro,Richard Conte,Dianne Foster,Kathryn Grant,Phil Karlson,1957,B&N,DVD,"2-03-1959 Central
Mientras sus hermanos siguen vinculados a organizaciones mafiosas, Eddie Rico ha dejado atrás los negocios sucios y vive honestamente en Florida. Tras descubrir que estos van a ser asesinados, Eddie se verá obligado a tratar nuevamente con una parte de su pasado que creía olvidada para siempre."
2203,EL HALCON DEL MAR,Aventuras,Errol Flynn,Branda Marshall,Claude Rains,Michael Curtiz,1940,B&N,DVD,12-03-1941 Trocadero
2204,LAS MINAS DEL REY SALOMON,Aventuras,Richard Chamberlain,Sharon Stone,Herbert Lom,J. Lee Thompson,1985,Color,DVD,4-07-1986 Plaza
2205,LOS TRES MOSQUETEROS,Aventuras,Logan Lerman,Orlando Bloom,Milla Jovovich,Paul W Anderson,2011,Color,DVD,"28-10-2011 Movie Center Mdeo y Portones, Hoyts P Carretas"
2206,INTO THE WEST,Western,Joseph Marshall,Irene Bedard,Gil Birmingham,Robert Dornhelm y otr,2005,Color,DVD,Serie TV. No estrenada en salas
2207,LA BALADA DE LEFTY BROWN,Western,Bill Pulman,Kathy Baker,Jim Caviezel,Jared Moshe,2017,Color,DVD,No estrenada en salas
2208,NOCHE SALVAJE (Infierno en el desierto),Western,Dale Robertson,Virginia Mayo,Stephen Mcnally,Alfred Werker,1953,Color,DVD,21-12-1954 Trocadero
2209,THE HOMESMAN,Western,Tommy Lee Jones,Hilary Swank,Meryl Streep,Tommy Lee Jones,2014,Color,DVD,No estrenada en salas en Montevideo
2210,QUE PASO CON BABY JANE?,Suspenso,Bette Davis,Joan Carwford,Victor Buoni,Robert Aldrich,1962,B&N,DVD,24-04-1964 18 de julio
2211,L. A. CONFIDENTIAL (Los Angeles al desnudo),Policial,Kevin Spacey,Russell Crowe,Guy Pearce,Curtis Hanson,1997,Color,DVD,"21-11-1997 Nuevo 18, P Carretas, Plaza Arocena"
2216,NACE UNA CANCION,Musical,Danny Kaye,Virginia Mayo,Steve Cochran,Howard Hawks,1947,Color,DVD,8-03-1950 California
2212,PROBLEMAS DE ALCOBA,Comedia,Rock Hudson,Doris Day,Tony Randall,Michael Gordon,1959,Color,DVD,21-07-1960 Censa
2213,MUSICA Y LAGRIMAS (The Glenn Miller Story),Drama,James Stewart,June Allyson,Harry Morgan,Anthony Mann,1954,Color,DVD,12-07-1954 Censa
2217,NOSFERATU,Terror,Max Schreck,Gustav Von Wangenheim,Greta Schroeder,F.W. Murnau,1922,B&N,DVD,
2214,EL AVENTURERO DE HONG KONG,Aventuras,Clark Gable,Susan Hayward,Gene Barry,Edward Dmytryk,1955,Color,DVD,22-09-1955 Censa
2215,FLAWLESS (Nadie es Perfecto),Drama,Robert De Niro,Philip Seymour Hoffman,Barry Miller,Joel Schumacher,1999,Color,DVD,"1-09-2000 Ejido, Moviecenter Montevideo, Portones"
285,EL HOMBRE QUE MATO A LIBERTY BALANCE,Western,John Wayne,James Stewart,Vera Miles,John Ford,1962,ByN,DVD,
2219,THE JACK BULL,Western,John Cusack,John Goodman,L.Q. Jones,John Badham,1999,Color,DVD,
2218,ACOSADOS (Violencia),Cine Negro,Robert Cummings,Michele Morgan,Steve Cochran,Arthur Ripley,1946,B&N,DVD,18-02-1948 Trocadero
2220,FALSO CULPABLE (El hombre equivocado),Suspenso,Henry Fonda,Vera Miles,Anthony Quayle,Alfred Hitchcock,1956,B&N,DVD,"19-05-1958 Iguazú, El Polvorín"
2222,RUMBO A JAVA,Aventuras,Fred MacMurray,Vera Ralston,Robert Douglas,Joseph Kane,1953,Color,DVD,"3-09-1956 Iguazu
Es a bordo de su velero que el Cap Boll (Fred MacMurray) se acerca a las costas de la Isla de Java en busca de un tesoro, pero no es el único, un pirata que se hace llamar Saint Ebenezer (Robert Douglas) surca también la región detrás de las piedras preciosas. El enfrentamiento parece inevitable. Y para completar, la exploración se verá comprometida por rl volcán Krakatoa qu está a punto de estallar."
2223,OZ EL PODEROSO,Ciencia Ficción,James Franco,Mila Kumis,Rachel Weisz,Sam Raimi,2013,Color,DVD,"8-03-2013 Moie Center, Grupo Cine"
2224,DISTINTO AMANECER,Drama,Andrea Palma,Pedro Armendáriz,Alberto Galán,Julio Bracho,1943,B&N,DVD,21-01-1948 Continental
2225,CALLE RIVER 99 (Asesinato en el muelle),Cine Negro,John Payne,Evelyn Keyes,Brad Dexter,Phil Karlson,1953,B&N,DVD,27-09-1954 Trocadero
2227,LA SOMBRA DE UNA DUDA,Suspenso,Joseph Cotten,Teresa Wright,Macdonald Carey,Alfred Hitchcock,1942,B&N,DVD,22-09-1943 Trocadero
2226,CHEYENNE  (1era Temporada),Western,Clint Walker,James Garner,L Q Jones,Varios,1955,B&N,DVD,
2228,AGENTE SECRETO,Suspenso,John Gielgud,Peter Lorre,Madeleine Carroll,Alfred Hitchcock,1936,B&N,DVD,23-01-1937 Rex
2229,TOPAZ,Suspenso,John Forsythe,Frederick Stafford,Philippe Noiret,Alfred Hitchcock,1969,Color,DVD,14-05.1970 Censa
2230,COMO EN LOS VIEJOS TIEMPOS,Comedia,Goldie Hawn,Chevy Chase,Charles Grodin,Jay Sandrich,1980,Color,DVD,"30-04-1981. Central
Titulo local ""Parece que fue ayer""
 Nick Gardenia (Chevy Chase) es un escritor que es secuestrado por por dos ladrones de poca monta que lo obligan a participar en un atraco a un banco. No tiene otro remedio que recurrir a su ex esposa (Goldie Hawn)para refugiarse en su casa. El problema es ocultarle a su actual esposo (Charles Grodin) la situación.
 Película que cuenta con actores geniales, un argumento disparatado y situaciones increiblemente divertidas."
2231,EL TRAMPOSO (Boots Malone),Drama,William Holden,Johnny Stewart,Stanley Clements,William Dieterle,1952,B&N,DVD,"20-01-1953 Eliseo
 Un representante de jinetes de carreras, ve la oportundad de hacer un gran negocio gracias a un chico que es un prometedor jockey. Tras ganarse su confianza, el manager utiliza al joven para tratar de lograr sus fines."
2232,LOS PUENTES DE TOKO RI,Drama,William Holden,Grace Kelly,Fredric March,Mark Robson,1954,Color,DVD,"8-08-1955 Iguazú, El Polvorin
 Un veterano de la segunda guerra mundial es movilizado nuevamente para combatir en Corea.
 Grace Kelly interpreta a la esposa de William Holden.
 Buen trabajo de Mickey Rooney."
2233,ESPIA POR MANDATO,Suspenso,William Holden,Lili Palmer,Hugh Griffith,George Seaton,1962,Color,DVD,"16-05-1963 18 de Julio, Censa
 Un empresario del petróleo es reclutado por los aliados para espiar a los alemanes. Por su imagen de colaborador de los nazis va perdiendo a sus amigos y obteniendo información de la producción alemana. Por esa razón tiene que huir antes de ser descubierto."
2221,EL AGUILA Y EL HALCON (Cerco de fuego),Western,John Payne,Rhonda Fleming,Dennis O'Keefe,Lewis Foster,1950,Color,DVD,"1-04-1952 Eliseo
En 1863, un Texas ranger va a México con un espía del ejército de la Unión, para investigar que planean un jefe mexicano vinculado a Juárez y un norteamericano que está reuniendo  hombres de la peor calaña y comprando gran cantidad de armas."
2234,HATARI,Aventuras,John Wayne,Elsa Martinelli,Hardy Kruger,Howard Hawks,1961,Color,DVD,"4-04-1963 Censa, 18 de Julio
 John Wayne encabeza un grupo de extraordinarios cazadores profesionales en Africa capturando animales para zoológicos y atracciones circenses."
2235,McLINTOCK !,Western,John Wayne,Maureen O'Hara,Stefanie Powers,Andrew V. McLaglen,1963,Color,DVD,"6-06-1964 Plaza
 La esposa de McLintock regresa al rancho después de un tiempo alejada de él con el fin de estar con su hija que también regresa al hogar paterno. Correcta comedia muy grata de ver con admirables interpretaciones de la pareja protagonista."
2236,LOS 3 SARGENTOS,Western,Frank Sinatra,Dean Martin,Sammy Davis,John Sturges,1962,Color,DVD,"20-09-1962 Trocadero
  Tres sargentos de la caballería participan en el asentamiento de un fuerte y harán frente al ataque de los indios.
  Adaptación de la aventura colonialista Gunga Din (1939) al lejano oeste."
2237,LA CALLE SIN LEY,Western,Randolph Scott,Angela Lansbury,Warner Anderson,Joseph H. Lewis,1955,Color,DVD,"27-11-1956 Ambassador
  Scott es un abogado que va de cudad en ciudad acabando con los criminales. Su esposa, Lansbury, resuelve abandonarlo hasta que no se aleje definitivamente de las armas. Pero el está decidido  a una íltima tarea."
1142,COLT 45,Western,Randolph Scott,Ruth Roman,Lloyd Bridges,Edwin L. Marin,1950,Color,DVD,"5-02-1953 Plaza
   Un representante de las armas Colt está exhibiendo su muestrario a un sheriff cuando un detenido se fuga llavándose dos revolveres. El vendedor irá tras el forajido para recuperar las armas y demostrar su inocencia."
260,"SMITH, EL SILENCIOSO",Western,Alan Ladd,Brenda Marshal,Robert Preston,Leslie Fenton,1948,Color,DVD,
1115,LA ISLA MISTERIOSA,Aventuras,Michael Craig,Joan Greenwood,Michael Callan,Cy Endfield,1961,Color,DVD,25-12-1961 Central
2241,EL HOMBRE DE RIO MALO,Western,Lee Van Cleef,James Mason,Gina Lollobrigida,Eugenio Martin,1971,Color,DVD,"23-08-1973 Nuevo Liberty
Una banda de forajidos juega a dos bandas ofreciendo sus servicios tanto a los revolucionarios mejicanos como a los mandos gubernamentales. Todo va bien hasta que King tropieza con la guapa Alicia, una aventurera de profesión y, además, coleccionista de maridos."
2242,LOS BUCANEROS,Aventuras,Yul Brynner,Charles Boyer,Charlton Heston,Anthony Quinn,1958,Color,DVD,"26-03-1960 Trocadero, Ariel
En 1812 Estados Unidos y Gran Bretaña están en guerra y luchan por el control de Nueva Orleans. El bucanero Laffitte tiene controlada una pequeña isla y duda a que bando apoyar."
2243,DESCALZOS EN EL PARQUE,Comedia,Robert Redford,Jane Fonda,Charles Boyer,Gene Saks,1967,Color,DVD,"4-05-1968 18 de Julio
Neil Simon adptó su propia obra de teatro.
Un joven y conservador abogado se ha casado con Jane Fonda que se dedica a pasar la vida lo mejor posible.
  Cuando termina la luna de miel pasan a vivir en un quinto piso sin ascensor y la armonía del matrimonio comienza a resentirse. La felicidad se convierte en un gracioso drama, mientras el vecino del apartamento de arriba flirtea con la madre de uno de ellos.
  A medida que transcurre el film nadie duda que existirá un final feliz .
  Un clásico."
2244,SUEÑOS DE LIBERTAD,Drama,Tim Robbins,Morgan Freeman,Bob Gunton,Frank Darabont,1994,Color,DVD,"11-08-1995 Cinemetro, Opera
Un inocente es condenado a cadena perpetua por un crimen que no cometió.Se plantea un plan de fuga.
""Nos absorbe y transporta fuera de la conciencia de que estamos viendo una película, al verla nuevamente, llegué a admirarla incluso mas que la primera vez""  Roger Ebert, Chicago Sun-times"
2245,CANCION DEL SUR,Familiar,Lucile Watson,Ruth Warrick,Hattie McDaniel,Harve Foster,1946,Color,DVD,"6-07-1948 Coventry
Personajes reales combinados con animación en esta historia que se desarrolla en el viejo Sur antes de la guerra civil."
2246,LA LEGION DEL DESIERTO,Aventuras,Alan Ladd,Arlene Dahl,Richard Conte,Joseph Pevney,1953,Color,DVD,"7-06-1954 El Polvorín, Iguazú
Un legionario sobrevive a un ataque sorpresa, luego de deambular por el desierto se despierta en una paradisíaca ciudad gobernada por una bella princesa. Cuando regresa a su cuartel ninguno de sus superiores da crédito a sus palabras"
2253,LOS ASESINOS (The killers),Cine Negro,Burt Lancaster,Ava Gardner,Edmond O'Brian,Robert Siodmak,1946,B&N,DVD,"5-02-1947 Trocadero
La película narra la historia de El Sueco (Burt Lancaster),un boxeador retirado debido a una lesión en su mano derecha y a quien el destino, en forma de una bella mujer Kitty (Ava Gardner) le conduce a la carcel por tres años, después a la participación en un atraco y, por último a la traición y la muerte."
811,EL TESORO DE MATECUMBE,Familiar,Peter Ustinov,Robert Foxworth,Joan Hackett,Vincent McEveety,1976,Color,DVD,10-10-1979 Iguazú
2247,EL PERRO HUMANO(The Shaggy Dog),Comedia,Fred MacMurray,Jean Hagen,Tommy Kirk,Charles Barton,1959,Color,DVD,17-05-1962 Ariel
2248,SPACE JAM,Ciencia Ficción,Michael Jordan,Wayne Knight,Bugs Bunny,Joe Pytka,1996,Color,DVD,"3-01-1997 Plaza,Alfa Beta, Carrasco, P. Carretas"
2249,ESCANDALO EN BOHEMIA,Policial,Matt Frewer,Kenneth Walsh,Liliana Komorowska,Rodney Gibbons,2001,Color,DVD,"TV Movie
El rey de Bohemia, que está prometido con una princesa escandinava, está siendo chantajeado por la famosa estrella de ópera Irene Adler. La soprano tiene una fotografía de ambos en posición comprometedora.
  Watson cree que un caso de chantaje sexual  no está a la altura del talento del detective mas famoso del mundo, pero Holmes opina de otro modo."
2255,EL AUDAZ (The Hustler),Cine Negro,Paul Newman,Jackie Gleason,GeorgeScott,Robert Rossen,1961,B&N,DVD,17-05-1962 Censa
2250,HABIA UNA VEZ EN HOLLYWOOD,Drama,Leonardo DiCaprio,Brad Pitt,Margot Robbie,Quentin Tarantino,2019,Color,DVD,"15-08-2019 Grupo Cine, Movie Center"
2251,GUASON,Drama,Joaquin Phoenix,Robert de Niro,Zazie Beetz,Todd Phillips,2019,Color,DVD,"3-10-2019 Grupo Cine, Movie Center"
2252,MUJERCITAS,Drama,Wynona Ryder,Gabriel Byrne,Susan Sarandon,Gillian Armstrong,1994,Color,DVD,"26-05-1995 Mdeo Shopping, Carrasco"
2256,ENTRE NAVAJAS Y SECRETOS (Knives out),Suspenso,Michael Craig,Chris Evans,Ana de Armas,Rian Johnson,2019,Color,DVD,
2254,TARZAN Y EL VALLE DE ORO,Aventuras,Mike Henry,David Opatoshu,Nancy Kovack,Robert Day,1966,Color,DVD,"No estrenada en salas.
Tarzan es llamado a Méjico donde tiene que combatir a un inescrupuloso y falso arqueologo que en realidad busca encontrar el oro de una tribu perdida."
2259,CHEYENNE SOCIAL CLUB,Western,James Stewart,Henry Fonda,Shirley Jones,Gene Kelly,1970,Color,DVD,"198-06-1972 California
 Una persona madura recibe como herencia elCheyenne Social Club. Cuando llega allí, comprueba que es un burdel."
2258,LOS MALVADOS DE FIRECREECK,Western,James Stewart,Henry Fonda,Inger Stevens,Vincent McEveety,1967,Color,DVD,"2-02-1969 18 de Julio
 Una banda de pistoleros llega a Firecreeck, el sheriff les hará frente."
2263,MARLEY Y YO,Comedia,Owen Wilson,Jennifer Aniston,Kathleen Turner,David Frankel,2008,Color,DVD,"30-01-2009 Movie Center, Grupo Cine"
2264,CUANDO ELLAS QUIEREN (Book Club),Comedia,Diane Keaton,Jane Fonda,Candice Bergen,Bill Holderman,2018,Color,DVD,"14-06-2018 Grupo Cine, Movie Center"
2262,CITA CON LA MUERTE,Policial,Peter Ustinov,Lauren Bacall,Piper Laurie,Michael Winner,1988,Color,DVD,18-05-1989 Nuevo 18
2265,THE BAND WAGON,Musical,Fred Astaire,Cyd Charisse,Oscar Levant,Vincente Minelli,1953,Color,DVD,11-05-1954 Metro
2266,THEY RODE WEST (Pluma Blanca),Western,Robert Francis,Donna Reed,Phil Carey,Phil Karlson,1954,Color,DVD,"10-01-1956 Victory
  Cuando una epidemia de malaria golpea a un campamento de indios de la tribu Kiowa, Allen Seward, un joven doctor del ejército, acude para intentar ayudarlos. El comandante del fuerte se enfrenta con Seward, ya que no está de acuerdo con la actitud del médico."
352,LOS INCONQUISTABLES,Western,Gary Cooper,Paulette Goddard,Boris Karloff,Cecil B. De Mile,1946,Color,DVD,1-12-1948 Grand Palace
2260,"MALEFICA , DUEÑA DEL MAL",Ciencia Ficción,Angelina Jolie,Elle Fanning,Harris Dickinson,Joachim Running,2019,Color,DVD,17-10-2019
2261,TOY STORY 4,Dibujos Animados,Tom Hanks,Tim Allem,Annie Patts,Josh Cooley,2019,Color,DVD,"20-06-2019 Grupo Cine, Moviecenter
323.334 espectadores. Es la película más taquillera en toda la historia en Uruguay-"
2273,BRAM STOCKER´S DRACULA,Terror,Gary Oldman,Winona Ryder,Anthony Hopkins,Francias Ford Coppola,1992,Color,DVD,"25-12-1992 Trocadero, Beta"
2267,MUJERCITAS,Drama,Katharine Hepburn,Joan Bennet,Paul Lukas,George Cukor,1933,B&N,DVD,"23-06-1934 Rex
""La versión definitiva. Dulce, divertida, con el mejor elenco.""
Tom Milne, Time Out Filme Guide
Existen tres versiones más de 1949, 1994 y 2019."
2278,NAVIDADES TRAGICAS,Suspenso,David Suchet,Philip Jackson,Vernon Dobtchoff,Edward Bonnett,1994,Color,DVD,Serie TV
2279,ASESINATO EN LA CALLE HICKORY,Suspenso,David Suchet,Philip Jackson,Pauline Moran,Andrew Grieve,1995,Color,DVD,Serie TV
2275,RAWHIDE (Temporada 1),Western,Clint Eastwood,Eric Fleming,Paul Brinegar,Varios,1959,B&N,DVD,
2280,ASESINATO EN EL CAMPO DE GOLF,Suspenso,David Suchet,Hugh Fraser,Diane Fletcher,Andrew Grieve,1996,Color,DVD,Serie TV
2281,EL TESTIGO MUDO,Suspenso,David Suchet,Hugh Fraser,Ann Morrish,Edward Bennett,1996,Color,DVD,Serie TV
2268,EL GRAN PECADOR,Drama,Gregory Peck,Ava Gardner,Melvyn Douglas,Robert Siodmak,1949,B&N,DVD,"8-06-1950 Metro
Un escritor acaba transformándose en un jugador empedernido.Se debatirá entre las buenas intenciones de una mujery su pasión por el juego."
2269,LA NOCHE DE LA IGUANA,Drama,Richard Burton,Ava Gardner,Deborah Kerr,John Huston,1964,B&N,DVD,"3-09-1964 Metro, 18 de Julio, Ambassador
   En una ciudad costera de Méjico un pastor lucha por rehacer su vida. Tres mujeres pueden ayudar a salvarlo o destruirlo.
  Un reparto sobresaliente encabezado por Richard Burton,Ava Gardner y Déborah Kerr."
2271,CAUTIVOS DEL MAL,Drama,Kirk Douglas,Lana Turner,Dick Powell,Vincente Minnelli,1952,B&N,DVD,"30-07-1953 Metro
Un tiránico y manipulador productor de cine (Douglas) que ha caido en desgracia, pide ayuda a un director (Sullivan), a una actriz (Turner) y un guionista (Powell), a los que ayudó a triunfar, pero los tres tienen varias razones para detestarlo.Los tres le reprocharán su falta de escrúpulos para alcanzar el éxito sin reparar en las personas a las que traicionaba y engañaba."
2272,JUEGO MORTAL (SLEUTH),Suspenso,Laurence Olivier,Michael Caine,Alec Cawthorne,Joseph L Mankiewicz,1972,Color,DVD,"27-09-1973 Ariel
Andrew Wyke (Olivier) es un famoso escritor de novelas de misterio con pasión por los juegos y las adivinanzas. MiloTindle (Caine) es un presumido propietario de una cadena de salones de belleza.
  Una tarde Andrew invita a Milo a tomar unos cócteles en su masión. Al principio Milo disfruta  con su visita hasta que Andrew admite estar al corriente de que su esposa Marguerite y Milo son amantes. Para sorpresa de este, Andrew no parace estar muy enojado y le propone una solución de la que ambos pueden beneficiarse.
   Lo que parecía ser un amigable encuentro entre caballeros se convierte en un juego de persuasión e intriga.
   Obtuvo cuatro nominaciones al Oscar, Mejor Actor (ambos actores nominados), Mejor Director y Mejor Banda Sonora"
2270,MAGNIFICA OBSESION (Sublime Obsesion),Drama,Jane Wyman,Rock Hudson,Agnes Moorehead,Douglas Sirk,1954,Color,DVD,"11-04-1955 Trocadero, Eliseo"
2274,CALABROMAS,Comica,Juan Carlos Calabró,Patricia Dal,Ileana Calabro,Carlos Colasurto,0,Color,DVD,
2276,GUNSMOKE (la ley del revolver) T 1,Western,James Arness,Milburno Stone,Amanda Blake,Varios,1955,B&N,DVD,
2277,LA ODISEA DE LOS GILES,Comedia,Ricardo Darín,Luis Brandoni,Chino Darin,Sebastian Boresztein,2019,Color,DVD,"22-08-2019. Grupo cine, Life, Movie Center"
2283,MUERTE EN LA NUBES,Suspenso,David Suchet,Philip Jackson,Sarah Woodward,Stephen Whittaker,1992,Color,DVD,Serie TV
2282,EL MISTERIO DE LA GUIA DE FERROCARRILES,Suspenso,David Suchet,Hugh Fraser,Philip Jackson,Andrew Grieve,1992,Color,DVD,Serie TV
2284,LA MUERTE VISITA AL DENTISTA,Suspenso,David Suchet,Philip Jackson,Joanna Phillips,Ross Devenish,1992,Color,DVD,Serie TV
2285,4:50 FROM PADDINGTON,Suspenso,Joan Hickson,Juliette Mole,David Beames,Martin Fryend,1987,Color,DVD,
2287,A POCKETFFUL OF RYE,Suspenso,Joan Hickson,Timothy West,Fabia Drake,Guy Slater,1985,Color,DVD,
2288,THE MURDER AT THE VICARAGE,Suspenso,Joan Hickson,Paul Eddington,Cheryll Campbell,Julian Amyes,1986,Color,DVD,
2289,NEMESIS,Suspenso,Joan Hickson,Peter Tilbury,rank Gatlife,David Tucker,1987,Color,DVD,
2290,THE MOVING FINGER,Suspenso,Joan Hickson,Michael Culver,Elizabeth Camsell,Roy Boulting,1985,Color,DVD,
2291,THEY DO IT WITH MIRRORS,Suspenso,Joan Hickson,Jean Simmons,Joss Acland,Norman Stone,1991,Color,DVD,
2286,THE MIRROD CRACK'D FROM SIDE TO SIDE,Suspenso,Joan Hickson,Claire Bloom,Barry Newman,Norman Stone,1992,Color,DVD,
1050,EL FUGITIVO (SERIE TV),Drama,David Jansen,Barry Morre,Bil Raisch,varios,1963,B&N,DVD,"El Dr Richard Kimble es acusado, juzgado, encarcelado y sentenciado a muerte por el asesinato de su esposa. En el momento del traslado para ser ejecutado, el tren que lo transporta sufre un descarrilamiento y Kimble puede huir de la custodia policial. Se convierte en el fugitivo más buscado del país y desde ese momento dedica todos sus esfuerzos en encontrar al que el considera el verdadero culpable, un hombre manco con el que tuvo un enfrentamiento en el lugar que su esposa fue asesinada.
David Janssen….Dr Richard Kimble
Barry Morre…….Teniente Gerald
Bill Raisch………..Fed Johnson (el manco)"
1089,EL FINAL DE UN CANALLA(El día de los tramposos),Western,Kirk Douglas,Henry Fonda,Burgess Meredith,Joseph L Mankiewicz,1970,Color,DVD,"17-06-1971 18 de julio
Título alternativo: El día de los tramposos
Título original:There was a crooked man"
1735,EL COFRE DE LA MUERTE (Piratas del Caribe),Aventuras,Johnny Depp,Orlando Bloom,Keira Knighytley,Gore Verbonski,2006,Color,DVD,"7-07-2006 Movie Center, Grupocine, Alfabeta Hoyts"
2293,DR JEKYLL AND MR HYDE,Drama,Spencer Tracy,Ingrid Bergman,Lana Turner,Victor Fleming,1941,B&N,DVD,3-04-1942 Metro
2292,DR JEKYLL AND MR HYDE,Drama,Fredric March,Miriam Hopkins,Rose Hobart,Robert Mamoulian,1932,B&N,DVD,7-10-1932 Ariel
2294,EL CANARIO AMARILLO,Cine Negro,Anna Neagle,Richard Greene,Albert Lieven,Herbert Wilcox,1943,B&N,DVD,"30-11-1944 Radio City
Sally Matland (Anna Neagle) es una aristócrata inglesa amiga de los nazis.
El gobierno británico quiere reclutarla, ella viaja a Canadá donde funciona una red de espías pro nazis. Un oficial inglés (Richard Greene) se enamorará de ella."
1780,LA CARAVANA DE AUDACES (Camino de Santa Fe),Western,Errol Flynn,Olivia de Havilland,Ronald Reagan,Michael Curtiz,1940,B&N,DVD,Fecha de estreno en Montevideo:9-07-1941 Trocadero
2296,GIVE ME A SAILOR,Comedia,Bob Hope,Martha Raye,Betty Grable,Elliot Nugat,1938,B&N,DVD,"Curiosidad: pese a ser una película con Bob Hope acompañado por dos actrices de cierto renombre en su momento, no fue estrenada en Uruguay."
721,DUELO EN EL BARRO,Western,Don Murray,Richard Egan,Lee Remick,Richard Fleischer,1959,Color,DVD,3-09-1959
2297,LOUISIANA PURCHASE,Comedia,Bob Hope,Vera Zorina,Victor Moore,Irving Cummins,1941,B&N,DVD,17-09-1942 Ambassador
2298,NEVER SAY DIE (Nunca digas muerte),Comedia,Bob Hope,Martha Raye,Andy Devine,Elliot Nugent,1939,B&N,DVD,No estrenada en Uruguay
720,TOM DE LOS MARES DE LA CHINA(Serial),Aventuras,Harry Lauter,Aline Towne,Lyle Talbot,Franklin Adreon,1954,ByN,DVD,"Las provincias del interior de China que están bajo la protección de las Naciones Unidas se rebelan contra su gobernador. Bumatra es un territorio que está fuera del Protectorado de la UN y sus costas son usadas para contrabandear armas, municiones y explosivos. 
  En este enrarecido clima entra a batallar Tom Rogers, un joven marino que ve morir al mejor de sus amigos a manos de criminales saboteadores."
2299,MI RUBIA FAVORITA,Comedia,Bob Hope,Madeleine Carroll,Gale Sondegaard,Sidney Lanfield,1942,B&N,DVD,30-07-1942 Ambassador
2300,STAR SPANGLED RHYTHM,Comedia,Bob Hope,Bing Crosby,Fred MacMurray,George Marshall,1942,B&N,DVD,11-08-1943 Trocadero
2301,JUEGO DE GEMELAS,Comedia,Lindsay Lohan,Dennis Quaid,Natasha Richardson,Nancy Meyers,1998,Color,DVD,"26-03-1999 Ejido, P Carretas, Movie Portones
   Hallie Parker es una niña de California y Annie James es otra bella niña de Londres. Ambas son gemelas idénticas (interpretadas las dos por Lohan) y no saben la existencia de la otra. Un día se conocen casualmente en un campamento de verano y sus sueños pasan por un ingenioso plan para lograr que sus padres se reconcilien y puedan tener la familia que siempre soñaron."
2302,VENENO IMPLACABLE,Drama,James Cagney,Raymond Massey,Phyllis Thaxter,Gordon Douglas,1951,B&N,DVD,"3-10-1955 El Polvorín, Iguazú
  Lew Marsh lo tiene todo para triunfar en el mundo del periodismo: talento para escribir, trabajo en un prestigioso peródico y una chica enamorada de él.
   Todo lo pierde por su adición al alcohol. Luego de un accidente decide recuperarse, cuando sale se encuentra solo, sin amigos, sin trabajo pero conocerá a Charles, otro ex-alcoholico con el que pasa a convivir.
   Tras varios años sin problemas con el alcohol recupera su trabajo y puede ayudar a otros enfermos.
   Nominada al Oscar a mejor actor secundario (Gig Young)"
2186,EL RUISEÑOR DEL EMPERADOR,Dibujos Animados,Helena Patockova,JaromirSobotoa,Jana Kuhna,Jiri Trnka,1948,Color,DVD,3-06-1958 Estudio Auditorio
2573,INFIERNO EN LA BAHIA DE SAN FRANCISCO,Cine Negro,Alan Ladd,EdwardRobinson,Joanne Dru,Frank Tuttle,1955,Color,DVD,"5-09-1957 Censa. Título local:Engendrdel mal
  Cuando el policía Steve Collins es acusado de un asesinato que no cometió  es condenado a cinco años de prisión. Al quedar en libertad se lanza a la captura del responsable del complot que lo envió a la carcel."
2303,EL VUELO DEL FENIX,Aventuras,James Stewart,Richard Attenborough,Hardy Kruger,Robert Aldrich,1965,Color,DVD,"3-11-1966 Censa
Cuando un avión debe aterrizar de urgencia en el Sahara, la única esperanza para la tripulación es tratar de reconstruir el avión antes que todos mueran de insolación o de hambre."
2304,GRANDES HORIZONTES,Western,Alan Ladd,Virginia Mayo,Edmond O´Brien,Gordon Douglas,1957,Color,DVD,"18-05-1959 Iguazú
Tras la guerra civil, Chad Morgan (Alan Ladd) es uno de los muchos ex confederados que conduce ganado desde Texas a Missouri"
2305,LA VUELTA AL MUNDO EN 80 DIAS,Comedia,Pierce Brossnan,Eric Iddle,Peter Ustinov,Buzz Kulik,1989,Color,DVD,"Mini serie TV
Un ladrón ha robado 55000 libras del Banco de Inglaterra. Por su vestimenta todos creen que era un caballero. Algunos sospechan de Phileas Fogg, un auténtico caballero inglés que ha hecho una puesta con sus pares del Reform Club de que es posible dar la vuelta al mundo en 80 días."
2310,LA MANO EN LA SOMBRA,Cine Negro,Elliot Reid,Carla Balenda,Raymond Burr,William Cameron Menzies,1951,B&N,DVD,"11-08-1953 Rex
   Matt Corbin (Elliot Reid) se encuentra en una localidad pesquera dispuesto a escribir un artículo para una revista cuando descubre cosas extrañas: los peces aparecen muertos y nadie quiere hablar sobre el tema. Corbin decide investigar por su cuenta y descubre la existencia de un laboratorio donde se realizan experimentos bacteriológicos y no tardará de darse cuenta de que la Unión Soviética está detrás de ese plan."
2311,GUARDAESPALDAS,Cine Negro,Lawrence Tierney,Priscilla Lane,Philip Reed,Richard Fleischer,1948,B&N,DVD,19-01-1950 Rex
2312,VEN DETRÁS DE MI,Cine Negro,William Lundigan,Dorothy Patrick,Jeff Corey,Richard Fleischer,1949,B&N,DVD,9-08-1950 Radio City
2313,ACUSADO DE TRAICION,Cine Negro,Bill Williams,Barbara Hale,Richard Quine,Richard Fleischer,1949,B&N,DVD,10-04-1950 Radio City
2314,ATRACO AL FURGON BLINDADO,Cine Negro,Charles McGraw,William Talman,Adele Jergens,Richard Fleischer,1950,B&N,DVD,30-09-1951 Renacimiento
2315,TESTIGO ACCIDENTAL,Cine Negro,Charles McGraw,Marie Windsor,Jacqueline White,Richard Fleischer,1952,B&N,DVD,23-09-1953 Rex
2564,FIN DE FIESTA,Drama,Arturo Garcia Buhr,Leonardo Favio,Graciela Borges,Leopoldo Torre Nilson,1960,B&N,DVD,"20-06-1960 Central
El hijo de un caudillo político y su relación con el matón de su padre, en la década de los 30 del siglo XX."
2317,EL VALS DEL EMPERADOR,Comedia,Bing Crosby,Joan Fontaine,Roland Culver,Billy Wilder,1948,Color,DVD,17-02-1949 California
2316,UN YANQUI EN LA CORTE DEL REY ARTURO,Comedia,Bing Crosby,Rhonda Fleming,William Bendix,Tay Garnett,1949,Color,DVD,19-03-1951 Plaza
2473,MARRUECOS,Aventuras,Marlene Dietrich,Gary Cooper,Adolphe Menjou,Josef Von Sternberg,1930,B&N,DVD,"En una ciudad marroquí donde está la Legión Extranjera, Amy Jolly (Dietrich), una cantante de cabaret que por problemas económicos canta en un café de segunda categoría, tiene como novio a un rico pintor (Menjou), pero se enamora del apuesto legionario Tom Brown (Cooper).
21-08-1931 Ariel"
1265,BERTH MARKS,Comica,Stan Laurel,Oliver Hardy,Paulette Goddard,Lewis Foster,1929,B&N,DVD,
2330,CHUKA,Western,Rod Taylor,Ernest Borgnine,John Mills,Gordon Douglas,1967,Color,DVD,29-04-1968 18 de Julio
2331,THE TIN STAR (Venganza Mortal),Western,Henry Fonda,Anthony Perkins,Betsy Palmer,Anthony Mann,1957,B&N,DVD,10-09-1958 Iguazú
2332,THE LEMON DROP KID (De pícaro a pícaro),Comedia,Bob Hope,Marilyn Maxwell,Lloyd Nolan,Sidney Lanfield,1951,B&N,DVD,31-03-1953 Trocadero
2333,AVENTURERO DEL PACIFICO,Comedia,John Wayne,Lee Marvin,Elizabeth Allen,John Ford,1963,Color,DVD,22-11-1963 Censa
2339,IL SORPASO,Drama,Vittorio Gassman,Jean Louis Trintignant,Catherine Spaak,Dino Rissi,1962,B&N,DVD,1-07-1963 Plaza
2334,"SI ES MARTES,DEBE SER BELGICA",Comedia,Ian McShane,Suzanne Pleshette,Ben Gazzara,Mel Stuart,1969,Color,DVD,22-10-1970 Ambassador
2340,LOS TRES DESAFIOS DE TARZAN,Aventuras,Jock Mahoney,Woody Strode,Tsu Kobayashi,Robert Day,1963,Color,DVD,23-01-1064 Metro Iguazu
2375,NEWS OF THE WORLD (Noticias del gran mundo),Western,Tom Hanks,Helena Zengel,Tom Astor,Paul Greengrass,2020,Color,DVD,"Tom Hanks se gana la vida yendo de pueblo en pueblo comentando las noticias del mundo.
 Le encargan la misión de entregar una niña que fue rescatada de los indios Kiowas que la habían raptado unos años antes."
2295,CAUGHT IN THE DRAFT El Cabo Raso,Comedia,Bob Hope,Dorothy Lamour,Lynne Overman,David Butler,1941,B&N,DVD,19-03-1942 Radio City
2344,LA TRAGEDIA DEL CIRCO,Drama,Humphrey Bogart,Sylvia Sidney,Eddie Albert,Ray Enright,1941,B&N,DVD,4-09-1941 Radio City
2345,KIT CARSON EL GRAN EXPLORADOR(serial),Western,Johnny Mack Brown,Betsy King Ross,Noah Beery Sr,Colbert Clark-Armand Schaefer,1933,B&N,DVD,11-04-1947. Varias salas en episodios
2326,EN EL BOSQUE,Ciencia Ficción,Meryl Streep,Emily Blunt,Johnny Depp,Rob Marshall,2014,Color,DVD,"26-02-2015. Grupo Cine P Carretas, Torre de los Profesionales, Movie Montevideo, Portones."
2327,EN EL CORAZON DEL MAR,Aventuras,Chris Hemsworth,Benjamin Walter,Cilian Murphy,Ron Howard,2015,Color,DVD,"1-01-2016. Grupo Cine
En 1820 un escritor llamado Herman Melville tiene entrevistas con viejos hombres balleneros."
2328,LAGRIMAS DE UNA MADRE,Drama,Olivia de Havilland,John Lund,Roland Culver,Mitchell Leisen,1946,B&N,DVD,"17-10-1946 Ambassador
Durante la Primera Guerra MunidialJosephine Norris es una joven que se enamora de un piloto que fallece antes de que pudieran casarse. Embarazada, tiene un hijo, que debido a las presiones sociales de la época cede en adopción.
 Por su actuación Olivia de Havilland obtuvo el Oscar de la Academia"
2318,GOOFY LA PELICULA,Dibujos Animados,Goofy,Goofy Jr,Pedro,Kevin Lima,1996,Color,DVD,"29-03-1996 Nuevo Ambassador, Montevideo Shopping
Goofy sale de vacaciones con su hijo"
2319,LA HIJA DE DON Q (Serial),Aventuras,Adrian Booth,Kirk Alyn,Roy Barcroft,Spencer Bennet,1946,B&N,DVD,"Un descendiente de Quantaro desea eleminar a todos los demas herederos para quedarse con gran parte del territorio de California.
  Será enfrentado por Dolores Quantaro(Adrian Booth), otra descendiente con la ayuda del detective Roberts (Kirk Ayin, antes de ser el primer interprete de Superman)."
2320,LA NOCHE DE LOS GENERALES,Drama,Peter O'Toole,Omar Sharif,Philippe Noiret,Anatole Litvak,1967,Color,DVD,"27-07-1967 Censa
En Varsovia, durante la ocupación nazi, una prostituta es salvajemente asesinada. Según declaración de un testigo el crimen ha sido cometido por un general alemán al que no le vio el rostro pero si el uniforme."
2321,MUJERCITAS,Drama,Saoirse Ronan,Emma Watson,Florence Pugh,Greta Gerwig,2019,Color,DVD,"30-01-2020. Grupo Cine y Movie Center
Nueva versión de la novela de Louisa May Alcott"
2322,ARGELIA,Aventuras,Yvonne DeCarlo,Carlos Thompson,Raymond Burr,Lesley Selander,1953,B&N,DVD,"25-01-1954 Trocadero
Ivette Comte (Ivonne de Carlo) es una espía al servicio de la legión extranjera. Haciéndose pasar por una cantante de cabaret se gana la confianza de un lider rebelde (Raymond Burr). En el  transcurso de su misión se encontrará con un antiguo amor interpretado por el  rioplatense Carlos Thomson."
2323,SOLO EL CIELO LO SABE,Drama,Jane Wyman,Rock Hudson,Agnes Moorehead,Douglas Sirk,1957,Color,DVD,"6-05-1957 Trocadero, Eliseo.
Una viuda inicia un romance con su jardinero menor que ella.Se encontrará con el rechazo de su famila y la sociedad de su pueblo.
  En Uruguay se estrenó con el titulo ""Lo que el cielo nos da"""
2324,IMITACION DE LA VIDA,Drama,Claudette Colbert,Warren William,Rochell Hudson,John M Stahl,1934,B&N,DVD,"13-09-1935 Ariel.
Una joven viuda, en compañia de su criada instala una fábrica de panqueques. El paso de los años le trae progreso económico pero la vida le traerá otros problemas."
2325,IMITACION DE LA VIDA,Drama,Lana Turner,John Gavin,Sandra Dee,Douglas Sirk,1959,Color,DVD,"5-10-1959. Censa
Una joven actriz viuda, con una pequeña hija a su cargo trata de hacerse un lugar en el mundo del arte. Lo logrará pero la vida le planteará varias y dificiles situaciones."
2329,THE BLUE MAX (El Crepúsculo de las Aguilas),Drama,George Peppard,James Mason,Ursula Andress,John Guillermin,1966,Color,DVD,18-05-1967 California
2341,FORAJIDOS EN CARSON CITY,Western,Jeanne Crain,Dale Robertson,Richard Boone,Harmon Jones,1953,Color,DVD,4-01-1954 Ambassador
2335,CAHILL,Western,John Wayne,George Kennedy,Neville Brand,Andrew V. McLaglen,1973,Color,DVD,8-07-1974 Iguazú
2336,EL GATO Y EL CANARIO,Comedia,Bob Hope,Paulette Goddard,Gale Sondergaard,Elliot Nugent,1939,B&N,DVD,20-03-1940 Ambassador
2337,LA VUELTA DEL LLANERO SOLITARIO(Serial),Western,Robert Livingstone,Chief Thundercloud,Duncan Renaldo,"William Witney, John English",1939,B&N,DVD,11-04-1944 El Mundo
2342,LA RUTA DEL CARIBU,Western,Randolph Scott,George Hayes,Victor Jory,Edwin L. Marin,1949,Color,DVD,1-01-1951 Victory
2343,GUN BELT (Odio en la sangre),Western,George Montgomery,Tab Hunter,Helen Westcott,Ray Nazarro,1953,Color,DVD,21-12-1953 Trocadero
2346,CORRESPONSAL EN BERLIN,Suspenso,Dana Andrews,Virginia Gilmore,Mona Maris,Eugene Forde,1942,B&N,DVD,4-03-1943 Ambassador
2347,LA HISTORIA DE LOS ESTUDIOS UNIVERSAL,Documental,Richard Dreyfuss,Lew Aires,Kirk Douglas,David Heeley,1996,Color,DVD,Documental sobre la historia de los estudios Universal para conmemorar los 80 años de su fundación
2338,SANTIAGO,Western,Alan Ladd,Rossana Podestá,Lloyd Nolan,Gordon Douglas,1956,Color,DVD,5-08-1957 Iguazú
2348,BRANNIGAN,Policial,John Wayne,Richard Attenborough,Judy Geeseon,Douglas Hickox,1975,Color,DVD,5-09-1975 Trocadero
2349,EL PULPO NEGRO,Suspenso,Narciso Ibañez Menta,Beatriz Dia Quiroga,Oscar Ferrigno,Martha Reguera,1985,Color,DVD,"Serie TV
Un actor teatral y autor planea una venganza contra personas que el supone lo perjudicaron en su carrera. Consigue sicarios que ejecutan los asesinatos y dejan junto a los muertos un pulpo negro para que se piense que es un solo criminal."
2350,LA ULTIMA ORDEN,Western,Sterling Hayden,Richard Carlson,J. Carrol Naish,Frank Lloyd,1955,Color,DVD,"En el año 1936 los colonos que poblaron los desiertos teritorios de la actual Texas se sublevan contra el abuso de poder del Gral Antonio López de Santa Ana, dictador de Mexico. Toman una antigua misión cerca del poblado de San Antonio llamada El Alamo.
 Allí resitirán hasta el último hombre.
19-03-1956 Ambassador"
2351,EL TRIUNFO DE BUFALO BILL,Western,Charlton Heston,Rhonda Fleming,Jan Sterling,Jerry Hopper,1953,Color,DVD,"En 1861 se requiere a Buffalo Bill y a Wild Bill Hickor para establecer una línea de correos a traves de California. Algunas personas piensan que ese estado será más próspero si se retira de la Unión.
9-01-1956 Iguazu"
2352,UNA VIDA POR OTRA,Western,Robert Taylor,Ava Gardner,Anthony Quinn,John Farrow,1953,Color,DVD,"En el estado de Texas la ley del más fuerte la encarnan dos hombres unidos por un fuerte vínculo de amistad.
 A esa zona llega King Cameron con su esposa Cordelia (Ava Gardner) para dedicarse a la cría de ganado.
25-03-1954 Metro"
2353,EL VIAJE FANTASTICO DE SIMBAD,Aventuras,John Philip Law,Caroline Munro,Tom Baker,Gordon Hessler,1973,Color,DVD,"Simbad, príncipe de Bagdag, marino legendario encuentra un extraño mapa. Se embarca rumo a la isla de Lamuria junto a una bella esclava y el Gran Visir de Marabia. Se les opondrá un mago que quiere hacerse del poder en Marabia.
 Se destacan los efectos especiales de Ray Harryhausen.
23-09-1974 California"
2354,EL GRAN AMANTE,Comedia,Bob Hope,Rhonda Fleming,Roland Young,Alexander Hall,1949,B&N,DVD,"En un trasatlántico la policía persigue a un asesino. En él también viaja un torpe entranador de boy-scouts (Bob Hope) y sus muchachos. En el viaje se enamora de la hermosísima duquesa Alejandra (Rhonda Fleming). Los chicos, que están mejor organizados que Hope están determinados a salvarlo de sus torpezas y del asesino..
21-03-1951 Grand Palace, California"
2355,RUMBO A RIO,Comedia,Bob Hope,Bing Crosby,Dorothy Lamour,Norman Z. McLeod,1947,B&N,DVD,"El trío de actores principales hicieron varias películas muy populares cuyo título empezaba siempre ""Rumbo a.."" Esta es una de las mejores.
 Fue nominada al Oscar a Mejor banda sonora en 1947.
28-07-1948 Ambassador"
2356,O.S.S.,Cine Negro,Alan Ladd,Geraldine Fitzgerald,Richard Webb,Irving Pichel,1946,B&N,DVD,"Durante la Segunda Guerra Mundial Ladd comanda un gupo que es infiltrado en la Francia ocupada con el fin de destruir un tunel ferroviario.
  Buenas dosis de cine negro en este film de espías.
4-4-1947 Coventry"
2358,LA DAMA DE LA MUERTE,Drama,Carlos Cores,Guillermo Battaglia,Judith Sulian,Carlos H. Christensen,1946,B&N,DVD,"Un joven a punto de autoelininarse es invitado a vincularse a un Club de Suicidas.
  Luego se arrepiente.
  Basada en un cuento de Robert Stevenson.
 16-04-1947 Princess"
2359,ENOLA HOLMES,Policial,Millie Bobby Brown,Henry Cavill,Sam Claflin,Harry Bradbeer,2020,Color,DVD,"Enola es la hermana menor de Sherlock Holmes. Al dsaparecer su madre emprende su búsqueda antes que su famoso hermano y a la vez desentrañar la conspiración en torno a un misterioso y joven Lord.
 No estrenada en salas."
2357,"FUNES,UN GRAN AMOR",Drama,Graciela Borges,Pepe Soriano,Gian Maria Volonte,Raul de la Torre,1993,Color,DVD,"23-07-1993 Nuevo 18
Una orquesta típica llega a un pueblo. La pianista es una hermosa mujer que despierta pasiones en los hombres del lugar."
167,ANGELES CON CARAS SUCIAS,Policial,James Cagney,Pat O'Brien,Humphrey Bogart,Michael Curtiz,1938,ByN,DVD,
2360,DALLAS,Western,Gary Cooper,Ruth Roman,Steve Cochran,Stuart Heisler,1950,Color,DVD,"27-06-1955 Iguazú.
Un antiguo soldado confederado ha declarado su propia guerra para reparar injusticias de tiempos pasados."
2361,UTOPIA,Comedia,Stan Laurel,Oliver Hardy,Suzy Delair,John Berry,1950,B&N,DVD,"Estrenada como Atoll K
12-01-1953 California"
2362,EL TALISMAN,Aventuras,Rex Harrison,Virginia Mayo,George Sanders,David Butler,1954,Color,DVD,"26-03-1956 California como #Ricardo Corazon de León"""
2363,LA NOVIA DE ACERO,Western,Alan Ladd,Virginia Mayo,Joseph Calleia,Gordon Douglas,1952,Color,DVD,8-12-1958 Iguazú
2364,MURDER WITH MIRRORS,Policial,Helen Hayes,Bette Davis,John Mills,Dick Lowry,1985,Color,DVD,Tele film. No estrenado en salas
2366,A CARIBBEAN MISTERY,Policial,Helen Hayes,Bernard Hughes,Jameson Parker,Robert Lewis,1983,Color,DVD,"Tele film, no estrenado en salas"
2367,LA VERDAD SOBRE EL CRIMEN,Cine Negro,Bonita Granville,Morgan Conway,Rita Corday,Lew Landers,1946,B&N,DVD,17-11-1948 Trocadero.
2368,FLECHAS INCENDIARIAS,Western,Sterling Hayden,Coleen Gray,Keith Larsen,Lesley Selander,1954,Color,DVD,31-10-1955. El Polvorin
2370,PASO A PASO,Cine Negro,Lawrence Tierney,Anne Jeffreys,Lowell Gilmore,Phil Rosen,1946,B&N,DVD,27-03-1950 Radio City
2371,SAN QUINTIN,Cine Negro,Lawrence Tierney,Barton MacLane,Marian Carr,Gordon Douglas,1946,B&N,DVD,25-09-1947 Radio City
2372,AMENAZA DIABOLICA,Cine Negro,Lawrence Tierney,Ted North,Nan Leslie,Felix E. Feist,1947,B&N,DVD,6-10-1948 Continental
2373,NACIDO PARA MATAR,Cine Negro,Lawrence Tierney,Claire Trevor,Walter Slezak,Robert Wise,1947,B&N,DVD,5-02-1948 Radio City
2374,BODYGUARD,Cine Negro,Lawrence Tierney,Priscila Lane,Philip Reed,Richard Fleischer,1948,B&N,DVD,"19-01-1950 Rex
Tierney intempreta a un policía individualista y violento que es expulsado por golpear a un superior(cuya honestidad está cuestionada).
  Pasa a ser contratado como guardeespaldas de una anciana empresaria. Luego, su antiguo jefe es asesinado y él acusado de ese crimen."
1392,MAVERICK (1era Temporada),Western,James Garner,Jack Kelly,Karen Steele,Budd Boetticher,1957,B&N,DVD,"Seie TV
  La serie trata de una pareja de hermanos Bret y Bart Maverick interpretados por James Garner y Jack Kelly respectivamente.
  La acción transcirre en el viejo oeste norteamericano donde los hermanos se ganan la vida jugando al poker y se ven involucrados en múltiple problemas."
2759,NO SERAS UN EXTRAÑO,Cine Negro,Robert Mitchum,Olivia de Havilland,Frank Sinatra,Stanley Kramer,1955,B&N,DVD,"26-03-1956 Trocadero, Eliseo
  Un estudiante de medicina se casa con una enfermera locamente enamorada de él sólo para aprovecharse de sus ahorros."
3086,CIMARRON (1era Temporada),Western,Stuart Whitman,Percy Herbert,Randy Boone,Varios,1967,Color,DVD,"La franja de Cimarrón fue una región fronteriza entre el territorio de Kansas y el de los indios Cherokee durante la segunda mitad del siglo XIX. Vigilar esa zona el trabajo de Jim Crown, quien a menudo se valió de la ayudade sus amigos, Mc Gragor, Francis Wilde y de Dulcey, una joven del este que llega a la frontera para ocuparse de la posada que regenteaba su fallecido padre.
 Como actores invitados aparecen Beau Bridges, Telly Savalas, Robert Duvall, Joseph Cotten, entre otros."
2376,MARA MARU,Aventuras,Errol Flynn,Ruth Roman,Raymond Burr,Gordon Douglas,1952,B&N,DVD,"12-03-1956 Plaza.
  Un comandante de la marina lleva a un gangster en busca de un tesoro hundido cerca de las Filipinas donde se cree que hay una reliquia religiosa engarzada en diamantes. Rápidamente se desencadena la lucha por ver quien se apodera del objeto."
2377,WICHITA,Western,Joel McCrea,Vera Miles,Lloyd Bridges,Jacques Tourneur,1955,Color,DVD,"22-06-1956 Censa como La ronda de la Muerte
Wyatt Earp (Joel McCrea) llega a la próspera ciudad de Wichita, Kansas, tras haber pasado una temporada susbsistiendo como cazador de búfalos. Se encontrará con una ciudad agitada ante la inminente llegada del ferrocarril lo que enriquecería a los ganaderos por la terminal de ganado. Al mismo tiempo la ciudad se está convirtiendo en un hervidero de delincuentes que llegan a la ciudad en busca de riquezas. Los vecinos necesitan un nuevo Marshall para imponer la ley y el orden y Wyatt Earp parece el candidato perfecto."
2389,LOS ASALTANTES DE KANSAS,Western,Audie Murphy,Brian Donlevy,Marguerite Chapman,Ray Enright,1950,Color,DVD,"24-08-1953 Iguazú
Durante la guerra de secesión, un coronel del ejército confederado, considerado un héroe por muchos se dedica a atacar granjas robando todo lo que puede."
2604,VAYA MARINEROS (Marinero no te metas en el agua),Comedia,Glenn Ford,Gia Scala,Earl Holliman,Charles Walters,1957,Color,DVD,"25-04-1958 Metro. Estrenada en Uruguay con el título: Marinero no te metas en el agua
 En una pequeña isla del pacífico durante la segunda guerra mundial, Glenn Ford da vida a un teniente con gran habilidad para las relaciones públicas."
2384,SEÑAL DE PARADA,Cine Negro,George Raft,Ava Gardner,Victor McLaglen,Leonide Moguy,1946,B&N,DVD,"16-01-1947 Radio City (El truhan)
Cuando una bella mujer llamada Mary regresa a su pueblo brotan chispas entre dos rivales."
2408,BALAS DE CONTRABANDO,Aventuras,Audie Murphy,Patricia Owens,Eddie Albert,Don Siegel,1958,B&N,DVD,"4-05-1959 Central.
   Sam Martin (Murphy) es un ex oficial de la marina que se gana la vida en la Florida alquilando un barco de recreo a los turistas. Un traficante de armas americano lo alquila para un viaje de un día y le paga una suma enorme de dinero por dejarle cerca de La Habana por que está prohibido ir a Cuba debido a la revolución en curso.
  Basada en una novela de Ernest Hemingway."
2441,EL FARSANTE,Drama,Burt Lancaster,Katharine Hepburn,Wendell Corey,Joseph Anthony,1956,Color,DVD,"Hechizada por un charlatán vagabundo, una solitaria ranchera se convierte plenamente en mujer.
  Katharine Hepburn obtuvo una nominación al Oscar encarnando a la ranchera vulgar pero radiantemente hermosa.
  Burt Lancaster interpretó con brillantez al embaucador de verbo fácil que vende sus ""poderes"" para traer la lluvia a los incuatos habitantes de los pueblos del Oeste asolados por la sequía.
9-09-1957 Plaza"
2385,PELIGRO A FONDO,Cine Negro,George Raft,Sydney Greenstreet,Brenda Marshall,Raoul Walsh,1943,B&N,DVD,"04-11-1943 Ambassador
  Una guapa morocha entrega al americano Joe Barton (Raft) unos títulos financieros para que este los tenga a buen recaudo.
 La mujer aparece muerta, los títulos financieros resultan ser información secreta codiciada y Joe pasa a ser el hombre más buscado tanto por los espías soviéticos como los nazis."
2426,DOWN THE LONG HILLS (Bajo las colinas),Western,Bruce Boxleitner,Bo Hopkins,Michael Wren,Burt Kennedy,1986,Color,DVD,"Dos niños sobreviiven a la masacre de la caravana en que viajaban rumbo al Oeste.
 No estrenada en salas"
2409,JUICIO POR CALUMNIA,Cine Negro,Kent Taylor,Linda Hayes,Lilian Bond,Leslie Goodwins,1939,B&N,DVD,"Los colegas de otros medios le gastan una broma a un periodista (Kent Taylor) al decirle que un importante hombre de negocios (Morgan Conway) ha sido condenado por asesinato, cuando en realidad ha sido absuelto. Por publicar una noticia errónea el periodista es cesado pero lo hace pensar ¿será en absoluto inocente?
 No estrenada en salas en Montevideo"
2386,LA INFIEL,Cine Negro,Ann Sheridan,Lew Ayres,Zachary Scott,Vincent Sherman,1947,B&N,DVD,"20-05-1948 Ambassador
 Una esposa mantiene una infidelidad mientras su marido se encuentra de servicio en el Pacífico."
2380,EL RAYO EXTERMINADOR,Cine Negro,Edmond O'Brien,June Havoc,Victor McLaglen,Rowland V. Lee,1942,B&N,DVD,"29-10-1942 Radio City
Edmond O'Brien es un científico contratado para elaborar una fórmula secreta de explosivos. Junto a él trabajan Roy Gordon y su ayudante, que en realidad es un agente secreto con intención de boicotear los experimentos con explosivos.
Espías nazis, científicos, chicas de cabaret, todo dentro de esta mezcla de géneros que va de la comedia, al cine negro y hasta la ciencia ficción."
2381,PISTA DE CARRERAS,Cine Negro,George Raft,William Bendix,Marilyn Maxwell,Edwin L. Marin,1948,B&N,DVD,"28-07-1949 Rex
Dan Gannin (George Raft) está a punto de iniciar una nueva vida junto a su novia Robbie (Marilyn Maxwell). Pretende abandonar definitivamente todos sus vínculos con los bajos fondos, pero cuando su amigo Hal Towers (Harry Morgan) es asesinado por sus antiguos compinches, Dan iniciará las averiguaciones para saber quien está detrás de ello."
2378,LA SILLA DEL TESTIGO,Cine Negro,Ann Harding,Walter Abel,Douglas Dumbrille,George Nichols Jr,1936,B&N,DVD,"7-10-1936 Rex
  Cuando el cadaver de Stanley Whitakker (Douglas Drumbille) aparece en su empresa todo el mundo piensa que es un suicidio debido a una nota que se encuentra junto al cadáver en el que exculpa a su socio, James Trent (Walter Abel), del desfalco que realizó en la compañía. Pero un inspector de la policía (Maroni Olsen) no lo tiene tan claro. ¿Qué relaciones tenía Whittakker con la hija de su socio (Frances Sage)? Y, sobre todo, ¿qué sabe realmente la secretaria de Trent (Ann Harding) de todo esto?"
2379,LA HUELLA DE UN RECUERDO,Cine Negro,Laraine Day,Brian Aherne,Robert Mitchum,John Brahm,1946,B&N,DVD,"3-03-1948 Trocadero.
Estrenada con el título ""El Medallón""
Nancy (Laraine Day) es la atractiva y segura mujer a la que todos los hombres quisieran conquistar. Sin embargo esconde terribles traumas en lo más hondo de su interior. Su carácter encantador y aparentemente dócil se transforma repentinamente en algo más desconcertante como aterrador. ¿Qué secreto guarda Nancy en sus más oscuros anhelos? ¿Por qué arruina sin aparente sentido la vida de cuantos hombres la pretenden?"
2382,ANTES DEL AMANECER,Cine Negro,Stuart Erwin,Warner Oland,Dorothy Wilson,Irving Pichel,1933,B&N,DVD,"No estrenada en salas en Montevideo.
Un delincuente (Frank Reicher) revela el escondite de un fabuloso botín de un millón de dólares. Su médico personal (Warner Oland) sueña con apoderarse de él, pero debe competir con un detective privado (Stuart Erwin) y una mentalista (Dorothy Wilson).
  El film se inscribe dentro de las típicas películas de misterio de los años treinta.Producida por Merian C. Cooper el mismo año que su célebre King Kong. También veremos a Warner Oland en un papel de villano antes de protagonizar al famoso detective Charlie Chan."
2383,UNA HISTORIA DE LAS VEGAS,Cine Negro,Jane Russell,Victor Mature,Vincent Price,Robert Stevenson,1952,B&N,DVD,"25-09-1953 California
  Lloyd Rollins insiste para que su mujer Linda le acompañe a Las Vegas, donde juega. Linda aprovecha para visitar el Casino en el que cantaba anteriormente y se encuentra con el teniente Dave Andrews, con quien mantuvo un romance años atrás."
2387,EL VEREDICTO,Suspenso,Sydney Greenstreet,Peter Lorre,Joan Lorring,Don Siegel,1946,B&N,DVD,"19-09-1947 Coventry
  El Sr Godman es un respetado jefe de policía de Scotland Yard. Sin embargo cuando comete un error, que provoca la ejecución de un hombre inocente, su prestigio quedará empañado."
2388,ENTRE LA MEDIANOCHE Y EL AMANECER,Cine Negro,Mark Stevens,Edmond O'Brien,Gale Storm,Gordon Douglas,1950,B&N,DVD,"9-04-1951 Eliseo como Fuego Mortal
 Dos policías, enamorados de la hija de un colega asesinado, rivalizan por capturar al culpable de su muerte con el objeto de acreditar méritos ante los ojos de la muchacha."
2442,EL HALCON INICIA EL VUELO,Policial,George Sanders,Lynn Bari,James Gleason,Irving Reis,1942,B&N,DVD,"El Halcón y una periodista tratan de resolver una serie de asesinatos después de que un ex luchador, liberado de la carcel ,vaya al encuentro de su novia.
 No estrenada en salas."
2391,HONOR Y VENGANZA,Western,Audie Murphy,Mari Blanchard,Thomas Mitchell,George Marshall,1954,Color,DVD,"22-05-1956 Eliseo
  Una pequeña ciudad fronteriza está controlada por una banda encabezada por un tal Decker. Tras la muerte del sheriff nombran para el cargo al borracho del pueblo."
928,EL REGRESO DEL DOCTOR X,Suspenso,Wayne Morris,Rosemary Lane,Humphrey Bogart,Vincent Sherman,1939,B&N,DVD,"Fecha de Estreno en ROU: 17-04-1940 Radio City
   Una actriz teatral es asesinada y Walter Garrett, un joven reportero, da la primicia en su periódico. Sin embargo, al día siguiente la actriz aparece con vida para desmentirlo. El extraño hecho despierta la curiosidad del periodista, y junto con un joven amigo médico, se pone a investigar el caso. Uno de los implicados es el reputado hematólogo Dr Flegg cuyo asistente es Quesne (Humphrey Bogart). Este no es otro que el temible Doctor ""X"", quien necesita frecuentes dosis de cierto tipo de sangre.."
1140,EL MOMENTO DE MATAR,Western,George Hilton,Walter Barnes,Horst Frank,Giuliano Carnimeo,1968,Color,DVD,"No estrenada en Montevideo.
   Lord y Bull, dos aventureros muy hábiles con las armas, son contratados por el Juez Warren para una misteriosa misión. Al llegar al pueblo donde tienen que entrevistarse con él para conocer los detalles del encargo, además de no en encontrar al juez descubren que muchos habitantes del lugar los prefieren muertos…"
2399,UNA CIUDAD LLAMADA BASTARDA,Western,Robert Shaw,Stella Stevens,Martin Landau,Robert Parrish,1971,Color,DVD,"Un grupo de revolucionarios mexicanos asesina a un párroco de la ciudad y a un buen número de sus feligreses. Diez años más tarde llega a la ciudad una mujer buscando vengarse de los asesinos de su marido.
 No estrenada en salas en Montevideo."
2390,DUELO EN SILVER CREEK,Western,Audie Murphy,Faith Domergue,Stephen McNally,Don Siegel,1952,Color,DVD,"28-10-1954 Radio City
Un pistolero que se ha ganado una buena reputación por su habilidad en el duelo, llega a un pequeño pueblo que vive bajo el terror de una banda de forajidos"
2392,LA TIERRA DEL ORGULLO,Western,Audie Murphy,Anne Bancroft,Pat Crowley,Jesse Hibbs,1956,Color,DVD,"22-12-1958 Ambassador. Grandeza India
   John Clum recibe el encargo del gobierno de EEUU de dirigir la reserva apache de San Carlos. Allí protege los derechos de los indios y se enfrenta a los mlitares que los humillan."
2393,SENDAS TORTUOSAS,Western,Audie Murphy,Walter Matthau,Gia Scala,Jesse Hibbs,1958,Color,DVD,"No estrenada en salas en Uruguay.
Tras robar un banco, Joe Maybe decide ocultarse en una ciudad cercana haciéndose pasar por un agente federal y trabajando para la policía local, bajo el mando del poderoso sheriff."
2394,RIFLES APACHES,Western,Audie Murphy,Michael Dante,Linda Lawson,William Witney,1964,Color,DVD,"19-06-1966 Rex
  A un joven oficial de caballería se le asigna la tarea de capturar a una banda de apaches que han estado aterrorizando las zonas rurales."
2400,MAVERICK (2da temporada),Western,James Garner,Jack Kelly,Roger Moore,Leslie H. Martinson,1958,B&N,DVD,"Serie TV 1958-1959.
La serie trata de una familia de jugadores de poker. En principio eran dos hermanos, Bret y Bart Maverick interpretados por James Garner y Jack Kelly respectivamente. En las últimas temporadas apareció esporadicamente su primo Beau(Roger Moore). En el último año de la serie intervino otro hermano, Brent (Robert Colbert) para reemplazar a James Garner que habia dejado la serie.
   La acción transcurre en el viejo oeste de los Estados Unidos donde los Maverick se ganan la vida jugando al poker y se ven envueltos en muchas andanzas, generalmente en el tono de comedia ligera."
2395,FORT UTAH,Western,John Ireland,Virginia Mayo,Scott Brady,Lesley Selander,1967,Color,DVD,"No estrenada en salas en Montevideo.
   Un pistolero que quiere cambiar de vida se cruza con una caravana y conoce a una mujer que dice ser artista. Ante el ataque de los indios, los supervivientes terminarán en Fort Utah. Una vez en el fuerte descubren que no hay soldados y,en cambio, se esconde allí una banda de malechores."
2396,DAKOTA LIL,Western,George Montgomery,Marie Wilson,Rod Cameron,Lesley Selander,1950,B&N,DVD,"13-03-1951 Victory. La reina de los ladrones
   Un agente es enviado al oeste tras la pista de una banda de asaltantes de trenes. Para llegar al lider del grupo primero tendrá que ganarse la amistad de una bella bailarina."
2397,FORT MASSACRE,Western,Joel McCrea,John Russell,Susan Cabot,Joseph Newman,1958,Color,DVD,"29-06-1959 Central
  Durante las guerras indias un capitán muere en una emboscada. Toma el mando un sargento. Este ordena dirigirse hasta un fuerte pero elige cruzar territorio apache. Los soldados sospechan que elegió ese camino para vengarse de los Apaches, que asesinaron a su esposa y a sus hijos"
2398,LA RESACA,Cine Negro,Lawrence Tierney,Kathleen Crowley,John Carradine,Bruno Vesota,1955,B&N,DVD,"No estrenada en salas en Montevideo.
Una rubia actriz es asesinada frente a un bar. Un policía fuera de servicio estaba borracho en el bar y comienza a preocuparse acerca de su inocencia cuando le avisan que lo vieron salir con una rubia.
  A medida que investiga, el policía entrevista a un columnista que iba con la actriz, a un caricaturista que dibujó a la víctima, a la esposa del dibujante que trabaja en el bar. Lentamente la piezas van encajando en el rompecabezas."
2401,LA PATRULLA DEL PELIGRO,Cine Negro,Sally Eillers,John Beal,Harry Carey,Lew Landers,1937,B&N,DVD,"Dan Loring (john Beal)es un joven aspirante a médico que es demasiado pobre como para pagarse los estudios. Por esa razón decide emplearse como transportador de glicerina en la ciudad texana de Goliath, empleo peligroso pero bien remunerado.
  Es un claro precedente de El Salario del Miedo, estrenada trece años después.
  La Patrulla del Peligro es una mezcla de cine negro y cine social. Y es un anticipo de lo mejor del cine negro de la RKO.
  No estrenada en Montevideo-"
2414,CASADA CON UN COMUNISTA,Cine Negro,Laraine Day,Robert Ryan,John Agar,Robert Stevenson,1949,B&N,DVD,"6-09-1950 Trocadero
 Robert Ryan es el vicepresidente de una compañía naviera, sufre un serio chantaje por parte de antiguos camaradas de partido que le amenzan con descubrir su pasado comunista si no accede a brindarles ayuda para fomentar un conflicto. Su novel esposa tratará de ayudarlo."
2415,UN GRITO EN LA NOCHE,Cine Negro,Edmond O'Brian,Natalie Wood,Raymond Burr,Frank Tutle,1956,B&N,DVD,"27-10-1958 El Polvorín
  Un psicópata secuestra a la joven y bella hija de un policía. El padre quiere utilizar metodos no ortodoxos para capturar al criminal"
2403,RKO 281 (la lucha por Ciudano Kane,Drama,Liev Schreiber,James Cromwell,Melanie Griffith,Benjamin Ross,1999,Color,DVD,"Una incursión por el interior de Hollywood para conocer los conflictos de gestación de uno de los grandes clásicos del siglo XX. La creación de un mito y un duelo de titanes que tenían mucho en común y a los que enfrentó una película.
 Estreno: 28-11-2002. Cine Universitario"
2402,MANK,Drama,Gary Oldman,Amanda Seyfried,Lily Collins,David Fincher,2020,B&N,DVD,"Film biográfico sobre Herman Mankiewicz, guionista de ""Ciudadano Kane"" donde se repasa el proceso de rodaje de la obra maestra de Orson Welles estrenada en 1941."
2416,SINGAPUR (Una vida y un Amor),Cine Negro,Fred MacMurray,Ava Gardner,Roland Culver,John Braham,1947,B&N,DVD,"4-03-1948 Radio City
   Terminada la segunda Guerra Mundial, Matt Gordon regresa a Singapur con el fin de recuperar una fortuna en perlas de contrabando. Una vez allí, recuerda a la que fue su prometida  antes de la guerra, una atractiva mujer llamada Linda que desapareció cuando un ataque japonés.  Tendrá una sorpresa: inesperadamente  vuelve a ver a la chica que padece amnesia y está casada con un rico terrateniente de la zona. Mientras tanto un siniestro contrabandista planea quedarse con las perlas de Matt."
2417,ODIO Y ORGULLO,Drama,Ava Gardner,Robert Mitchum,Melvyn Douglas,Robert Stevenson,1951,B&N,DVD,"6-05-1952 Eliseo
  Ambientada en Nueva Orleans a fines del siglo XIX, la película narra la historia Bárbara quien abandona a su novio cuando iban a viajar juntos para casarse. Años mas tarde el ex prometido retorna y Bárbara quiere reconquistarlo pero el está casado."
2418,FABRICANTE DE CAMPEONES,Comedia,Bob Hope,Mickey Rooney,Marilyn Maxwell,George Marshall,1953,B&N,DVD,"9-08-1954. El colmo de la cara dura
  Comedia sobre el mundo del boxeo narra la historia de un aspirante a boxeador (Rooney) que encuentra a un manager (Hope) para que lo entrene."
2475,EL CAPITAN ANGEL,Cine Negro,George Raft,Claire Trevor,Signe Hasso,Edwin L. Marin,1945,B&N,DVD,"30-01-1946 Trocadero
  Un barco aparece a la deriva en el Golfo de México. Johnny Angel, hijo del capitán del buque, lo avista desde su propia nave y sube a bordo. La tripulación ha desaparecido misteriosamente.
   Angel encuentra la inestimable ayuda de una refugiada francesa."
2404,LA PERLA DEL PACIFICO SUR,Aventuras,Virginia Mayo,Dennis Morgan,David Farrar,Allan Dwan,1955,Color,DVD,"19-03-1956 Ariel
Al Pacífico Sur llegan tres aventureros en busca de fortuna. Pretenden adueñarse de una valiosas perlas negras. Para ello deberán enfrentar a los nativos y a un pulpo gigante que custodia la cueva donde se encuentran escondidas las perlas."
2405,FILON DE PLATA,Western,John Payne,Lizabeth Scott,Dan Duryea,Allan Dwan,1954,Color,DVD,"27-07-1955 Rex Título local:Falsa Justicia.
  El Sheriff de una ciudad interrumpe la boda entre John Payne y Lizabeth Scott para detener al futuro esposo, acusándolo de haber asesinado a su hermano."
2406,LA REINA DE MONTANA,Western,Barbara Stanwyck,Ronald Reagan,Gene Evans,Allan Dwan,1954,Color,DVD,"15-11-1955 Eliseo. Título alternativo: Sierra Nevada
  Sierra Nevada Jones llega a Montana con su padre para tomar posesión de unas tierras que han pertenecido a su familia durante generaciones."
2407,HUIDA A BIRMANIA,Aventuras,Barbara Stanwyck,Robert Ryan,David Farrar,Allan Dwan,1955,Color,DVD,"3-10-1955 Trocadero
  Cuenta la vida de una joven que ha heredado una plantación de te en Oriente. Todo se complica cuando un perseguido por la justicia busca cobijo en sus posesiones."
2410,EL GRAN ORADOR,Cine Negro,Lee Tracy,Barbara Read,Patrick Knowles,Jack Hively,1939,B&N,DVD,"Jed Marlowe es un brillante abogado que no tiene escrúpulos a la hora de defender a peligrosos criminales. El problema llega cuando su hija se enamora de uno de sus clientes, un peligroso gangster que él ha salvado de la silla eléctrica a sabiendas de su culpabilidad.
  No estrenada en salas en Uruguay."
2411,UNA AVENTURA EN LA NIEBLA,Cine Negro,Robert Armstrong,Helen Mack,Ralph Bellamy,Ernest Schoedsack,1933,B&N,DVD,"Un joven norteamericano llega a Londres y entre la confusión de la niebla descubre a unos malhechores cuyo objetivo es extorsionar a una bella dama.
  No estrenada en salas en Uruguay."
2412,LA AMENAZA,Cine Negro,Michael O'Shea,Virginia Grey,Charles McGraw,Felix E. Feist,1949,B&N,DVD,"Un peligroso criminal se fuga de la carcel con la intención de vengarsede quienes allí lo enviaron: un agente de polcía, el fiscal de distrito y su antigua novia, de quien sospecha fue su delatora.
  No estrenada en salas en Uruguay."
2413,LA NOCHE PLENA,Cine Negro,Billie Seward,William Haade,Charles Lang,Irving Reis,1940,B&N,DVD,"En un motel de turistas encontramos varias historias entrelazadas: una joven que se reúne con su marido que se ha escapado de la carcel, dos gangsters que lo persiguen, una mujer que conoce a uno de estos, una joven a punto de dar a luz, un curandero que trata de vender un elexir maravilloso…
  No tiene estrellas pero resulta de gran interés al encuadrarse en los primeros momentos en los que el cine negro comienza a encontrar sus propias y definitivas coordenadas.
  No estrenada en salas en Uruguay"
2444,CIANURO ESPUMOSO,Policial,Pauline Collins,Oliver Ford Davies,Kenneth Cranham,Tristam Powell,2003,Color,DVD,TV Filme
1794,MINGO Y ANIBAL CONTRA LOS FANTASMAS,Comedia,Juan C. Altavista,Juan Carlos Calabró,Carlos Estrada,Enrique Carreras,1985,Color,DVD,"No estrenada en salas de Montevideo
   Los dueños de una concesionaria de automóviles donde trabajan Mingo y Anibal intentan culparlos de un asesinato tras su participación en un juego macabro."
2445,HORIZONTES DEL OESTE,Western,Robert Ryan,Julie Adams,Rock Hudson,Budd Boetticher,1952,Color,DVD,"29-10-1954 Rex
Dos hermanos, después de la guerra civil, toman caminos distintos ante la ley"
2446,CARA A CARA,Aventuras,Elizabeth Montgomery,Robert Foxworth,Lou Antonio,Lou Antonio,1990,Color,DVD,"TV Filme.
Una paleontologa y un aventurero tienen disputas en Africa sobre sus investigaciones."
2447,SHERLOCK HOLMES,Policial,Frank Langella,Susan Clark,Stephen Collins,Peter Hunt,1981,Color,DVD,"TV Filme
Obra teatral"
2419,EL VALLE DE LA VENGANZA,Western,Burt Lancaster,Robert Walker,Joanne Dru,Richard Thorpe,1951,Color,DVD,"23-08-01951 Metro
  Owen Daybright (Burt LanLancaster) es un joven adoptado por el ranchero Arch Strobie. Este confía más en él que en su propio hijo. Este deja embarazada a una chica del pueblo y sus hermanos culpan a Owen"
2420,EL RETO DE VALDEZ,Western,Burt Lancaster,Susan Clark,Frank Silvera,Edwin Shering,1971,Color,DVD,"11-11-1971 Censa
 El alguacil de la frontera Valdez es responsable de la muerte de un hombre de color acusado de asesinato. Descubre que el hombre en realidad era inocente e intenta recaudar dinero para compensar en algo a la viuda, una mujer apache. Valdez es humillado por los hombres de Tanner que son los verdaderos culpables del error.
  Entonces, el hombre tranquilo que es Valdez, se transforma para hacer justicia. Vestido con su uniforme de oficial de los Estados Confederados le envía un mensaje a Tanner: VIENE VALDEZ!!"
2421,AMANECER ZULU,Aventuras,Burt Lancaster,Simon Ward,Peter O'Toole,Douglas Hickox,1979,Color,DVD,"27-02-1981 Amanecer Sangriento. Trocadero
  En 1879, Las Colonias Británicas, como respuesta a una posible amenza por parte de la Nación Zulú, dan un ultimatum inaceptable a su rey, que responde poniendo a su pueblo en estado de guerra. Confiando en su armamento y en la capacidad de organización para derrotar a un enemigo primitivo el Ejército Británico invade el Territorio Zulú. Durante esa invasión los británicos se darán cuenta que han subestimado el coraje, el valor y la fuerza de su enemigo."
2428,LA MARCA DEL ZORRO,Aventuras,Frank Langella,Ricardo Montalban,Gilbert Roland,Don McDougall,1976,Color,DVD,"No estrenada en salas.
 El retorno de Diego de la Vega a su pueblo natal luego de haber estudiado en España. Ante las injusticias del gobernador español Esteban (Montalbán) adopta una personalidad secreta para corregir la situación."
2423,LA CASA DE JUEGO,Cine Negro,Victor Mature,Terry Moore,William Bendix,Ted Tetzlaff,1950,B&N,DVD,"13-12-1954. Trocadero.
  Por un lado los avatares mafiosos de William Bendix, que regentea una casa de juego y por otro el drama de la inmigración ilegal, tema insólito dentro del cine de la época."
2422,VIDA FACIL,Cine Negro,Victor Mature,Lucille Ball,Lizabeth Scott,Jacques Tourneur,1949,B&N,DVD,"31-05-1950 Trocadero Título local: Ayúdame a vencer.
  Pete Wilson (Mature) tiene el dilema entre abandonar el fútbol americano o seguir jugando aún a riesgo de poner en peligro su vida.
  La duda proviene por que quiere el nivel de vida logrado y poder seguir satisfaciendo las aspiraciones de su esposa (Lizabeth Scott). A ello se suma el drama de Anne (Lucille Ball) secretamente enamorada del jugador."
2424,ENTRE DOS MUJERES,Comedia,Victor Mature,Jean Simmons,Monca Lewis,Roy Rowland,1953,B&N,DVD,"30-08-1954 Trocadero.
  Comeida agridulce sobre el compromiso matrimonial y el universo teatral."
2425,NIEVES TRAIDORAS,Cine Negro,Victor Mature,Piper Laurie,Vincent Price,Louis King,1954,Color,DVD,"11-10-1955 Eliseo.
  Film con acciones de enorme dinamismo ambientada en un hotel de montaña."
2436,VENUS ERA MUJER,Comedia,Ava Gardner,Robert Walker,Dick Haymes,William A Seiter,1948,B&N,DVD,"24-08-1949 Ambassador
   Edie trabaja en unas grandes tiendas cuyo dueño ha adquirido una valiosísima escultura de Venus y se propone dar una fiesta para mostrarla a sus amigos. Eddie debe reparar el mecanismo que descorre las cortinas que la cubren. Emocionado por su belleza, la besa y se produce el milagro, la estatua conbra vida y se convierte en una bellísima mujer que dice ser la diosa Venus. Eddie es acusado de la desaparición de la obra valorada en doscientos mil dólares. Naturalmente la policía no cree en su explicación. Pero Venus está con él para ayudarle."
2434,EL JEFE,Cine Negro,John Payne,William Bishop,Gloria Mcgehee,Byron Haskin,1956,B&N,DVD,"8-04-1957 Central
Al regresar de la Primera Guerra Mundial Matt Brady vuelve a su ciudad y su hermano le consigue trabajo. Cuando este fallece queda al mando de todos los negocios cuasi mafiosos de la ciudad. Pierde a la mujer que amaba y se casa con otra a la que maltrata."
2435,EL GRAN DELITO (Antro de Perdicion),Cine Negro,Scott Brady,Johanna Matz,Raymond Burr,Kurt Neumann,1954,B&N,DVD,"27-08-1957 Rex
  Eve llega a Río de Janeiro después de responder a un anuncio que ofrece trabajo en una agencia de modelos. A poco de llegar se dará cuenta que en realidad es una red de prostitución. Un joven ingeniero trata de ayudar a Eve, pero trabaja para un magnate que en realidad es quien maneja el negocio de trata de blancas."
2433,FURIA DEL TROPICO (El huracán de la vida),Drama,Richard Widmark,Linda Darnell,Veronica Lake,Andre de Toth,1949,B&N,DVD,"22-06-1956. Ambassador
 Un piloto que trabaja para un contrabandista de droga mira para otro lado hasta que una hermosa mujer despierta su conciencia."
2429,EL CASO DE LA MONJA SOSPECHOSA,Policial,Raymond Burr,Barbara Hale,William Katt,Ron Satloff,1986,Color,DVD,"El reconocido abogado Perry Mason defiende, esta vez, a una monja acusada de matar a un sacerdote, el cual estaba investigando el uso indebido de los fondos de la iglesia y con el que ella pudo haber estado teniendo un encuentro romántico.
 No estrenada en salas."
2430,EL CASO DE LA DAMA DEL LAGO,Policial,Raymond Burr,Barbara Hale,William Katt,Ron Satloff,1988,Color,DVD,"Acusan a un famoso tenista, amigo de Perry Mason, que estaba casado con una multimillonaria, del asesinato de esta última con la intención de heredar toda su fortuna. Además, unas horas antes del asesinato, el tenista había sido presionado por su hermano para que le diera una importante cantidad de dinero.
 Telefilm. No estrenada en salas."
2431,EL CASO DEL ASESINO A SUELDO,Policial,Raymond Burr,Barbara Hale,Alexandra Paul,Christian I Nyby II,1989,Color,DVD,"Thatcher Horton, propietario de un estadio deportivo y de un par de equipos en Denver, prometió cuidar de Bobby Spencer, uno de sus jugadores de hockey, si se lesionaba, lo cual no sucedió. Después de que Horton renegara de su promesa lo encontraron muerto. Como el arma del crimen fue hallada en posesión de Bobby, Perry tratará de ayudar a defenderlo.
 No estrenada en salas."
2432,EL CASO DEL ATAUD DE CRISTAL,Policial,Raymond Burr,Barbara Hale,William Moses,Christian I Nyby II,1991,Color,DVD,"David Katz, mago de fama mundial, llega a Denver para actuar en una gala benéfica, a la que también asisten Perry y Della. Perry Mason deberá resolver el extraño caso de una chica que muere durante un truco de magia.
No estrenada en salas."
2437,EL PUENTE DE CASSANDRA,Drama,Burt Lancaster,Sophia Loren,Ava Gardner,George Cosmatos,1976,Color,DVD,"19-05-1977 Censa
En un tren con mil pasajeros un pasajero se ha contaminado de un peligrosísimo virus.
  Mientras se busca hacer llegar algún antídoto se ordena desviar el tren hacia Polonia y un Dr sospecha que en realidad el tren se dirige a una via en desuso en la que se encuentra, en ruinas, el puente de Cassandra."
2443,EL HIJO DE MONTECRISTO,Aventuras,Louis Hayward,Joan Bennet,George Sanders,Rowland Lee,1940,B&N,DVD,"El hijo de Montecristo llega a Lichtenburg en 1865 y encuentra un país deprimido, víctima de un dictador, el Gral Gurko Lanen. Sus problemas comienzan cuando se enamora de Zona, una joven duquesa que está siendo forzada a contraer matrimonio con el tirano y decide intentar ayudarla.
   Es interesante ubicar a Clayton Moore en un papel secundario, años antes de interpretar el papel que lo inmortalizaría: El Llanero Solitario.
  14-05-1941 Trocadero"
2439,EL CIELO CORONADO (Pánico en el aire),Drama,Dana Andrews,Rhonda Fleming,Efrem Zimbalist Jr,Joseph Pevney,1960,Color,DVD,"27-11-1961 Iguazú
Un reactor de la marina vuela hacia el este y un avión de pasajeros rumbo al oeste. La radio del reactor está estropeada. Hay muy poco tiempo para que el contralodar pueda comunicarse con el reactor."
2438,LA SENDA DE LA GUERRA (La bala asesina),Western,Edmond O'Brien,Dean Jagger,Forrest Tucker,Byron Haskin,1951,Color,DVD,"24-06-1953 Rex
John Vickers, un hombre pacífico, consigue dar con uno de los tres hombres que mataron a sus esposa durante el asalto a un banco. Antes de morir, el asesino le confiesa que sus cómplices se unieron al ejército, concretamente al 7° de Caballería al mando del Gral Custer. Convertido en recluta, empieza a sospechar de uno de sus sargentos y se debatirá entre la obediencia al ejército y su venganza personal."
2732,UN MILLON DE AÑOS AC,Ciencia Ficción,John Richardson,Raquel Welch,Percy Herbert,Don Chaffey,1966,Color,DVD,"10-06-1967 Censa
  Un hombres expulsado de su tribu, posteriormente es acogido por otra tribu se seres amistosos y amables dónde se enamorará de una joven Rachel Welch. Juntos intentarán enfrentar una nueva vida con los peligros de animales gigantescos y erupciones volcánicas. Buenos efectos especiales de Ray Harryhausen."
2448,MINNIE CIENTA,Dibujos Animados,Mickey,Minnie,Pluto,Phil Weinstein,2014,Color,DVD,"Para sorprender a Minnie con un regalo especial, Mickey y sus amigos hacen que se distraiga con las tareas del hogar hasta que eligen el regalo perfecto.
 No estrenada en salas"
2449,LA LEY DEL REVOLVER,Western,William Boyd,George Hayes,Russell Hayden,Lesley Selander,1938,B&N,DVD,"La llegada de una Maestra al pueblo donde el caballeresco Hopalong Cassidy tiene su rancho Bar 20, revoluciona la vida de los vaqueros. También irrumpe por allí el cuatrero Sutton quien trata de robar el ganado del rancho.
  No estrenada en salas."
2458,EL DEFENSOR PUBLICO,Cine Negro,Richard Dix,Shirley Grey,Boris Karloff,J.Walter Ruben,1931,B&N,DVD,"21-05-1932 Rex. Título local: El vengador social
  Un justiciero a quien nadie ha visto pero que firma sus acciones como ""The reckoner"" está poniendo cerco a un grupo de hombres de negocios envueltos en la turbia quiebra de un banco.
  El héroe protagonista es considerado por muchos como un claro antecedente del universo de Batman (que nacerá en 1939)."
2453,EL CONQUISTADOR DE MONGOLIA,Aventuras,John Wayne,Susan Hayward,Pedro Armendariz,Dick Powell,1956,Color,DVD,"20-08-1956 Trocadero, Ariel
  El lider de un clan mongol rapta a una bella mujer tártara, se inicia una guerra, para poder afrontarla deberá anexionar mas de 40 clanes mongoles. 
  Esta película fue rodada en un desierto en Utah para asemejar los paisajes de Asia Central. La zona había sido escenario de pruebas nucleares. Posteriormente varias de las grandes figuras del elenco y la producción contrajeron cancer y fallecieron por esa enfermedad:
 Dick Powell, John Wayne, Susan Hayward, Pedro Armendariz, Agnes Moorehead y varios más"
2455,EL REGRESO DE MARY POPPINS,Familiar,Emily Blunt,Lin Manuel Miranda,Ben Whishaw,Rob Marshall,2019,Color,DVD,"24-01-2019. Crupo Cine, Movie.
  Mary Poppins regresa para salvar nuevamente a la familia Banks."
2456,EL ANGEL VESTIA DE ROJO,Drama,Ava Gardner,Dick Bogarde,Joseph Cotten,Nunnally Johnson,1960,B&N,DVD,"9-02-1961 Metro.
  Un sacerdote y una meretriz se conocen durante la Guerra Civil Española (1936-1939). Su relación despertará en ambos los fantasmas del pasado."
2457,DEMASIADO TARDE PARA LAGRIMAS,Cine Negro,Lizabeth Scott,Don Defore,Dan Duryea,Byron Haskin,1949,B&N,DVD,"11-09-1950 Central.
 Una noche el matrimonio Palmer viajan por una carretera en un coche descapotable. Alguien desde otro coche lanza, por error, en el asiento trasero una maleta. Descubren que contiene una abultada suma de dinero. El esposo quiere entregarla a la policía, pero la esposa lo convence de quedársela. Esta decisión les hará vivir una serie de circunstancias y cambiará la suerte del matrimonio."
2450,TARZAN DE LAS FIERAS,Aventuras,Buster Crabbe,Jacqueline Wells,Edward Woods,Robert F. Hill,1933,B&N,DVD,"25-06-1935 Ariel.
 Una joven trata de ubicar a su padre desaparecido en la selva. Tarzán ayudará a localizarlo."
2451,LA NAVE DE LOS CONDENADOS,Aventuras,Alan Ladd,James Mason,Patricia Medina,John Farrow,1952,Color,DVD,"6-12-1954 Iguazú
  A fines del siglo XVIII un grupo de presos son trasladados a Nueva Gales del Sur. Entre los reos se encuentra Alan Ladd, un estudiante de medicina injustamente condenado."
2452,EL FANTASMA DE CHINATOWN,Suspenso,Keye Luke,Grant Withers,Lotus Long,Phil Rosen,1940,B&N,DVD,"Durante una conferencia sobre su reciente expedición al desierto de Mongolia, el Dr John Benton fallece tras beber de un vaso con agua envenenada. Sus últimas palabras son ""fuego eterno"" y ellas son la única pista que tienen el detective chino Wong y el policía Street. La secretaria del Dr Benton, Win Len les revela que esas palabras hacen referencia a un pergamino que Benton descubrió en ese viaje.
 No estrenada en salas."
111,POLLYANNA,Comedia,Jane Wyman,Richard Egan,Hayley Mills,David Swift,1960,Color,DVD,23-12-1963 Censa
116,EL REGRESO DE SABATA,Western,Lee Van Cleef,Reiner Schone,Annabella Incontrera,Frank Kramer (Gianfranco Parol,1971,Color,DVD,"22-06-1973 Coventry
Frank Kramer es el alias de Gianfranco Parolini"
2459,LA ESCUADRILLA DESHECHA,Drama,Richard Dix,Mary Astor,Joel McCrea,George Archainbaud,1932,B&N,DVD,"25-06-1932 Rex. Título local: Moqueteros del aire
  Luego de la primera guerra mundial tres aviadores aceptan un trabajo en el cine. El director por lograr que cada plano sea lo más real posible se comporta como un maniático. Lo que lo conducirá a la locura total es descubir que su mujer está enamorada de uno de los pilotos. Los celos conducirán al director al asesinato."
2460,GIGANTES DEL CIELO,Drama,Richard Dix,Joan Fontaine,Chester Morris,Lew Landers,1938,B&N,DVD,"3-12-1938 Rex. Título local: El coloso del aire
  Dos pilotos de una escuela de aeronautica compiten por el amor de una mujer.
  Una llamada cambiará sus vidas."
2733,VIAJE FANTASTICO,Ciencia Ficción,Stephen Boyd,Raquel Welch,Edmond O'Brien,Richard Fleischer,1966,Color,DVD,"13-05-1967 Censa
 Una tripulación de médicos científicos emprende un viaje a través del cuerpo humano para llegar al cerebro y practicar una delicada operación. Pero primero deberán ser reducidos al tamaño de un microbio."
2496,SIN HONOR (Dos pasiones en pugna),Drama,Laraine Day,Franchot Tone,Dane Clark,Iriving Pichel,1949,B&N,DVD,"8-11-1950 Radio City, Princess.
  Una mujer casada es abandonada por su amante, un cuñado se abusa de la situación."
2462,VIAJE AL MAS ALLA,Terror,Narciso Ibañez Menta,Ventura Ollé,Alicia Orozco,Sebastián D'Arbó,1980,Color,DVD,"Un enigmático personaje, el Dr Meinen, cita en una mansión situada en una de las cumbres de los Pirineos, a una serie de personas cuyo común denominador es haber sido protagonístas de determinados fenómenos paranormales."
2463,LA CABINA,Terror,José L.López Vazquez,Agustín González,Goyo Lebrero,Antonio Mercero,1974,Color,DVD,"Un hombre común entra en una cabina de teléfono. Cuado quiere salir de ella descubre que se ha quedado encerrado. Lo que en principio parece una simple molestia se va convirtiendo en una pesadilla, ya que ni los vecinos ni los bomberos son capaces de sacarlo de allí."
2464,EL ENIGMA DE OTRO MUNDO,Terror,Kenneth Tobey,Margaret Sheridan,Douglas Spencer,Christian Nyby,1951,B&N,DVD,"Un visitante hostil de otro planeta es detectado por una estación de radar situada en el ártico.
24-03-1953 Eliseo"
2461,PANICO EN EL TRANSIBERIANO,Terror,Christopher Lee,Peter Cushing,Alberto de Mendoza,Eugenio Martín,1972,Color,DVD,"Un antropólogo inglés descubre un antropoide congelado en las estepas de Manchuria y decide trasladar los restos a Europa en tren.
  Durante el trayecto la criatura despierta y todos trataran de que no logre escapar del Transiberiano.
25-11-1982 Central"
2486,EL HERMANO DEL HALCON,Policial,George Sanders,Tom Conway,Jane Randolph,Stanley Logan,1942,B&N,DVD,"17-06-1943 Radio City
Gay Lawrence (Sanders) es un detective aficionado conocido como ""El Halcón"". Se entera de que su hermano ha sido asesinado a bordo de un barco procedente de Sud América. El detective comienza a investigar ydescubre que su hermano está vivo."
2465,EL PERRO DE LOS BASKERVILLE,Policial,Richard Roxburgh,Ian Hart,Richard Grant,David Attwood,2002,Color,DVD,"La familia de los Baskerville vive atemorizada por el fantasma de un gigantesco perro. Sherlock Holmes comienza la investigación de la reciente y misteriosa muerte de Sir Charles de Baskerville y los acontecimientos toman un camino inesperado.
TV Filme"
2487,LAS AVENTURAS DE EL HALCON,Policial,Tom Conway,Magde Meredith,Edward Brophy,William Berke,1946,B&N,DVD,"22-01-1948 Radio City
  Cuando un científico descubre una fórmula para crear diamantes sintéticos, un grupo de delicuentes secuestra a su hija para pedir como rescate la valiosa fórmula."
2467,TRAGICA INFORMACION,Cine Negro,Broderick Crawford,Donna Reed,John Derek,Phil Karlson,1952,B&N,DVD,"12-05-1952. Trocadero. Como Pagina Negra.
  El editor de un periódico (Broderick Crawford) orienta su tono editorial hacia el amarillismo. Pero tiene un pasado que ocultar.."
2466,OPERACIÓN ROBINSON (Traición en el alto mando),Comedia,James Mason,Vera Miles,George Sanders,Guy Hamilton,1959,B&N,DVD,"30-09-1960El Polvorin.
   El comandante Max Easton, con fama de aventurero y mujeriego, es enviado a un aburrido destino en oficinas. Planea un ingenioso plan para cobrar notoriedad."
2468,ENEMIGOS DEL REY  \r\nENEMIGOS DEL REY,Aventuras,Jody Lawrence,Gale Robbins,Anthony Quinn,Phil Karlson,1952,Color,DVD,"26-01-1953 Trocadero
 La historia de un desterrado que se parece al rey de su país y tiene que tomar su lugar por problemas de estado."
2469,VICIO Y VIRTUD (El sacrificio de una Maestra),Drama,May Robson,Fred MacMurray,Mary Carlisle,John S. Robertson,1935,B&N,DVD,"28-11-1935 Rex
   Una anciana Maestra ve como los poderosos de la ciudad le hacen el boicot e intentan prejubilarla debido a su cruzada contra los perniciosos negocios del rico del lugar."
2471,ALARMA EN LA FRONTERA,Cine Negro,Fred MacMurray,Claire Trevor,Raymond Burr,William Seiter,1950,B&N,DVD,"27-07-1951 Ambassador
  Madeleine Haley (Trvor) es infiltrada en una banda de traficantes que operan en la frontera con México. Su objetivo es entregar a unode los cabecillas de la banda (MacMurray)"
2472,EL ABANICO DE LADY WINDERMERE,Drama,Jeanne Crain,Madeleine Carroll,George Sanders,Otto Preminger,1949,B&N,DVD,"21-12-1949 California
  La Sra Erlynne, se ha fijado en el Sr Windermere, que ya está casado con una mujer joven y bonita. La esposa descubrirá la relacion de su esposo con Erlynne que le comenta a Lord Darlington, un hombre que tiene interes en ella y la invita a irse juntos."
2470,VIRGINIA,Comedia,Madeleine Carroll,Fred MacMurray,Sterling Hayden,Edward Griffith,1941,B&N,DVD,"24-06-1941 Ambassador.
  Una joven nacida en Virginia vuelve su tierra luego de varios años en el norte."
2454,MAVERICK (3era Temporada),Western,James Garner,Jack Kelly,Kathleen Crowley,Arthur Lubin,1959,B&N,DVD,"Serie TV.
Narra las aventuras de dos hermanos Bart y Bret Maverick por el oeste norteamericano en el siglo XIX."
2538,NACIDA PARA AMAR,Drama,Constance Bennett,Joel McCrea,Paul Cavanah,Paul L. Stein,1931,B&N,DVD,"29-06-1932 Rex
 Bennett es una enfermera londinense durante la primera guerra mundial, se enamora de McCrea, un soldado americano. Le llegan noticias de que su novio ha fallecido. Entones aparece un noble que le propone matrimonio, ella, estando embarazada, acepta.
  Tiempo después de casados el antiguo novio reaparece.
  Este es el primero de varios melodramas filmados por la pareja Bennett-McCrea para la RKO."
3206,ADIOS ALEJANDRA,Comedia,Angel Magaña,Raúl Padovani,María de losAngeles Medrano,Carlos Rinaldi,1973,B&N,DVD,"13-07-1973 Coventry
 Al morir su hermano, un solterón se ve obligado a asumir ante la familia que un hijo natural de aquel es en realidad su hijo."
2478,EL GUION,Suspenso,Narciso Ibañez Menta,Narciso Ibañez Serrador,Marisa de Leza,Narciso Ibañez Serrador,1970,B&N,DVD,"Un ecsritor solitario conoce a una prostituta a la que le ofrece dinero a cambio de que ella le dedique su tiempo y amistad. La mujer comienza a cansarse cuando la economía del hombre decrece. Este decide conseguir dinero a toda costa.
 TV Filme"
2479,LA CAJA OBLONGA,Terror,Vincent Price,Christopher Lee,Rupert Davies,Gordon Hessler,1969,Color,DVD,"31-07-1972 Iguazú como La Caja Siniestra.
  Sir Juliam Markham (Price) mantiene encerrado a su hermano ya que cuando estaba en sus posesiones en Africa un hechicero le deformó la cara. Cuando fallece es enterrado pero estaba en estado cataléptico provocado por un beberaje. Cuando despierta comienza su sangrienta venganza."
2480,EL MILAGRO DE LAS CAMPANAS,Drama,Fred MacMurray,Alida Valli,Frank Sinatra,Iriving Pichel,1948,B&N,DVD,"8-09-1948 Trocadero
  Una artista, pese a saber que está enferma, resuelve finalizar la película que está filmando."
2481,EL FUNDADOR,Drama,Michael Keaton,Nick Offerman,John Carrroll Lynch,John Lee Hancock,2016,Color,DVD,"6-04-2016. Life 21, Movie Montevideo y Portones.
 Esta es la historia de como Ray Kroc, un vendedor de batidoras de Illinois, conoció en 1954 a los hermanos MacDonald cuando regenteaban un restaurant de hamburguesas en California. Impresionado por el sistema rápido de cocina, Kroc visualizó el negocio
de otorgar franquicias. Hábilmente se irá posicionando para quedarse con el negocio y crear el imperio que hoy es McDonald´s."
1672,YO QUIERO VIVIR CONTIGO,Comedia,Alberto de Mendoza,Suzanne Cramer,Enrique Serrano,Carlos Rinaldi,1959,Color,DVD,"Fecha de estreno en Montevideo: 29-09-1960. Censa
   Una pareja recorre Argentina huyendo."
2557,EL ACECHO DEL FANTASMA(El monstruo fatal),Policial,Bela Lugosi,Robert Kent,Dorothy Arnold,Ford Beebe,1939,B&N,DVD,"30-09-1941 En episodios en varias salas.
  Un científico enloquece y quiere dominar el mundo."
3345,GANGSTERS EN LONDRES,Suspenso,Christopher Lee,Marisa Mell,Kalus Kinski,XX,1961,B&N,DVD,
2476,LA ISLA DEL INFIERNO,Cine Negro,John Payne,Mary Murphy,Francis L Sullivan,Phil Karlson,1955,Color,DVD,"5-03-1956 Plaza
  Después de perder su trabajo su trabajo y caer en una profunda depresión, Mike Cormack es contratado para volar a una isla del Caribe y recuperar un rubí desaparecido. Ya en la isla, encuentra a su ex novia que posiblemente está relacionada con la desaparición de la gema."
2477,EL SECRETO DEL PIRATA (Oro del Caribe),Aventuras,John Payne,Arlene Dahl,Cedric Hardwicke,Edward Ludwig,1952,Color,DVD,"10-07-1954 El Polvorín
  En el siglo  XVIII un marino obligado por la vida a convertirse en pirata, busca un aliado para invadir la isla de su enemigo."
2474,PRISIONERA DE SU PASADO (Libertad Condicional),Drama,Lizabeth Scott,Dennis O'Keefe,Jane Greer,John Cromwell,1951,B&N,DVD,"25-01-1955 Eliseo como Libertad Condicional
  Una mujer sale de prisión tras haber cumplido parte de su condena por falsificación de cheques. Al poco tiempo, la joven conoce al prometido de la oficial encargada de su custodia. Finalmente se enamoran."
2490,SE REMATAN ILUSIONES,Comedia,Tito Gomez,José Olarra,Miguel Gomez Bao,Mario Lugones,1944,B&N,DVD,"20-04-1944 Ambassador
  El hijo de un empleado público jubilado se resiste a un destino similar y se asocia con un amigo que creó un nuevo método para hacer bolsas."
2491,FANTASMAS ASUSTADOS,Comica,Rafael Carret,Jorge Luz,Guillermo Rico,Carlos Rinaldi,1951,B&N,DVD,"10-05-1951 Grand Palace, Victory  
   Una bella joven que vive en una mansión ""encantada"" tratará, junto a los muchchachos de desenmascarar a los responsables."
2492,LA ORQUIDEA,Drama,Laura Hidalgo,Santiago Gomez Cou,Felisa Mary,Ernesto Arancibia,1951,B&N,DVD,"6-08-1951 Grand Palace, Ambassador
   Una mujer se casa, tiene una hija. Su marido la abandona y le quita la niña"
2493,LA VOZ DE MI CIUDAD,Musical,Mariano Mores,Diana Maggi,Santiago Gómez Cou,Tulio Demicheli,1952,B&N,DVD,"9-03-1953Ambassador
  La historia de un obrero que ama el tango, estudia música y consigue triunfar como pianista."
2369,"SEIS DIAS , SIETE NOCHES",Comedia,Harrison Ford,Anne Heche,David Schwimmer,Ivan Reitman,1998,Color,DVD,"11-09-1998 Nuevo 18, Plaza Arocena,Punta Carretas, Ejido 3 estrenando la sala."
1904,MAS MUERTO QUE VIVO,Western,Clint Walker,Vincent Price,Anne Francis,Robert Sparr,1969,Color,DVD,"26-10-1970 Central.
Estrena como ""Pistola con doce cruces""
  La historia aborda el intento de cambio de vida al salir de la carcel. Esto es lo que sucede a Clint Walker, que una vez liberado, notará que las cosas han cambiado.
  Destacada actuacion de Vincent Price."
3178,LA CUNA VACIA,Drama,Angel Magaña,Nelly Duggan,Orestes Caviglia,Carlos Rinaldi,1949,B&N,DVD,"8-06-1949 Grand Palace
 La pasión de un médico, el Dr Ricardo Gutiérrez, por la defensa social de la salud de los niños.
 Gran éxito de taquilla en su momento,"
2528,EL TIEMPO ENTRE COSTURAS,Drama,Adriana Ugarte,Peter Vives,Tristan Ulloa,Iñaki Mercero,2013,Color,DVD,"La joven modista Sira Quiroga abandona Madrid, en los meses previos a la guerra civil, arrastrada por el amor hacia un hombre a quien apenas conoce. Con él se instala en Tanger, una ciudad exótica y vibrante donde todo puede pasar. Incluso la traición.
 Serie TV."
511,"MARGARITA,ARMANDO Y SU PADRE",Comedia,Florencio Parravicini,Mecha Ortiz,Pedro Quartucci,Francisco Mugica,1939,ByN,DVD,"Sin concesiones, de limpia factura y diálogos brillantes, este film, el primero de Francisco Mugica, recibió una distinción en el Festival de Venecia por la profundidad psicológica de las situaciones (sorprendentemente evolucionadas para la época). La trama remite a ""La Dama de las Camelias"", aunque utilizando un punto de vista novedoso y moderno, y se apoya en las interpretaciones de la ascendente Mecha Ortiz y ese señor de la escena que fue Florencio Parravicini.
Fecha de estreno en Montevideo: 4 de julio de 1939. Cine Radio City"
2482,SIGAMOS LA FLOTA,Musical,Fred Astaire,Ginger Rogers,Randolph Scott,Mark Sandrich,1936,B&N,DVD,"1-08-1936 Rex
  Unos marineros de permiso llegan a una sala de baile y uno de ellos se reencuentra con una antigua pareja."
2483,THE WEST POINT STORY,Musical,James Cagney,Virginia Mayo,Doris Day,Roy Del Ruth,1950,B&N,DVD,"Un director es llamado a West Point para montar un acto con los cadetes.
  No se estrenó en salas de Uruguay"
2498,NACIDA PARA EL MAL,Cine Negro,Joan Fontaine,Robert Ryan,Zachary Scott,Nicholas Ray,1950,B&N,DVD,"5-09-1951 Trocadero
  Bajo una apariencia angelical una mujer esconde ambiciones, es fria y calculadora.Pone en práctica todo tipo de argucias para conseguir sus propósitos."
2484,"UNO, DOS, TRES",Comedia,James Cagney,Horst Bucholz,Pamela Tiffin,Billy Wilder,1961,B&N,DVD,"3-09-1962 Trocadero
  El Gerente de Coca Cola en Berlín occidental tiene que hacerse cargo de la hija del Gerente General de visita en Alemania."
2485,EXTRAÑO INTERLUDIO,Drama,Norma Shearer,Clark Gable,Alexander Kirkland,Robert Z. Leonard,1932,B&N,DVD,"21-06-1934 Teatro Artigas
  Nina está casada con un hombre a quien no quiere demasiado y tiene un hijo de una relación adúltera con Clark Gable."
2489,JUNGLE CRUISE,Aventuras,Dwayne Johnson,Emily Blunt,Jesse Plemons,Jaume Collet-Serra,2021,Color,DVD,"29-07-2021 GrupoCine Ejido,P Carretas, Life, Movie Center Montevdieo, NuevoCentro, Portones, P Carretas.
 Una emocionante aventura por el Amazonas"
2499,EL PIRATA DE LOS SIETE MARES,Aventuras,John Payne,Donna Reed,Gerald Mohr,Sidney Salkow,1953,Color,DVD,"5-10-1953 Trocadero
  Un conocido pirata escapa de una prisión. Con otros prisioneros logra capturar un galeón. Luego de varios éxitos se enfrentará a la armada española."
2500,EL DIRIGIBLE,Drama,Laura Schneider,Marcelo Buquet,Ricardo Espalter,Pablo Dotta,1994,Color,DVD,"22-07-1994 Central.
Una joven periodista francesa, convoca a la prensa y anuncia el regreso al país del escritor Juan Carlos Onetti. Pero las imágenes, que dice tener del reportaje, le son sustraidas con su cámara."
2495,VIDAS MARCADAS,Policial,George Rigaud,Mecha Ortiz,Sebastian Chiola,Daniel Tinayre,1942,B&N,DVD,"26-11-1942 Ambassador.
  Dos fulleros se enfrentan por una mujer.
Remake de Monte Criollo"
2501,BARBA AZUL,Suspenso,John Carradine,Jean Parker,Nils Ashther,Edgar G. Ulmer,1944,B&N,DVD,"22-11-1945 Ambassador
Un peligroso asesino conocido como Barba Azul tiene atemorizados a los habitantes de París."
2502,EXTRAÑA ILUSION,Cine Negro,James Lydon,Sally Eilers,Warren William,Edgar G. Ulmer,1945,B&N,DVD,"Un joven tiene un sueño todas la noches donde ve a su madre enamorándose de un hombre. Averiguará las causas del fallecimiento de su padre. Lo que en principio era un accidente se torna en un trágico crimen.
  No estrenada en salas en Montevideo."
2503,TRAICION (El Insaciable),Cine Negro,Zachary Scott,Louis Hayward,Diana Lynn,Edgar G. Ulmer,1948,B&N,DVD,"18-10-1949 Eliseo
Un generoso filántropo es en realidad un hombre de una codicia sin límites y una afición desmedida a enamorar y abandonar mujeres."
1300,DETOUR,Cine Negro,Tom Neal,Ann Savage,Claudia Drake,Edgar G. Ulmer,1945,B&N,DVD,"Al Roberts (Tom Neal)es pianista en un cabaret de infima categoría. Su vida cambiará a pesadilla cuando intenta un viaje en auto stop hasta Los Angeles donde vive su novia.Una persona lo regoge pero muere en extrañas circunstancias. El prosigue el viaje en el auto del fallecido, se encuentra con una astuta y pérfida mujer que lo arrastra a la tragedia.
""La mejor película de serie B de todos los tiempos"" Peter Bogdanovich
""El Film Noir por excelencia"" Christopher Nolan
""Detour no se convirtió en un éxito debido a su final plano y a su montaje de producción de bajo prespuesto. Con todo, las excelentes actuaciones y una dirección y unos diálogos a la altura mantienen el melodrama en movimiento"" Variety
No se estrenó en salas en Montevideo hasta el 15-10-2021 en Cine Universitario."
1414,ANIBAL,Histórica,Victor Mature,Gabriele Ferzetti,Rita Gam,Edgar G. Ulmer,1959,Color,DVD,Fecha de estreno en Montevideo: 23-10-1961 Cine Iguazú
2504,EL HIJO DE LA CALLE,Drama,Andrés Poggio,Carmen Valdez,Ma Concepción César,Leopoldo Torres Ríod,1948,B&N,DVD,"3-05-1949 Coventry
Un niño vende diarios para ayudar a su madre mientras su padre está en la carcel."
2505,LOS PEORES DEL BARRIO,Comedia,Rafael Carret,Jorge Luz,Guillermo Rico,Julio Saraceni,1955,B&N,DVD,"24-10-1955 Ambassador
Una vecina insiste a su marido para que desaloje a los intergrantes de un modesto club de barrio."
2506,ESTE LOCO VERANO,Comedia,Los Iracundos,Eduardo Fasulo,Roberto Carnaghi,Fernando Arce,1970,Color,DVD,"28-05-1970 Trocadero
  Un grupo pop es perseguido por una banda de delincuentes por la posesion del botín de un robo."
2508,EL PROFESOR HIPPIE,Comedia,Luis Sandrini,Soledad Sylveira,Roberto Escalada,Fernando Ayala,1969,Color,DVD,"18-10-1969 Plaza
 Un Profesor de Secundaria de mentalidad evolucionada se gana el cariño de sus alumnos y la antipatía de sus superiores.
  De gran éxito en su estreno. Sandrini se repite una vez más, pero con toques de actualidad."
2507,LA PULGA EN LA OREJA,Comedia,Zulma Faid,Tristán,Ignacio Quirós,Francisco Guerrero,1981,Color,DVD,"7-12-1989 Central
 Un hombre soltero, que vive con sus tíos sufrirá una serie de enredos por un calzoncillo olvidado"
2509,EL PROFESOR PATAGONICO,Comedia,Luis Sandrini,Gabriela Gili,Pedro Quartucci,Fernando Ayala,1970,Color,DVD,"2-10-1970 Plaza
 Un Profesor hippie es trasladado a la Patagonia. Allí traba relación con un cura."
2510,EL PROFESOR TIRABOMBAS,Comedia,Luis Sandrini,Beatriz Taibo,Roberto Escalada,Fernando Ayala,1972,Color,DVD,"13-10-1972 Plaza.
   El ex profesor hippie y patagónico regresa a Buenos Aires para jubilarse, pero vuelve a la docencia y participa en una huelga estudiantil.
  Ultima película de Roberto Escalada."
2511,UN VIAJE DE LOCOS,Comedia,Donald,Carlos Perciavalle,Antonio Gasalla,Rafael Cohen,1973,Color,DVD,"8-11-1974 Censa.
   Dos chicas que ganan un concurso de belleza y el premio es un viaje a Bariloche."
2512,LA CASA DE QUIROS,Comedia,Luis Sandrini,Alicia Vignoli,Hector Quintanilla,Luis Moglia Barth,1937,B&N,DVD,"22-10-1937 Ariel
  Un muchacho enamorado debe enfrentarse al severo y anticuado padre de la chica."
2513,EL EXTRAÑO CASO DE LA MUJER ASESINADA,Comedia,Maria Duval,George Rigaud,Malisa Zini,Boris H. Hardy,1949,B&N,DVD,"14-02-1950 Coventry
   Una mujer aficionada al espiritismo y descuidada por su esposo, entabla relación (primero onírica, después amorosa, al final metafísica) con un industrial norteamericano."
2514,LA INDUSTRIA DEL MATRIMONIO,Comedia,Tita Merello,Angel Magaña,Antonio Prieto,Enrique Carreras,1965,B&N,DVD,"10-05-1965 Plaza
  Tres historias en torno a los intermediarios del matrimonio."
2515,LO MEJOR DE LA VIDA,Comedia,Ginger Rogers,Douglas Fairnanks Jr.,Lucille Ball,Alfred Santell,1938,B&N,DVD,"11-10-1938 Radio City con el título ""El mundose divierte""
  Una stresada oficinista de New York decide pasarse una vacaciones en las montañas para olvidar el ruido, ocupaciones y el ajetreo de una gran ciudad. Allí conocerá a un hombre del que se enamora."
2516,LOS APUROS DE SALLY,Comedia,Lucille Ball,Eddie Albert,Carl Benton Reid,Lloyd Bacon,1950,B&N,DVD,"30-04-1951 Trocadero.
Titulo local: ""Pelirroja enamorada""
   Sally (Lucille Ball) consigue trabajo en una compañía que vende cosméticos a domicilio. Se verá involucrada en un crimen."
2517,LA MUJER DE FUEGO,Western,Joel McCrea,Veronica Lake,Don de Fore,André de Toth,1947,B&N,DVD,"19-05-1949. Metro
  En una comarca del medio oeste americano se produce la guerra entre criadores de ganado y de ovejas.
  Connie, la hija de un ganadero, está enamorada de un ovejero."
2518,SU PROPIA VIDA,Drama,Lana Turner,Ray Milland,Tom Ewell,George Cukor,1950,B&N,DVD,"30-07-1951
Título local Páginas de mi vida
Lily es una mujer que llega a Nueva York con el propósito de convertirse en modelo. Las cosas le irán bien y ascenderá. También se sentirá atraida por Steve, un hombre que está casado con una mujer que ha quedado inválida."
2519,CAMINO DE ESPINAS,Drama,Ida Lupino,Dennis Morgan,Joan Leslie,Vincent Sherman,1943,B&N,DVD,"25-02-1943 Ambassador.
Título local: La sombra de una mujer.
  La ambiciosa Helen Chermen empuja a su joven hermana Katherine a casarse con un frustrado artista de variedades para así ambas puedan abandonar la ciudad donde viven. El socio del artista intuye el plan de Helen."
2520,JOHNNY ALLEGRO,Cine Negro,George Raft,Nina Foch,George Macready,Ted Tetzlaff,1949,B&N,DVD,"28-11-1949. Trocadero
   Johnny Allegro regentea una florería cuando una mujer le pide ayuda para escapar de unos hombres que la persiguen. Pero Johnny no es quien parece ser, tiene un pasado oscuro y cuentas pendientes con la justicia, por lo que la policía le propone un trato:olvidar su pasado a cambio de información sobre los negocios de la misteriosa mujer."
2521,RIFF-RAFF,Cine Negro,Pat O'Brien,Walter Slezak,Anne Jeffreys,Ted Tetzlaff,1947,B&N,DVD,"28-07-1948. Trocadero
   Estamos en Panamá. El detective privado Dan Hammer es contratado por el norteamericano Charles Hasso para que sea su guardaespaldas por 48 horas. Al poco tiempo Hammer recibe otro sorprendente encargo: encontrar a toda costa a un tal Charles Hasso!."
2522,PANDORA Y EL HOLANDES ERRANTE,Drama,Ava Gardner,James Mason,Nigel Patrick,Albert Lewin,1950,Color,DVD,"8-05-1952 Metro.
  Pandora es una mujer de una belleza arrebatadora. Parece incapaz de amar o corresponder a sus sentimientos. Todo cambia cuando aparece en su vida Hendrick un misterioso marinero cuyo espíritu está condenado a vagar sin rumbo hasta el día que encuentre una mujer que muera de amor por él."
2523,FRUTILLA,Comedia,Osvaldo Miranda,Mercedes Carreras,Carlos Vanoni,Enrique Carreras,1980,Color,DVD,"No estrenada en Uruguay
  Una joven catamarqueña viaja a Buenos Aires soñando con ser actriz y lo logra."
2524,LA PICARA CENICIENTA,Comedia,George Rigaud,Margot Cottens,Osvaldo Miranda,Francisco Mugica,1951,B&N,DVD,"23-06-1953 Victory
   Una joven enamorada de un escritor debe guarecerse en su casa un día de lluvia."
2525,FURIA EN LA ISLA,Drama,Libertad Leblanc,Enzo Viena,Zelmar Gueñol,Oscar Cabeillou,1976,Color,DVD,"No estrenada en salas de Uruguay.
    Una hermosa mujer que vive en una isla del delta del Tigre es asediada constantemente por los hombres."
2526,SOCIOS PARA LA AVENTURA,Comedia,Ana Luisa Peluffo,Alberto de Mendoza,Ramón Gay,Miguel Marayta,1958,B&N,DVD,"22-09-1958 Coventry
  Una campeona de natación se ve envuelta en una intriga internacional."
2527,BARRIO GRIS,Drama,Alberto de Mendoza,Carlos Rivas,Mario Soffici,Mario Soffici,1954,B&N,DVD,"18-04-1955 Plaza
 Para salir de la vida de un barrio carenciado, un muchacho débil de carácter toma por el mal camino."
2529,MARIA DE LOS ANGELES,Drama,Mecha Ortiz,Enrique Alvarez Diosdado,Bernardo Perrone,Ernesto Arancibia,1948,B&N,DVD,"19-04-1949 Coventry
   Romance de una criolla y un español en 1825 después de la victoria de Ayacucho."
2530,TIERRA DEL FUEGO,Drama,Pedro López Lagar,Sabina Olmos,Mario Soffici,Mario Soffici,1948,B&N,DVD,"14-01-1949 Grand Palace
  Dos antiguos amigos, uno lobero y otro cura, se enfrentan en la tierra del fuego."
2531,PIMIENTA,Comedia,Luis Sandrini,Lolita Torres,Ubaldo Martínez,Carlos Rinaldi,1966,Color,DVD,"20-03-1967 18 de julio
  Un tío solterón queda a cargo de los sobrinos, ya que su hermano viaja con otra mujer."
2532,LOS VAMPIROS LOS PREFIEREN GORDITOS,Comedia,Jorge Porcel,Elizabeth Killian,Adolfo García Grau,Gerardo Sofovich,1974,Color,DVD,"5-04-1974 Censa
  Un botones de hotel se ve enfrentado a un grupo mafioso y al mismísimo Conde Drácula."
2533,MINGO Y ANIBAL EN LA MANSION EMBRUJADA,Comedia,Juan C. Altavista,Juan Carlos Calabró,Tristán,Enrique Carreras,1986,Color,DVD,"8-01-1987 ABC
  Desde el vivero donde trabajan Mingo y Anibal deben cumplir con sus servicios en una mansión supuestamente embrujada.
  Los dos cómicos en clave de miedo, como tantos otros."
2534,LA VIDA VALE MAS,Drama,Sidney Poitier,Anne Bancroft,Telly Savalas,Sydney Pollack,1965,B&N,DVD,"22-06-1967 Ariel
  Sidney Poitier es voluntario en un centro de ayuda. Una noche en que está solo en el centro, recibe la llamada de una mujer que le dice que se ha intentado suicidarse tomando somniferos."
2535,AMIGOS BAJO EL SOL,Western,Joel McCrea,Dean Stockwell,Chill Wills,Kurt Neumann,1951,Color,DVD,"10-12-1952. Radio City. Título local: Nobleza vaquera.
 Un niño rico y caprichoso, hijo del dueño del ferrocarril que pasa por Santa Fé, durante una parada del tren en que viaja se distrae y queda solo lejos de cualquier centro poblado. Camina sin rumbo hasta que se encuentra con un vaquero que está detrás de un hermoso caballo."
2536,EL MEJOR DE LOS MALVADOS,Western,Robert Ryan,Claire Trevor,Lawrence Tierney,William D.Rusell,1951,Color,DVD,"23-12-1952 Eliseo
  Un mayor del ejército de la Unión, tras la guerra civil, quiere convencer a un grupo de soldados confederados para que depongan sus armas y aceptan jurar la Constitución."
2537,LOS VENGANDORES,Western,William Holden,Ernest Borgnine,Susan Hayward,Daniel Mann,1972,Color,DVD,"1-01-1973 Ariel
   Un ranchero al regresar a sus tierras descubre que su familia ha sido asesinada por unos guerreros comanches. La sed de venganza lo lleva a liberar seis delincuentes recluidos en una carcel mejicana  para que le ayuden a dar con el culpable."
2539,CORAZON DE HIELO,Cine Negro,James Cagney,Barbara Payton,Helena Carter,Gordon Douglas,1950,B&N,DVD,"8-03-1954 Plaza
Después de fugarse de la carcel, un asesino (Cagney), perpetra una secuela de crímenes acompañado por una chica que lo ama. Ella se enterará que ha asesinado a su hermano y buscará venganza."
2540,BOMBARDEROS EN PICADA,Bélica,Errol Flynn,Fred MacMurray,Ralph Bellamy,Michael Curtiz,1941,B&N,DVD,"4-03-1942 Trocadero
  Un médico y un piloto investigan los mareos que sufren los pilotos cuando vuelan a gran altura."
2541,EL CALLEJON DE LAS ALMAS PERDIDAS,Cine Negro,Bradley Cooper,Cate Blanchett,Toni Collette,Guillermo del Toro,2021,Color,DVD,"27-01-2022 Grupo Cine P Carretas y Torre de los profesionales
                  Life P Carretas
                  Movie Montevideo, portones
  Un manipulador de feria se asocia con una psquiatra inescrupulosa."
2542,PASION EN LA SELVA,Drama,Gregory Peck,Joan Bennett,Robert Preston,Zoltan Korda,1947,B&N,DVD,"7-04-1948 Trocadero. Título local: Muerte en el corazón.
   Narra los conflictos surgidos entre un guía de safari en Africa y un matrimonio que lo contrata."
2543,PUNTO DE RUPTURA,Cine Negro,John Garfield,Patricia Neal,Phyllis Thaxter,Michael Curtiz,1950,B&N,DVD,"2-08-1954 Iguazú. Título local: Su último recurso
   El dueño de un yate, asustado por sus dificultades económicas, acepta un viaje con un grupo de gangsters que tratan de escapar de la policía."
2544,LAS NIEVES DEL KILIMANJARO,Drama,Gregory Peck,Ava Gardner,Susan Hayward,Henry King,1952,Color,DVD,"21-05-1953 Censa
  Herido en una pierna un hombre recuerda su vida y sus amores pasados junto a su esposa y tiene pocas esperanzas de sobrevivir."
2545,DESIERTO PINTADO,Western,William Boyd,Helen Twelvetrees,Clark Gable,Howard Higgin,1931,B&N,DVD,"No estrenada en salas en Montevideo.
 Jeff y Cash, vecino y viejos amigos, encuentran un bebé en un campamento abandonado. Al querer quedarse los dos con el niño, se enfrentan por primera vez y la enemistad perdurará por muchos años. Cash es quien adoptará al bebé. De mayor intentará que los dos vecinos se reconcilien."
2546,LA CALLE DE LOS CONFLICTOS,Western,Randolph Scott,Ann Dvorak,Rhonda Fleming,Edwin L. Marin,1946,B&N,DVD,"6-12-1946 Coventry
  En la ciudad de Abilene, en Kansas, las tensiones entre sus habitantes han creado una ola de violencia que la gente debe aceptar para poder prosperar. El problema principal es el conflicto entre los ganaderos y los agricultores que ocupan tierras libres. A estos problemas deberá enfrentarse el comisario Randolph Scott"
2547,LA PRIMERA AMETRALLADORA DEL OESTE,Western,Dean Martin,Brian Keith,Carol White,Andrew V McLaglen,1971,Color,DVD,"24-08-1973. Título local: El Capitán de los renegados.
  Joe Baker tiene un sueño, pero para cumplirlo necesita una ametralladora. Un delicuente le ofrece un trato: el precio es que le consiga una mujer. Baker secuestra a una pasajera de una diligencia pero no sabe que es la esposa del comandante del fuerte de caballería local."
2548,MIS SIETE HIJOS,Comedia,Bob Hope,Milly Vitale,George Tobias,Melville Shavelson,1955,Color,DVD,"26-02-1958 El Polvorin
  Tras la muerte de su esposa un actor de vodeville incorpora a su número a sus siete hijos y se los lleva de gira."
2549,RIO DE PLATA,Western,Errol Flynn,Ann Sheridan,Thomas Mitchell,Raoul Walsh,1948,B&N,DVD,"12-10-1949 Ambassador. Título local: Sangre y Plata
  Cuando Mcomb es expulsado del ejército se convierte en jugador profesional. Audaz y cínico manipulador de voluntades y situaciones logra montar un imperio minero."
2550,MUERTE EN EL NILO,Policial,Kenneth Branagh,Tom Bateman,Annette Bening,Kenneth Branagh,2022,Color,DVD,"10-02-2022. Grupo Cine, Movie
   Hercules Poirot planea unas vacaciones en Egipto hasta que en el barco que recorre el Nilo se produce un asesinato."
2551,CUENTO DE ALDEA,Drama,Randolph Scott,Kay Johnson,Robert Barrat,John Cronwell,1935,B&N,DVD,"Drama rural en el que se intentan denunciar las envidias y falsedades propias de los pueblos pequeños, en los que casi nadie puede mover un dedo sin que el vecino se entere. Un jovencísimo Randolph Scott encabeza el reparto.
  No estrenada en salas en Montevideo."
2552,ADIOS A LAS ARMAS,Drama,Rock Hudson,JenniferJones,Vittorio de Sica,Charles Vidor,1957,Color,DVD,"5-05-1958 Trocadero, Radio City, Ariel, Eliseo
Primera Guerra Mundial. Un periodista norteamericano se alista como voluntario en el Cuerpo de Ambulancias italiano."
2558,EL GATO NEGRO (Satanás),Suspenso,Boris Karloff,Bela Lugosi,David Manners,Edgar G. Ulmer,1934,B&N,DVD,"10-09-1935 Ariel
Tras quince años de ausencia, un médico va visitar al amigo que lo traicionó y le arrebató a su mujer y su hija dispueto a vengarse.
  Primer encuentro en la pantalla de Boris Karloff y Bela Lugosi.
  Fue dirigida por Edgar G. Ulmer, el director de Detour entre otras muy buenas películas."
2554,EL VIEJO Y EL MAR,Drama,Spencer Tracy,Felipe Pazos,Harry Bellaver,John Sturges,1958,Color,DVD,"24-08-1959. 18 de Julio
La aistad entre un anciano pescador y un niño."
2555,CODIGO DEL HAMPA,Cine Negro,Lee Marvin,Angie Dickinson,John Cassavetes,Donald Siegel,1964,Color,DVD,"25-01-1965 Censa. Los Asesinos
  Dos asesinos reciben el encargo de acabar con la vida de un antiguo piloto de carreras"
2556,CUANDO SE TIENEN 20 AÑOS,Drama,Richard Beymer,Diane Baker,Corinne Calvet,Martin Ritt,1962,Color,DVD,"10-01-1963. Censa. Estrenada en Uruguay como ""El valor de ser hombre""
  Nick se alista en el ejército italiano como conductor de ambulancias. Durante a guerra conocerá el amor."
2553,FIESTA (Y ahora brilla el sol),Drama,Tyrone Power,Ava Gardner,Errol Flynn,Henry King,1957,B&N,DVD,"19-02-1958 Radio City
 Un hombre vaga sin rumbo por Europa en busca de emociones que compensen su impotencia causada por heridas de guerra."
2565,LA MANO EN LA TRAMPA,Drama,Elsa Daniel,Francisco Rabal,Leonardo Favio,Leopoldo Torre Nilson,1961,B&N,DVD,"9-05-1961 Trocadero
   La curiosidad de una jovencita sobre su tía encerrada en el ático y la relación con un play boy maduro que le hará revivir la historia de su tía."
2559,WAKOLDA,Suspenso,Alex Brendemühl,Natalia Oreiro,Diego Peretti,Lucia Puenzo,2013,Color,DVD,"13-03-2014 Movie Montevidep, Life Alfabeta y P. Carretas, Casablanca.
 En la zona cercana a Bariloche un joven matrimonio reabre una posada. Alojan a un Médico que está de paso  pero que conoce a varios integrantes de la colonia alemana que vive en la zona."
2574,EL PASO DE LA MUERTE,Bélica,Alan Ladd,Sidney Poitier,James Darren,Hall Bartlett,1960,B&N,DVD,"30-01-1961 Plaza. Título local: Los Invictos.
   Durante la guerra de Corea un comando norteamericano es cercado por el enemigo en una pequeña granja junto a un desfiladero. El teniente al mando muere y los sustituye el Sargento Towler de raza negra. Algunos soldados se niegan a obedecer sus órdenes. Finalmente comprenderán que deben luchar unidos para vencer al enemigo."
2575,INTRIGA EXTRANJERA,Suspenso,Robert Mitchum,Genevieve Page,Ingrid Thulin,Sheldon Reynolds,1956,Color,DVD,"17-12-1956 Trocadero
  Un norteamericano se encuentra en la Riviera francesa investigando la muerte de la persona para la que trabajaba. Finalmente llega a la conclusión de que el magnate había mantenido vínculos con los nazis durante la Segunda Guerra Mundial."
2576,BEAU GESTE,Aventuras,Guy Stockwell,Doug McLure,Telly Savalas,Douglas Heyes,1966,Color,DVD,"27-03-1967 Central
 Michael Geste abandona Inglaterra y se enrola en la Legión Extrajera francesa. Luchará en el desierto contra los árabes."
2577,LA HORA FINAL,Drama,Gregory Peck,Ava Gardner,Fred Astaire,Stanley Kramer,1959,B&N,DVD,"7-04-1960 Censa
  La vida de sobrevivientes luego de una guerra nuclear."
2674,DILIGENCIA La historia de Texas Jack,Western,Trace Adkins,Judd Nelson,Kim Coates,Terry Miles,2016,Color,DVD,"Ya retirado de su vida de pistolero y felizmente casado un hombre es acosado por un marshall que conoce su pasado.
 No estrenada en salas en Uruguay"
2561,DE HOMBRE A HOMBRE,Drama,Enrique Muiño,Tito Alonso,Norma Jimenez,Hugo Fregonese,1949,B&N,DVD,"27-12-1949 Grand Palace
   Para ayudar a un amigo, el hijo de un severo Profesor lo reemplaza en un examen. Al ser descubierto, se suicida por la presión de su padre. El Profesor tratará de reeducar al amigo."
2562,ME CASE CON UNA BRUJA,Comedia,Fredric March,Veronica Lake,Susan Hayward,Rene Clair,1943,B&N,DVD,"Un hechicero y su hija son condenados a la hoguera en el año 1672.
 Maldicen al juez que los condenó por lo que todos los matrimonios de su familia serán desdichados. Siglos después ambos brujos tomarán cuerpos físicos y tratarán que un descendiente del juez Wooley no se case.
  Hermosa comedia que recibió una nominación al Oscar en 1943.
  10-11-1943 Trocadero"
2563,REPORTAJE EN EL INFIERNO,Drama,Osvaldo Miranda,José Cibrián,Nélida Bilbao,Román Viñoly Barreto,1951,B&N,DVD,"27-07-1961 Paris. Producción 1951
   Un periodista obsesivo es internado en una clínia psiquiatrica dónde ocurren varios asesinatos.
   Es la última pelicula estrenada y producida por Lumiton. Y la última de María Esther Buschiazzo."
2662,MI BELLO LEGIONARIO,Comedia,Ann Margret,Michael York,Peter Ustinov,Marty Feldman,1977,Color,DVD,"Esta es la historia de dos hermanos bien avenidos: uno es  guapo y el otro es bueno, de corazón tierno. Ambos se alistarán en La Legión extranjera.
 Estreno: 2-05-1978 Plaza. Título local: La más loca aventura de Beau Geste."
2578,EL VALLE DE LOS CANIBALES,Aventuras,Johnny Weissmuller,Christine Larson,Robert Foulk,William Berke,1953,B&N,DVD,"19-10-1954 Victory
 Aventuras de Jim en Africa."
2567,LA DISCOTECA DEL AMOR,Comedia,Tincho Zabala,Ricardo Darín,Stella Maris Lanzani,Adolfo Aristarain,1980,Color,DVD,"06-11-1980 Central
  Un detective, su ayudante y un grupo de delincuentes en una aventura policial sobre la piratería de temas musicales."
2579,VERANEO EN MAR DEL PLATA,Comedia,Rafael Carret,Jorge Luz,Guillermo Rico,Julio Saraceni,1954,B&N,DVD,"19-10-1954 Coventry
  Los muchachos filman una película en Mar del Plata."
2566,LA CIGARRA ESTA QUE ARDE,Comedia,Fidel Pintos,Juan Carlos Mareco,Olinda Bozán,Lucas Demare,1967,B&N,DVD,"13-04-1967 Ariel
  Diferentes situaciones entre parejas en un hotel de alta rotatividad.
 Algunas situaciones cómicas y otras pasadas de moda."
2568,"JOHNNY TOLENGO, EL MAJESTUOSO",Comedia,Juan Carlos Calabró,Noemí Alán,Guillermo Francella,Gerardo Sofovich,1987,Color,DVD,"16-09-1987 ABC
  En plena fama Johnny Tolengo tiene problemas con la mafia."
2569,EL ESPEJO DE LOS OTROS,Comedia,José Cibrián (h),Graciela Borges,Norma Aleandro,Marcos Carnevale,2015,Color,DVD,"03-09-2015 Grupo Cine, Movie
  Cenáculo es un restaurant único que se encuentra entre la ruinas de una catedral gótica. Todas las noches ofrece una ""última cena"". Nadie viene a disfrutar de la comida, los vinos o la música. Los comensales que asisten transforman sus vidas. Por Cenáculo pasa el amor, la vida, la muerte, la codicia, la soledad.
  Buena comedia negra."
2570,KAPLAN,Comedia,Héctor Noguera,Nestor Guzzini,Rolf Becker,Alvaro Brechner,2014,Color,DVD,"07-08-2014 Life, Grupo Cine, Movie
  Aburrido de su vida monótona, Jacobo Kaplán, jubilado, es invadido por la angustia. En un balneario un anciano alemán le despierta las sospechas de que puede ser un fugitivo nazi. Con la ayuda de un ex policía se lanza a desenmascarar y llevar al alemán a la justicia en una alocada investigación."
2580,EL TERCER HUESPED,Policial,Pepe Iglesias,Miguel Gómez Bao,Virginia Luque,Eduardo Boneo,1946,B&N,DVD,"3-07-1947 Rex
   Un financista amenazado es suplantado por un vendedor, idéntico en lo físico, durante un viaje en tren."
2571,FORASTEROS EN NUEVA YORK,Comedia,Goldie Hawn,Steve Martin,John Cleese,Sam Weisman,1999,Color,DVD,"15-10-1999 Ejido, P. Carretas, Movie Portones.
  Las desventuras de un matrimonio que va a Nueva York por una entrevista de trabajo para el marido."
2572,UN PEQUEÑO CAMBIO (Papá por accidente),Comedia,Jennifer Aniston,Jason Bateman,Juliette Lewis,Josh Gordon y Will Speck,2010,Color,DVD,"26-10-2010 Movie Center Mdeo y Portones, Hoyts, Alabeta, Punta Carretas
  Una mujer próxima a los 40 años al no tener marido recurre a la inseminación. Siete años después vuelve a Nueva York y se reencuentra con su inseguro mejor amigo. Este comenzaráa sentir una fuerte atracción por el pequeño hijo."
2581,LA VIDA INTIMA DE MARCO ANTONIO Y CLEOPATRA,Comedia,Luis Sandrini,Ma Antonieta Pons,Victor Junco,Roberto Gavaldon,1947,B&N,DVD,"2-10-1947 Ambassador
   Un falso adivino utiliza a su ayudante Marco Antonio como médium para invocar al difunto esposo de una clienta, pero quien se aparece es el general romano Marco Antonio. Cuando el espíritu de este se va, extrañamente su homónimo del siglo XX (Sandrini) es trasladado en el tiempo a la antigua Roma y conocerá a Cleopatra."
2582,EL VAMPIRO NEGRO,Drama,Olga Zubarry,Roberto Escalada,Nathan Pinzón,Román Viñoly Barreto,1953,B&N,DVD,"17-03-1954 Coventry
  Un asesino de niñas atemoriza una ciudad."
2583,LA MUJER DE LAS CAMELIAS,Drama,Zully Moreno,Carlos Thompson,Santiago Gomez Cou,Ernesto Arancibia,1953,B&N,DVD,"24-08-1953 Coventry, Rex
  Una mujer de vida fácil se enamora de un joven pianista. El padre de él le pedirá que lo abandone."
2584,"RITMO, AMOR Y PRIMAVERA",Musical,Cacho Castaña,Monica Gonzaga,Tincho Zabala,Enrique Carreras,1981,Color,DVD,"9-04-1981 Radio City
   Tres muchachos y tres chicas que quieren triunfar en TV son ayudados por su tío.
   Incluyes varios clips de cantantes internacionales."
2585,EL FIN DE LA NOCHE,Drama,Libertad Lamarque,Juan José Miguez,Alberto Bello,Alberto de Zavalía,1944,B&N,DVD,"28-02-1946 Radio City
  Una cantante ayuda a espías nazis en la Francia ocupada. Se arrepiente y muere en un tiroteo, pero antes ayuda a huir a su hombre con importante informacion para la Raf."
2586,EL CASTILLO DE LOS MISTERIOS,Suspenso,Peter Lorre,Boris Karloff,Bela Lugosi,David Butler,1940,B&N,DVD,"15-04-1941 Trocadero
Título local: El rey del pánico
   La banda de Kay Kyser se traslada a una casona para dar un concierto para una muchahcha que cumplirá 21 años. Los músicos se ven envueltos en intentos de asesinatos, complots ocultos y pasadizos secretos"
2591,LA INVITACION,Drama,Rodolfo Bebán,Graciela Alfano,Pepe Soriano,Manuel Antin,1982,Color,DVD,"14-12-1991 Cinemateca
   Un visitante llega a cazar ciervos a una lejana estancia en el sur argentino, resulta ser un traficante de armas."
2587,LA SOMBRA DE UN TITAN,Western,Audie Murphy,Terry Moore,John Dehner,Thomas Carr,1959,Color,DVD,"22-10-1960 Ariel
  Murphy es un joven bebedor, hereda un rancho del que cree es su padre y decide cambiar su vida. Con ayuda del capataz tiene que llevar una gran cantidad de ganado a Santa Fe para así saldar las cuentas y conservar rla propiedad."
2592,BICHO RARO,Comedia,Luis Sandrini,Ubaldo Martínez,José M. Langlais,Carlos Rinaldi,1965,B&N,DVD,"17-05-1965 18 de julio
   El cuñado de un Maestro provinciano pretende quitarle el terreno sobre el que ha construido su colegio."
2589,CHINATOWN,Cine Negro,Jack Nicholson,Faye Dunaway,John Huston,Roman Polanski,1974,Color,DVD,"22-05-1975 Metro, Censa
  Jack Nicholson es un detective especializado en descubrir infidelidades. Recibe la visita de la esposa del Jefe del Servicio de Aguas de la ciudad quien sospecha que su marido la engaña. El tema se complica cuando una mujer se presenta diciendo que es la verdadera esposa del Jefe del Servicio de Aguas."
2588,KANSAS PACIFIC,Western,Sterling Hayden,Eve Miller,Reed Hadley,Ray Nazarro,1953,Color,DVD,"22-11-1955 Central
Título local:Abriendo horizontes
   Durante la guerra civil norteamericana los sureños tratan de que no se construya una línea férrea en Kansas. Los norteños mandan un capitán que además es ingeniero para abortar los intentos de sabotaje."
2590,BELLE DE JOUR,Drama,Catherine Deneuve,Jean Sorel,Michel Piccoli,Luis Buñuel,1967,Color,DVD,"15-07-1968 Ariel
   Una mujer está casada con un médico al que ama pero no tiene relaciones íntimas con él. Vive de fantasias y sueños eróticos hasta que un día comienza a trabajar por las tardes en un prostíbulo."
2593,MINGO Y ANIBAL DOS PELOTAZOS EN CONTRA,Comedia,Juan Carlos Altavista,Juan Carlos Calabró,Susana Traverso,Enrique Cahen Salaverry,1984,Color,DVD,"6-12-1984 18 de julio
   Las aventuras de Mingo y Anibal en un lujoso hotel de la ciudad de Buenos Aires."
2594,TRECE MUJERES,Suspenso,Irene Dunne,Myrna Loy,Jill Esmond,George Archainbaud,1932,B&N,DVD,"31-08-1933 Rex
   Unas mujeres que fueron compañeras de escuela acuden a un adivino para que les advierta sobre su futuro. Una mujer uitiliza sus poderes hipnóticos para controlar las predicciones del adivino. La joven, que también asistió a la misma scuela que aquellas recuerda lo que sufrió siendo niña a manos de sus compañeras de clase y decide planear una venganza."
2595,DIVORCIO POR AMOR,Drama,Ann Harding,Laurence Olivier,Zasu Pits,Robert Milton,1932,B&N,DVD,"No estrenada en salas.
 Una chica se casa con un escritor talentoso pero pobre. Tras el nacimiento de un hijo, la frustración del marido llega a tal punto que el divorcio parece ser la única solución. Años después, la mujer se ha vuelto a casar con un hombre rico, pero la antigua llama de su primer matrimonio parece seguir viva."
2597,LA LLAMA ETERNA,Drama,Norma Shearer,Leslie Howard,Fredric March,Sidney Franklin,1932,B&N,DVD,"21-06-1934 Rex. Título local:""Con la sonrisa en los labios""
   Sir JohnCarteret (Lelie Howard ha llevado una vida solitaria desde la muerte de su prometida Moonyeen (Norma Shearer) asesinada durante la ceremonia de la boda. Un día un amigo cercano insiste en que cuide a una sobrina de la su enamorada (de nuevo Norma Shearer). Los años pasan y la niña se convierte en una bella joven que es la viva imagen de Moonyeen. Esta se enamora de un joven (Fredric March) que es hijo del asesino de Moonyeen.
   Lujosa producción de Irving Thalberg para lucimiento de su esposa, la estrella Norma Shearer."
2598,EL HOMBRE QUE AMO,Drama,Ida Lupino,Robert Alda,Bruce Bennett,Raoul Walsh,1946,B&N,DVD,"29-08-1947 Coventry. Título local ""Mi único amor"".
   Una cantante visitando a sus hermanos consigue trabajo como cantante en un Night Club. Se enamora de un pianista, quien nunca se ha recuperado de su divorcio."
2599,REPENTINAMENTE,Cine Negro,Frank Sinatra,Sterling Hayden,Nancy Gates,Lewis Allen,1954,B&N,DVD,"04-04-1955 Trocadero. Título local ""Yo aprendí a matar""
  La tranquilidad de un pequeño pueblo de California, se ve alterada por la noticia de la visita del Presidente de los Estados Unidos. Un grupo de delincuentes llega para intentar asesinar al mismo."
1601,DESPUES DE LA OSCURIDAD,Drama,Jean Simmons,Dan O'Herlihy,Rhonda Fleming,Mervyn LeRoy,1958,Color,DVD,"1-08-1960 El Polvorin
  La esposa de un catedrático vuelve a casa tras haber permanecido internada una larga temporada en una clínica para enfermos mentales. Todo indica que ha superado la crisis que padecía, pero su adaptación a la vida normal cuesta más trabajo queel previsto. La mujer comienza una lucha para que desaparezca el peligro de un nuevo desequilibrio."
2653,AÑOS SIN DIAS,Cine Negro,John Garfield,Anna Sheridan,Pat O'Brien,Anotole Litvak,1940,B&N,DVD,"14-09-1940 Rex
  Un gangster está convenido que sus jefes lo sacarán pronto de la carcel de Sing Sing. Pasa el tiempo pero eso no sucede y por su culpa su novia se verá involucrada en turbios asuntos."
2654,JUKE GIRL,Cine Negro,Ann Sheridan,Ronald Reagan,Richard Whorf,Curtis Bernhardt,1942,B&N,DVD,"16-06-1948 Princess.
 Título local Pies Inquietos.
 Dos jornaleros agrícolas buscando trabajo llegan a un pueblo que está dirigido por un hombre poderosos. El choque entre dos grupos vendrá a partir de una cosecha de tomate que será destruida por ese hombre."
2601,TU ERES MI VIDA,Cine Negro,Glenn Ford,Evelyn Keyes,John Ireland,Gordon Douglas,1949,B&N,DVD,"18-01-1950 Trocadero
 Un hombre regresa a su ciudad para vengar la muerte de su socio a manos de un ganster, quien en su ausencia se ha apoderado de su negocio."
2600,LA GRAN AMENAZA,Cine Negro,Louis Hayward,Dennis O'Keefe,Raymond Burr,Gordon Douglas,1948,B&N,DVD,"17-08-1949 Trocadero
  Un agente del FBI, encargado de custodiar un laboratorio nuclear es asesinado."
2602,RESCATE,Drama,Glenn Ford,Donna Reed,Leslie Nielsen,Alex Segal,1956,B&N,DVD,"8-11-1956 Metro
 El hijo de un rico industrial es secuestrado por unos delincuentes que exigen un rescate. El padre, aconsejado por la policía y por un periodista, se niega a pagar la suma solicitada."
2603,CITA EN HONDURAS,Aventuras,Glenn Ford,Ann Sheridan,Zachary Scott,Jacques Tourneur,1953,Color,DVD,"15-11-1954 Plaza
  Patriota e idealista Glenn Ford coacciona a una banda de violentos asesinos para que le ayuden a salvar a su país de un golpe de estado."
2625,EL TELON DE ACERO,Policial,Dana Andrews,Gene Tierney,June Havoc,William Wellman,1948,B&N,DVD,"6-10-1948 Trocadero. Título local La cortina de hierro
   Tres miembros de la embajada rusa espían para su país en Canadá."
2626,LA MUJER X,Drama,Lana Turner,John Forsythe,Ricardo Monralban,David Lowell Rich,1966,Color,DVD,"15-12-1966 Radio City
  Lana Turner es una mujer sencilla que se casa con un hombre de la alta sociedad. En la residencia familiar convivirá con la entrometida madre de John Forsythe. La continua ausencia de este por su trabajo diplomático llevará a la esposa a buscar la compañía de un play boy. Este muere en un accidente en el que Turner se verá involucrada. La suegra le sugerirá una solución terrible para ella."
2627,LA DAMA DEL EXPRESO,Suspenso,Angela Lansbury,Cybill Sheperd,Elliot Gould,Anthony Page,1979,Color,DVD,"16-01-1980 Central. Título local: La dama desaparece
  Poco tiempo antes del inicio de la Segunda Guerra Mundial, en un viaje en tren por Alemania desaparece una niñera. Algunos pasajeros iniciarán una búsqueda frenética para encontrarla.
  Remake del film de Hitchcock la dama desaparece."
2609,CABALLERO SIN ESPADA,Drama,James Stewart,Jean Arthur,Claude Rains,Frank Capra,1939,B&N,DVD,"14-02-1940 Ambassador
   Un hombre sencillo es enviado como senado ra Washington por un grupo de políticos que quieren manejarlo. Pero inicará una campaña contra la corrupción."
2610,55 DIAS EN PEKIN,Aventuras,Charlton Heston,Ava Gardner,David Niven,Nicholas Ray,1963,Color,DVD,"27-07-1964 Censa
  Un pequeño grupo de extranjeros queda atrapado en la Ciudad Prohibida de Pekín. El coraje y liderazgo de un marine de USA y del embajador del Reino Unido son la única esperanza para escapar de la trampa."
2629,LA AVENTURA,Drama,Lea Massari,Monica Vitti,Gabriele Ferzetti,Michelangelo Antonioni,1960,B&N,DVD,"18-05-1961 Censa
   Anna una joven romana, su novio y Claudia, su mejor amiga, se embarcan en un crucero veraniego entre las escarpadas islas sicilianas"
2645,LOCURAS DE VERANO,Comedia,Katharine Hepburn,Rossano Brazzi,Isa Miranda,David Lean,1955,Color,DVD,"18-06-1956 Trocadero
 Jane (Hepburn) llega de Vacaciones a Venecia, tiene perfectamente establecido los lugares a visitar y al mismo tiempo alberga la esperanza de conocer algún romántico hombre local."
2646,FLAXY MARTIN,Cine Negro,Virginia Mayo,Zachary Scott,Dorothy Malone,Richard L. Bare,1949,B&N,DVD,"6-02-1952 Plaza
  Walter Colby  (Zachary Scott) está decidido a dejar de trabajar para un gangster harto de sacar delincuentes de la carcel. Enamorado de la cantante Flaxy Martin (Virginia Mayo) piensa que ella lo apoyará, pero en realidad es la que maneja el destino de varios."
2647,CABALGANDO CON EL DIABLO,Western,Skeet Ulrich,Tobey Maguire,Jewel Kilcher,Ang Lee,1999,Color,DVD,"10-04-2003 P. Carretas Hoyts
  Durante la Guerra Civil algunos jóvenes tratan de sobrevivir aprendiendo a ser pistoleros."
2611,LOS VERDUGOS TAMBIEN MUEREN,Drama,Brian Donlevy,Walter Brennan,Anna Lee,Fritz Lang,1943,B&N,DVD,"12-01-1944 Trocadero
   Durante la ocupación alemana en Praga uno de los líderes nazi es asesinado por un miembro de la resistencia. La Gestapo, con el fin de llegar al asesino, comienza a tomar rehenes. La resistencia entrega a un colaborador en vez del verdadero asesino."
2675,EL HALCON Y LAS ESTUDIANTES,Policial,Tom Conway,Jean Brooks,Rita Corday,William Clemens,1943,B&N,DVD,"30-06-1944 Coventry
Un instructor muere en un exclusivo colegio de señoritas.
La víctima parece haber muerto de un ataque cardíaco, pero una persona había predicho su asesinato."
2648,ENOLA HOLMES 2,Policial,Millie Bobby Brown,Henry Cavill,David Thewlis,Harry Bradbeer,2022,Color,DVD,"Film de TV.
  
  Enola trata de resolver el enigma de una mujer desaparecida, con la ayuda de su hermano Sherlock."
2488,LUCHA EN LA SOMBRA (La libertad nunca muere),Bélica,Jeffery Lynn,Philip Dorn,Mona Maris,Vincente Sherman,1941,B&N,DVD,"23-12-1941 Trocadero
  Un joven se siente atraido por la ideología nazi y la polítca expansionista de Hitler. Cuando ve que sus amigos comienzan a ser asesinados por la Gestapo cambia de parecer y ayuda a la resistencia."
2605,PISTOLERO,Western,Glenn Ford,Angie Dickinson,Chad Everett,Richard Thorpe,1967,Color,DVD,"8-02-1968 Metro
  Un joven pistolero no soporta la idea de que exista alguien más rápido que él con el revolver. Por esa razón viaja hasta una ciudad con la intención de forzar un duelo con el sheriff, hombre famoso por ser diestro con las armas."
2606,EL DIA DE LOS FORAJIDOS,Western,Robert Ryan,Burl Ives,Tina Louise,Andre de Toth,1959,B&N,DVD,"11-03-1960 California.  Título local: La pandilla maldita.
  Un grupo de pistoleros se apoderan de un pueblo mientras huyen de la ley. La acción transcurre en Wyoming en una localidad totalmente aislada por la nieve."
2607,UN BUEN DIA PARA LA EJECUCION,Western,Fred MacMurray,Margaret Hayes,Robert Vaughn,Nathan Juran,1959,Color,DVD,"25-05-1960 Central. Títulol local: A dos pasos de la horca
  Un pistolero es apresado luego de intentar robar un banco."
2608,UN MILLONARIO PARA CHRISTY,Comedia,Fred MacMurray,Eleanor Parker,Richard Carlson,George Marshall,1951,B&N,DVD,"4-06-1952 California. Título local: Las tentaciones del diablo.
  La secretaria de un abogado es encargada de viajar a Los Angles para notificarle a un periodista que ha heredado una fortuna de un pariente recientemente fallecido."
2614,MI CORAZON TE GUIA,Drama,Dana Andrews,Merle Oberon,Hoagy Carmichael,John Cromwell,1947,B&N,DVD,"24-08-1948 Trocadero
   Una joven adinerada sensible a labelleza de la música conoce a un pianista ciego de quien se enamora. Para poder acercarse a él se hace pasar por invidente y lo ayuda a superar la crisis cretiva en la que está sumergido.
  Fantásticas interpretaciones de la pareja protagonista."
2613,CIUDAD MAGICA,Comedia,James Stewart,Jane Wyman,Kent Smith,William Wellman,1947,B&N,DVD,"22-12-1948 Trocadero
   Una empresa dedicada a los sondeos de opinión busca una pequeña ciudad cuya opinión refleje la del resto del país. Ese será Grandview."
2615,EL FIN DE SHEILA,Suspenso,James Coburn,Raquel Welch,Richard Benjamin,Herbert Ross,1973,Color,DVD,"11-02-1974 18 de julio
   Un productor de cine viudo organiza en su yate una fiesta a la que invita a seis personas. Una de ellas es culpable del asesinato de su esposa, y lo que se propone el anfitrión es descubrirla."
2616,VELVET,Drama,Paula Echevarría,Miguel Silvestre,José Sacristán,Carlos Sedes,2014,Color,DVD,"Serie TV española
  En la Gran Via de Madrid se encuentran las Galerías Velvet donde se vende la ropa mas elegante. Allí se desarrollará una historia de amor entre Ana, una humilde costurera y Alberto hijo del dueño de ese imperio."
2621,DECISION A MEDIANOCHE,Policial,Gregory Peck,Broderick Crawford,Anita Bjork,Nunnally Johnson,1954,Color,DVD,"24-06-1954 Censa. Canje en la noche.
   En el Berlin de post guerra un joven Cabo es secuestrado y llevado a la parte soviética. El padre es un poderoso emprasario estadounidense.   El jefe de la investigación (Gregory Peck) por medio de sus contactos en Berlín oriental trata de canjearlo."
2617,ZENOBIA,Comedia,Oliver Hardy,Harry Langdon,Billie Burke,Gordon Douglas,1939,B&N,DVD,"12-08-1939 Rex
  Un vendedor de tónicos, en el último tercio del siglo XIX, usa para atraer clientes a una elefanta. Cuando esta se enferma acude al médico del pueblo(Oliver Hardy) para que trate de curarla."
2618,MIENTRAS ESPERA LA NOCHE,Cine Negro,Diana Dors,Ivonne Mitchell,Michael Craig,J. Lee Thomson,1956,B&N,DVD,"29-04-1957 Iguazu
 Tras el suicidio del hombre del que está enamorada aunque el sigue interesado en su anterior esposa, una mujer asesina a la anterior pareja al creer que ella ha sido la causa de la decisión del hombre.
 Condenada a muerte espera el indulto."
2619,ORO DE LOS SIETE SANTOS,Western,Clint Walker,Roger Moore,Leticia Roman,Gordon Douglas,1961,B&N,DVD,"16-10-1961 Iguazú
  Shawn Garrett (Roger Moore) compra un caballo pagando con una pepita de oro. Esto atrae la atención de un hombre que, con su banda ,lo sigue a través del desierto para averiguar el origen del oro."
2620,GENERAL IMPROVISADO,Comedia,Glenn Ford,Red Buttons,Dean Jones,George Marshall,1958,B&N,DVD,"4-06-1959 Metro.
   Un sargento se hace pasar por un general muerto en combate con el propósito de animar a los soldados en la batalla. Su plan tendrá éxito si puede convencer al único soldado que conoce su verdadera identidad."
900,TORBELLINO,Cine Negro,Gene Tierney,Richard Conte,José Ferrer,Otto Preminger,1949,B&N,DVD,Fecha de estreno en ROU: 2/08/1950 Cine: California
2622,LA GLORIA SE ESCRIBE CON SANGRE,Bélica,Gregory Peck,Harry Guardino,Rip Torn,Lewis Milestone,1959,B&N,DVD,"23-11-1959 Censa
   Por razones mas de prestigio que estratégicas le ordenan al oficial Joe Clemens (Peck) tomar la colina llamada Pork Chop."
2623,MALO PARA TODOS,Drama,Charlton Heston,Lizabeth Scott,Dianne Foster,Irving Rapper,1953,B&N,DVD,"18-06-1954 California. Título local: El Avaro
   Charlton Heston es un médico del ejercito que acaba de regresar de Corea para visitar a su madre en un pequeño pueblo de Pennsylvania. El médico del pueblo le ofrece quedarse y trabajar junto a él. Pero conoce a una ambiciosa mujer que lo convence para ir a trabajar a una clínica privada para ricos en otra ciudad."
2624,IRMA LA DULCE,Comedia,Jack Lemmon,Shirley Mclane,Lou Jacobi,Billy Wilder,1963,Color,DVD,"2-03-1964 Plaza
  El ultralegalista gendarme interpretado por Jack Lemmon es destinado a una zona marginal de París. Organiza una redada y arresta a varias meretrices, pero una de ellas es amiga de su superior y es expulsado de la policía."
2628,ENGAÑADA,Suspenso,Goldie Hawn,John Heard,Beatrice Straight,Damien Harris,1991,Color,DVD,"29-02-1992 California, Mdeo Shopping
  El mundo de una mujer comienza a derrumbarse cuan su marido muere en un accidente. A raiz de su misteriosa muerte descubre impactantes realidades sobre el hombre que amaba."
2630,EL CASO DEL BAILE DE LA VICTORIA,Suspenso,David Suchet,Hugh Fraser,Philip Jackson,Renny Rye,1991,Color,DVD,Una estrella de la radio es asesinada después de asistir al baile de la Victoria en el  que estaba presente Hercules Poirot.
2649,MAVERICK (5a temporada),Western,Jack Kelly,Peter Breck,Marie Windsor,Marc Lawrence,1961,B&N,DVD,"Temporada final.
 Ultimas aventuras de Bart Maverick. En algunos episodios acompañado por Doc Holliday."
2676,LA BATALLA DEL RIO DE LA PLATA,Bélica,John Gregson,Anthony Quayle,Christopher Lee,Michael Powell/Emeric Pressbur,1956,Color,DVD,"18-03-1957 Plaza
   La historia del acorazado Graf Spee refugiado, después de la batalla del título, en el puerto de Montevideo."
2660,CARLOS V,Documental,,,,,0,Color,DVD,
2664,SE ANUNCIA UN ASESINATO,Policial,Joan Hickson,Ursula Howells,Renée Asherson,David Giles,1985,Color,DVD,"En un pueblo inglés se anuncia un assinato para el viernes 29 de octubre.
  Telefilm"
2643,MAVERICK (4a temporada),Western,Jack Kelly,Roger Moore,Robert Colbert,Leslie H. Mortinson,1960,B&N,DVD,"Serie TV
  Las andanzas de Bart Maverick (Jack Kelly) en el viejo oeste.
  En esta temporada aparace su primo Beau Maverick (Roger Moore) y en dos episodios otro hermano llamado Brent (Robert Colbert)"
2631,NIDO DE AVISPAS,Suspenso,David Suchet,Hugh Fraser,Philip Jackson,Brian Farnhamm,1991,Color,DVD,"El detective belga se encuentra en medio de una historia de celos, venganza y avispas."
2661,SANTA CLAUS CONQUISTA LOS MARCIANOS,Comedia,John Call,Leonard Hicks,Vicente Beck,Nicholas Webster,1964,Color,DVD,"Los marcianos preocupados porque sus hijos están obsesionados por los programas de TV que llegan desde la Tierra que enzalzan a Santa Claus, deciden venir a la Tierra y secuestrarlo.
  No estrenada en salas."
2650,EL CASO DEL ENGAÑO TERRIBLE,Suspenso,Raymond Burr,Barbara Hale,William Moses,Christian I. Nyby II,1990,Color,DVD,"Un marino americano destinado en París trata de ubicar un nazi oculto el cualmató a sus abuelos. Ubica a una testigo pero justo después de hablar con él la mujer es atropellada y muere.
   Aparecen Ivette Mimieux , Ian Mc Shane y Teresa Wright"
2651,EL CASO DEL ROMEO IMPRUDENTE,Suspenso,Raymond Burr,Barbara Hale,William Moses,Christian I. Nyby II,1992,Color,DVD,"Un presentador de televisión publica un libro escandaloso en el que habla de sus romances con varias mujeres conocidas. Una noche aparece asesinado en su apartamento.
  En el reparto figura Anjanette Commer"
2652,EL CASO DE LA MODA FATAL,Suspenso,Raymond Burr,Barbara Hale,William Moses,Christian I. Nyby II,1991,Color,DVD,"Dyan Draper, editora de una famosa revista de moda, es muy conocida por escribir columnas que destruyen la carrera de otras personas.Lauren, editora de otra revista, se reúne con ella en un intento de conseguir que no escriban sobre ella. La próxima vez que se reunan Dyan será encontrada muerta y Lauren será la principal sospechosa."
2677,LOS HEROES TAMBIEN LLORAN,Drama,William Holden,Deborah Kerr,Thelma Ritter,George Seaton,1956,B&N,DVD,"19-08-1957 Plaza
Título local: La orgullosa y el libertino.
  Durante la Segunda Guerra Mundial, una viuda católica y muy recatada se enamora de un rudo oficial, pero entre ambos se libra también una singular batalla."
2663,SIGUIENDO EL RIO,Western,Sheryl Lee,Ellen Burstyn,Eric Schweig,Martin Davidson,1995,Color,DVD,"En el siglo XVIII en Canadá la esposa de un colono es secuestrada por una tribu indígena mientras su esposo está trabajando en el campo. Ella y su hermana son conducidas hasta el campamento de los indios. Durante el trayecto la mujer da a luz una niña. Después de varios meses consigue escapar y reencontrase con su marido.
 Película de TV. No estrenada en salas."
2632,EL REY DE TREBOL,Suspenso,David Suchet,Hugh Fraser,Philip Jackson,Edward Bennett,1989,Color,DVD,El propietario de una estudio cinematográfico es asesinado y una actriz es sospechosa de haber cometido el crimen.
2633,EL SUEÑO,Suspenso,David Suchet,Hugh Fraser,Philip Jackson,Renny Rye,1989,Color,DVD,Un rico y anciano hombre de negocios solicita la ayuda de Poirot para explicar un sueño repetido dónde se ve suicidándose con un revolver. Poirot encuentra todo muy sospechoso. Al otro día el hombre aparece muerto de un tiro.
2634,BEAU IDEAL,Aventuras,Ralph Forbes,Loretta Young,Irene Rich,Herbert Brenon,1931,B&N,DVD,"30-05-1931 Rex
   Un oficial de la Legión Extranjera trata de encontrar a un amigo de la infancia John Geste, desacreditado por el ejército. Juntos lograrán aplacar una rebelión nativa, con lo que el prestigio de Geste queda rehabilitado y puede viajar a Inglaterra a encontrase con su amada."
2635,EL PORVENIR ES NUESTRO,Drama,Alan Ladd,Loretta Young,Susan Hayward,Irving Pichel,1944,B&N,DVD,"28-06-1945. Título local: El mañana es nuestro
   Una acaudalada joven que sufre sordera es tratada por un doctor de origen humilde que está desarrollando un suero que puede curarla."
2636,BRET MAVERICK,Western,James Garner,Ed Bruce,Darleen Carr,Ivan Dixon,1981,Color,DVD,"Serie Tv. 18 episodios
 En 1880 Bret gana en un juego un saloon.
 Diversas peripecias sucederán."
2637,MANAGEMENT,Comedia,Jennifer Aniston,Steve Zahn,Margo Martindale,Stephen Belber,2008,Color,DVD,"No estrenada en salas en Uruguay.
  Una vendedora de obras de arte en un viaje conoce a un recepcionista de un motel que se enamora de ella."
2638,QUERIDO CORAZON,Comedia,Glenn Ford,Geraldine Page,Angela Lansbury,Delbert Mann,1964,B&N,DVD,"4-08-1966 Radio City
  Tras años de esporádicas relaciones con mujeres, Glenn Ford ha encontrado la persona  que lo convenza de contraer matrimonio, pero en Nueva York conoce a una solitaria mujer que asiste a una convención y entre ellos va naciendo algo más que una amistad."
2639,MASTERSON OF KANSAS,Western,George Montgomery,Nancy Gates,James Griffith,William Castle,1954,Color,DVD,"16-08-1955 Victory
  Masterson debe probar que un grupo de vaqueros quiere que sea ejecutado un amigo de los indios Kiowa para que estos declaren la guerra y poder quedarse con sus tierras."
2640,DENVER Y RIO GRANDE,Western,Edmond O'Brien,Sterling Hayden,Dean Jagger,Byron Haskin,1952,Color,DVD,"14-02-1955 Iguazú. Título local: Rueda del destino.
 La película narra las dificultades por las que pasa la empresa que tiende la línea de ferrocarril entre Denver y Río Grande."
2644,EL ESCORPION NEGRO,Ciencia Ficción,Richard Denning,Mara Corday,Carlos Rivas,Edward Ludwig,1957,B&N,DVD,"11-05-1959 Iguazu
  Tras la erupción de un volcán en México, aparecen animales transformados en giganrescos ejemplares."
2560,EL VIAJE SIN REGRESO,Drama,Sebastian Chiola,Florence Marly,Francisco de Paula,Pierre Chenal,1945,B&N,DVD,"5-02-1948 Rex
   Un hombre mata sin testigos al esposo de su ex novia, uniéndose nuevamente a ella. Pero su conciencia lo hará confesar y se suicidarán juntos."
2684,ENIGMA DE MUJER,Drama,Ana Mariscal,George Rigaud,Lautaro Murúa,Enrique Cahen Salaverry,1956,B&N,DVD,"11-12-1957 Paris
   Una serie de historias son expuestas desde el punto de vista de una mujer samaritana que pretende solucionar los problemas de sus vecinos."
2685,BACARA,Cine Negro,Ana Mariscal,Jorge Rivier,Nathan Pinzón,Kurt Land,1955,B&N,DVD,"18-12-1958 Paris. Título local:Esclava de su pasión
   La pasión por el juego compromete la vida familiar de una mujer."
2686,LA HERENCIA,Drama,Juan Verdaguer,Nathan Pinzón,Marisa Grieben,Ricardo Alventosa,1964,B&N,DVD,"8-12-1966 Coventry
   Para cobrar una herencia, un matrimonio debe tener un hijo, pero el chico no llega y se impone la sustitución del hombre."
2641,ESA MALDITA COSTILLA,Comedia,Susana Gimenez,Betiana Blum,Rossy de Palma,Juan J osé Jusid,1999,Color,DVD,"3-09-1999 Plaza, Opera, Punta Carretas, Movie Porones.
   Tres mujeres que viven en un mismo edificio resuelven pasar una noche de juerga asistiendo a un espectáculo de streptease masculino."
2642,WON TON TON El perro que salvó a Hollywood,Comedia,Bruce Dern,Madeline Kahn,Ten Garr,Michael Winner,1976,Color,DVD,"24-06-1978 Princess.
  Las películas, en la época del cine mudo, de un perro inteligentísimo.
  Varios chistes sobre el mundo del cine. Y con muchas estrellas invitadas."
2655,LOS VIOLENTOS VAN AL CIELO,Western,Glenn Ford,Carolyn Jones,Barbara Hershey,Lee H. Katzin,1969,Color,DVD,"14-08-1969 Metro
  Un ex pistolero devenido en Pastor trata de establecer la paz entre ganaderos y criadores de ovejas."
2656,"HARLOW, LA RUBIA DE PLATINO",Drama,Carroll Baker,Red Buttons,Angela Lansbury,Gordon Douglas,1965,Color,DVD,"23-09-1966 Trocadero
 La vida de Jean Harlow hasta llegar al estrellato y su prematura muerte."
2657,HOLMES & WATSON MADRID DAYS,Suspenso,Gary Piquer,J.L.Garcia Pérez,Belén López,José Luis Garcí,2012,Color,DVD,"Film no estrenado en Montevideo
 La visita del famoso detective a la ciudad de Madrid."
2658,TARZAN EN LAS MINAS DEL REY SALOMON,Aventuras,David Carpenter,Nadiuska,Paul Naschy,José Luis Merino,1973,Color,DVD,"No estrenada en Montevideo
  Un explorador es el encargado de conducir a una mujer al encuentro de su hermano en plena jungla, mientras éste se encuentra a la espera para llegar a las minas del rey Salomón. Tarzán se une como guía del grupo."
2659,LA REBELION DE LOS BUCANEROS,Aventuras,Charles Quiney,Ma Pía Conte,Ma Dolores Tovar,José Luis Merino,1978,Color,DVD,"No estrenada en salas del Uruguay.
 La rebelión de ex bucaneros para establecerse en una isla del Pacífico"
3073,SAQUEO AL SOL,Aventuras,Glenn Ford,Diana Lynn,Patricia Medina,John Farrow,1953,B&N,DVD,"24-06-1957 Iguazú
 Título local: Pillaje al sol
 Al Colby (Glenn Ford) es un agente de seguros norteamericano al que envian en barco a La Habana con un misterioso paquete.
  El no sabe que contiene el paquete y tampoco sabe la razón por la que varias personas quieren hacerse con él y, sin quererlo, se verá envuelto en un asunto muy peligroso y turbio."
2612,EL REGRESO DE LOS SIETE MAGNIFICOS,Western,Yul Brynner,Robert Fuller,Warren Oates,Burt Kennedy,1966,Color,DVD,"29-06-1968 Plaza
 Un pueblo es asaltado por una banda de forajidos. Yul Briner encabeza el grupo de pistoleros que desafian a los asesinos."
2665,ASESINATO EN EL ORIENT EXPRESS,Policial,David Suchet,Tristan Shepherd,Sam Crane,Philip Martin,2010,Color,DVD,"Poirot se encuentra en el expreso de oriente cuando una persona es asesinada de varias puñaladas.
   Tele film"
2666,LA MUERTE DE LORD EDGWARE,Policial,David Suchet,Hugh Fraser,Pauline Moran,Brian Farnham,1991,Color,DVD,"Poirot es convencido por una actriz para que interceda con su esposo para que le lo convenza de que le otorgue el divorcio. Para sorpresa de Poirot Lord Edgware insiste en que ha aceptado la solicitud de su esposa, pero antes de veinticuatro horas Lord Edgware aparece assinado."
2671,LOS TRES MOSQUETEROS,Aventuras,Oliver Reed,Raquel Welch,Michael York,Richard Lester,1974,Color,DVD,"5-04-1974 Trocadero
  El joven D'Artagnan abandona su Gascuña natal para viajar a París con la intención de incorporarase a los mosqueteros del rey"
2680,EL ARQUERO VERDE,Suspenso,Gert Fröbe,Karin Dor,Klausjürgen Wussow,Jürgen Roland,1961,B&N,DVD,"Film inédito.
  En un castillo en las afueras de Londres se propaga el rumor de que un misterioso arquero vestido de verde ha comenzado a matar gente."
2672,LA VENGANZA DE MILADY,Aventuras,Faye Dunaway,Charlton Heston,Christopher Lee,Richard Lester,1975,Color,DVD,"24-03-1975 18 de julio
 D'Artagnan ha ingresado a los Mosqueteros del rey, pero se ve implicado en las intrigas de Milady de Winter."
2681,"LOS TUYOS,LOS MIOS Y LOS NUESTROS",Comedia,Henry Fonda,Lucille Ball,Van Johnson,Melville Shavelson,1968,Color,DVD,"2-04-1969 Plaza
 una viuda con ocho hijos conoce, y se casa, con un ofical de la marina con diez hijos. Basada en un caso real."
2682,EL MINISTERIO DEL MIEDO,Policial,Ray Milland,Marjorie Reynolds,Carl Esmond,Fritz Lang,1944,B&N,DVD,"25-05-1945 Coventry
   Un hombre recién liberado se da cuenta que es perseguido por agentes nazis. Cuando lo cuenta a otras personas estas piensan que está loco."
2678,LA BURLA DEL DIABLO,Comedia,Humphrey Bogart,Jennifer Jones,Gina Lollobrigida,John Huston,1953,B&N,DVD,"5-07-1954 Censa
   Cuatro estafadores planean junto a algunas personas que esperan en Italia para viajar al Africa para adquirir unas tierras en las que hay yacimientos de uranio."
2679,GREASE,Musical,John Travolta,Olivia Newton-John,Stockard Channing,Randall Kleiser,1978,Color,DVD,"25-12-1978 18 de julio, Ambassador, Casablanca.
   Importante musical sobre la vida de los jóvenes en la década de 1950."
2683,CUANDO HIERVE LA SANGRE,Bélica,Frank Sinatra,Gina Lollobrigida,Steve McQueen,John Sturges,1959,Color,DVD,"8-12-1960 Metro
   El Capitán Tom Reynolds (Frank Sinatra) entrena a nativos en Birmania para deterner el avance de las tropas japonesas."
2692,SOÑAR NO CUESTA NADA,Comedia,Francisco Alvarez,Mirtha Legrand,Silvia Legrand,Luis Cesar Amadori,1941,B&N,DVD,"12-03-1942 Radio City
 Un abogado que no quiere tramitar el divorcio de una pareja amiga, conoce a una chica idéntica a la hija. Con la sustitución vendrá la confusión y la reconciliación."
2687,BUENAS NOCHES BUENOS AIRES!,Musical,Hugo del Carril,Virginia Luque,Julio Sosa,Hugo del Carril,1966,Color,DVD,"9-10-1964 Trocadero.
  Producción musical basada en la revista del mismo nombre presentada el año anterior por Del Carril y Mariano Mores en el Teatro Astral. Fue la única aparición cinematográfica del cantor uruguayo Julio Sosa."
2693,MARIA CELESTE,Drama,Mirtha Legrand,Pedro López Lagar,Tito Alonso,Julio Saraceni,1945,B&N,DVD,"8-05-1946 Coventry
  Un barco naufraga tras una tormenta. Sus tripulantes llegan a una isla paradisíaca dónde se disputarán el amor de la única mujer."
2667,EL ULTIMO MOHICANO,Western,Wallace Beery,Barbara Bedford,Alan Roscoe,Clarence Brown y Maurice Tourn,1920,B&N,DVD,"Durante la guerra colonial entre las fuerzas franco indias y los ingleses en el norte de América, las hijas de un oficial británico son secuestradas por un grupo indígena. Los dos últimos representantes de la tribu de los Mohicanos y un explorador, Ojo de Halcón, intentarán rescatarlas.
  Sin datos sobre su estreno en salas montevideanas."
2668,"SHE, LA DIOSA DE FUEGO",Ciencia Ficción,Randolph Scott,Helen Gahagan,Nigel Bruce,Irving Pichel,1935,B&N,DVD,"30-11-1935 Rex
  Un grupo de exploradores inician una expedición a una lejana zona en busca de la legendaria ""llama de la vida"" que dota de inmortalidad a quien la posea."
2716,VEINTE MIL AÑOS EN SING SING,Drama,Spencer Tracy,Bette Davis,Arthur Byron,Arthur Byron,1932,B&N,DVD,"24-06-1933 Rex
  Un preso tiene permiso por unas horas para ir a ver su novia internada.
 Ella mata a un hombre para salvarlo. Al retornar a prisión el se confesará culpable para salvar a la mujer aunque para él signifique la silla eléctrica."
2669,LA CASA DEL RIO,Drama,Louis Hayward,Lee Bowman,Jane Wyatt,Fritz Lang,1950,B&N,DVD,"3-06-1952 Coventry
  Un escritor, aprovechando la ausencia de su mujer, intenta seducir a una criada, a la que mata involuntariamente. Seguidamente convence a su hermano para que le ayude a deshacerse del cadáver."
2670,LA OTRA CARA DEL BOSQUE,Drama,Fredric March,Ann Blyth,Dan Duryea,Michael Gordon,1948,B&N,DVD,"Mientras la población de una ciudad sureña celebra el quince aniversario del fin de la guerra de secesión, una familia tiene recuerdos y secretos de todos sus miembros.
22-03-1949 Ambassador."
2673,LA CALAVERA DEL MARQUES,Terror,Peter Cushing,Christopher Lee,Patrick Wymark,Freddie Francis,1965,Color,DVD,"29-05-1967 Rex
  Un coleccionista de antigüedades compra una calavera a un hombre extraño con el que ha tenido otros tratos. Según éste la calavera fue robada de la tumba del Marqués de Sade. Un amigo le advierte del peligro de tocarla, ya que una vez estuvo en su poder pero se la robaron."
2688,BUENOS AIRES MI TIERRA QUERIDA,Drama,Alberto Castillo,Norma Gimenez,Jacinto Herrera,Julio Saraceni,1951,B&N,DVD,"2-07-1951 Coventry
  Tres argentinos viajan a Paris y su nostalgia por volver. Relato sentimental para lucimiento de Castillo"
2689,EL TRUENO ENTRE LAS HOJAS,Drama,Armando Bo,Isabel Sarli,Andrés Laszlo,Armando Bo,1957,B&N,DVD,"1-09-1958 Ambassador
   El dueño de un obraje trata con suma crueldad a sus obreros. La situación se complicará con la llegada de su sensual mujer."
2690,MATEO,Drama,Luis Arata,Enrique S. Discepolo,Jose Gola,Daniel Tinayre,1937,B&N,DVD,"25-09-1937 Ambassador
   Un viejo cochero y su mateo, enfrentados al progreso. Primera película de Discepolo como actor."
2691,MI MARIDO Y MI NOVIO,Comedia,Delia Garcés,Jorge Rivier,Hector Calcagno,Carlos Schlieper,1955,B&N,DVD,"16-01-1956 Trocadero
  una mujer hace creer a su marido infiel que ella también lo es."
2694,CAPITAN VENENO,Drama,Luis Sandrini,Rosa Rosen,Joaquin de León,Henri Martinet,1943,B&N,DVD,"27-01-1944 Radio City
 A fines del siglo XIX, un oficial herido es recogido por una viuda y sus dos hijas. El odia las mujeres, pero ellas lograrán transformarlo.
 Una de las tantas incursiones fallidas de Sandrini en lo dramático. Significó un gran fracaso de público."
2695,YO QUIERO UNA MUJER ASI,Comedia,Olga Zubarry,Francisco Alvarezz,Héctor Monteverde,Juan C. Thorry,1950,B&N,DVD,"10-09-1951 Coventry
 Un tío solterón visita a un sobrino y trata de arreglarle los problemas con su pareja.
  Floja comedia de enredos. Primera dirección de Thorry"
2696,LAS FURIAS,Drama,Mecha Ortiz,Aida Luz,Olga Zubarry,Vlasta Lah,1960,B&N,DVD,"No estrenada en Montevideo
 Cinco mujeres (madre,hija, esposa, hermana y amante) intentan doblegar a un hombre, hasta llevarlo a la muerte."
2697,MAS POBRE QUE UNA LAUCHA,Comedia,Lolita Torres,George Rigaud,Alberto Dalbes,Julio Saraceni,1955,B&N,DVD,"14-06-1955 Coventry, Rex.
  Una muchacha humilde consigue empleo como secretaria de una empresario en perfumes. Clásico film con romance propio de la protagonista."
2698,LA FLOR DE LA MAFIA,Cine Negro,Zulma Faiad,Federico Luppi,Susana Freyre,Hugo Moser,1974,Color,DVD,"25-06-1974 California
  Un capo de mafia, sus relaciones con una corista de cabaret, sus negocios y sus relaciones familiares."
2699,DON QUIJOTE CABALGA DE NUEVO,Comedia,Cantinflas,Fernán Gómez,Ma Fernanda D'Ocon,Roberto Gavaldón,1973,Color,DVD,"7-02-1974 Censa
   Don Quijote y Sancho recorren la Mancha yse ven envueltos en diversas aventuras."
2700,CANTINFLAS,Drama,Oscar Jaenada,Michael Imperioli,Ilse Salas,Sebastián del Amo,2014,Color,DVD,"8-10-2014 Movie Nuevo Centro
  Michael Todd, un productor de Broadway, tiene el ambicioso proyecto de llevar al cine su mayor espectáculo teatral: La vuelta al mundo en 80 días. Su camino se cruza con Mario Moreno, Cantinflas."
2701,EL PAJARO AZUL,Ciencia Ficción,Elizabeth Taylor,Jane Fonda,Ava Gardner,George Cukor,1976,Color,DVD,"31-03-1977 Ariel
  Los hijos de una humilde familia de leñadores, salen en busca del pájaro azul de la felicidad."
2702,TAMBORES DE GUERRA,Western,Lex Barker,Joan Taylor,Ben Johnson,Reginald LeBorg,1957,Color,DVD,"24-06-1958
 Título local: Clamor de tambores
  La amistad entre un hombre blanco y un jefe apache se verá puesta a prueba cuando ambos se enamoran de la misma mujer."
2703,LA TENTACION,Drama,Diane Lane,Viggo Mortensen,Liev Schreiber,Tony Goldwyn,1999,Color,DVD,"Durante el verano boreal de 1969 una ama de casa, acude como cada año a un camping en las montañas de Catskills mientras su marido sigue trabajando en la ciudad.
  Su vida da un giro cuando es seducida por un atractivo vendedor de blusas hippie que le ayuda a explorar su sexualidad sin inhibiciones y a expresar el amor libre en Woodstock.
   Tiene que enfrentarse a una dificil elección: volver con su marido y su familia o continuar con su propia revolución sexual."
2704,LOS CONTRABANDISTAS DE MOONFLEET,Aventuras,Stewart Granger,George Sanders,Joan Greenwood,Fritz Lang,1955,Color,DVD,"17-04-1956 Metro
 En la Inglaterra de 1757 un niño llega a Moonflet en busca del hombre que se hará cargo de su tutela. Este es jefe de una banda de contrabandistas y un aventurero cínico y con pocos escrúpulos."
2705,LA REINA VIRGEN,Aventuras,Stewart Granger,Jean Simmons,Deborah Kerr,George Sidney,1953,Color,DVD,"8-04-1954 Metro
 Historia de amor elegante y apasionada sobre la juventud de Isabel I de Inglaterra"
2706,NORTE SALVAJE,Aventuras,Stewart Granger,Wendell Corey,Cyd Charisse,Andrew Marton,1951,Color,DVD,"20-11-1952 Metro. Título local:Locura Blanca
 Un policía canadiense es encargado de capturar a un trampero acusado de asesinato. Este se entrega sin oponer resistencia, pero la naturaleza sí. Durante la marcha hacia la ciudad deberán enfrentar un alud,el ataque de una manada de lobos, temperaturas extremas. El prisionero es el que conoce las montañas y de él dependerá la supervivencia."
2734,TRIO DE ASES,Western,Kenny Rogers,Linda Evans,Bruce Boxleitner,Dick Lowry,1983,Color,DVD,"Cuando una banda de forajidos asalta un tren se lleva de rehen al hijo de uno de los pasajeros. Este y un amigo se embarcan en la misión de rescatarlo.
  TV Serie."
2707,TODOS LOS HERMANOS ERAN VALIENTES,Aventuras,Robert Taylor,Stewart Granger,Ann Blyth,Richard Thorpe,1953,Color,DVD,"12-05-1954 Metro
  Un marino ballenero deberá enfrentar la codicia de la tripulación que se ha enterado que en una isla cercana hay gran cantidad de perlas. En el conflicto se enfrentaran hermano contra hermano."
2708,SCARAMOUCHE,Aventuras,Stewart Granger,Eleanor Parker,Janet Leight,George Sidney,1952,Color,DVD,"18-12-1952 Metro
 Oculto tras la máscara de un payaso un revolucionario francés enfrenta varios peligros."
2735,LA MADRE DE EL,Comedia,Diane Keaton,Liv Tyler,Dax Shepard,Vince Di Maglio,2008,Color,DVD,"Una madre muy entrometida decide pasar una temporada con su hijo y su nuera.
  No estrenada en salas en Uruguay"
2709,EL CASO DE LA CANTANTE ASESINADA,Policial,Raymond Burr,Barbara Hale,William Moses,Ron Satloff,1990,Color,DVD,"Una famosa cantante es asesinada en su apartamento y el principal sospechoso  es su marido, pues momentos antes de su muerte tuvo una fuerte discusión con ella delante de testigos. Perry Mason tratará de defenderlo en este dificil caso."
2711,EL CASO DEL GANSTER DIFAMADO,Policial,Raymond Burr,Barbara Hale,William Moses,Ron Satlof,1991,Color,DVD,"Johnny Sorrento, un ex ganster que ha conseguido salir del hampa y que ahora se dedica a negocios legales, es acusado del asesinato de su esposa. Por mediación de su abogado, un amigo de Perry Mason, consigue que este lo defienda."
2712,EL CASO DE LA CONSPIRACION FATAL,Policial,Raymond Burr,Barbara Hale,William Moses,Christian I. Naby II,1992,Color,DVD,Perry Mason se ve rodeado por una conspiración donde nada es lo que parece.
2713,EL CASO DEL BESO ASESINO,Policial,Raymond Burr,Barbare Hale,William Moses,Christian I. NybyII,1993,Color,DVD,"En el set de una popular telenovela, una actriz amenaza a su marido por lo que se hace a si misma sospechosa cuando este es asesinado."
2440,EL CASO DE LA PLUMA ENVENENADA,Policial,Raymond Burr,Barbara Hale,William Moses,Christian I. Nyby,1990,Color,DVD,"TV Filme.
  En una entrega de premios a escritores de novela negra, un autor con fama de tener pocos escrúpulos, es asesinado. Todos los presentes son sospechosos, incluidos los ayudantes de Perry Mason."
2710,EL CASO DE LA HIJA DESAFIANTE,Policial,Raymond Burr,Barbara Hale,William Moses,Christian I.  Nyby,1990,Color,DVD,"Un famoso empresario que organiza partidas de juego en Las Vegas es amenazado de muerte durante una de esas reuniones. Aunque el sujeto que le amenaza no cumple su cometido, el empresario es asesinado por la noche. Perry Mason, que se aloja en el mismo hotel donde ocurre todo, accede a los ruegos de la hija del acusado, una adolescente de 15 año que le pide ayuda desesperadamente para que defienta a su padre."
2714,EL TIGRE DE ESNAPUR,Aventuras,Debra Paget,Paul Hubschmid,Walter Reyer,Fritz Lang,1959,Color,DVD,"23-06-1961 Rex
  La historia de un arquitecto alemán que es contratado para construir un templo y una bailarina euroasiática que se interpone entre el arquitecto y el Maharajá."
2715,LA TUMBA INDIA,Aventuras,Debra Paget,Paul Hubschmid,Waletr Reyer,Fritz Lang,1959,Color,DVD,"7-07-1961 Rex
   El Maharajá de Eschnapur se ha enamorado de una bailarina del templo. Pero ella quiere al arquuiecto contratado para eregir un templo.
   El Maharajá le encarga la construcción de una lujosa tumba para enterrar allí a la mujer que lo traicionó."
2717,VALLE PROFUNDO,Cine Negro,Ida Lupino,Dane Clark,Wayne Morris,Jean Negulesco,1947,B&N,DVD,"13-01-1949 Ambassador
  Una joven que vive en una granja aislada merodeando por la zona descubre que se está construyendo una carretera junto a la costa. En la obra trabajan presidiarios. La chica se enamorará de uno de ellos.
  Gran actuación de Ida Lupino.
  Título alternativo en Uruguay: El valle de las sombras"
2718,LA FUERZA DEL DESTINO,Cine Negro,John Garfield,Beatrice Pearson,Thomas Gómez,Abraham Polonsky,1948,B&N,DVD,"15-12-1949 Metro
 Un abogado trabaja para un hombre que se ha enriquecido gracias a los negocios ilegales de apuestas. Para asegurar y ampliar las ganancias planean una maniobra hacer desaparecer a los banqueros menores.
  Título alternativo en Uruguay La fuerza del mal"
2719,CUENTA LAS HORAS,Cine Negro,Teresa Wright,Macdonald Carey,Dolores Morán,Don Siegel,1953,B&N,DVD,"8-06-1954 Radio City
  Un hombre es injustamente acusado del asesinato de un matrimonio. Con el tiempo en contra y con el verdadero criminal libre, un prestigioso abogado intentará demostrar que el hombre es inocente.
  Título alternativo en Uruguay Horas Amargas"
2720,ROJO ATARDECER,Drama,Yul Brynner,Deborah Kerr,Jason Robards,Anatole Litvak,1959,Color,DVD,"4-09-1959 Metro, Casablanca
   En 1956 se produce la invasión rusa a Hungría. Un grupo de turistas es retenido por un oficial soviético, que se siente atraído por una mujer británica que se encuentra entre los pasajeros."
2724,JIVARO (El Tesoro del Amazonas),Aventuras,Fernando Lamas,Rhonda Fleming,Brian Keith,Edward Ludwig,1954,Color,DVD,"26-09-1955 El Polvorin
   En plena selva amazónica, Roy forma parte parte de una comunidad que se dedican al comercio. La llegada de Alice Parker, una bella joven que busca a su prometido, desencadena una serie de pasiones amorosas."
2725,UN GANGSTER SIN DESTINO,Cine Negro,Humphrey Bogart,Irene Manning,Richard Travis,Lewis Seiler,1942,B&N,DVD,"22-10-1942 Rex. Título local: El amo del arrabal.
   Un gangster próximo a morir en la carcel, comienza a remorar su visa. Condenado cuatroveces, la última a cadena perpetua aunque era inocente."
2737,PERRY MASON (Temporada 3),Policial,Raymond Burr,Barbara Hale,William Hopper,Varios,1959,B&N,DVD,"Los distintos casos de un abogado penalista
 Artistas Envitados:
 Marie Windsor Ep. 22
 I. Stanford Jolley Ep. 13"
2743,BAT MASTERSON (Temporada 1),Western,Gene Barry,Broderick Crawford,Reed Hadley,Varios,1958,B&N,DVD,Diversas aventuras del jugador vestido como un dandy y sheriff Bat Masterson
2736,PERRY MASON (Temporada 2),Policial,Raymond Burr,Barbara Hale,William Hopper,Varios,1958,B&N,DVD,"Los casos de un abogado penalista
  Artistas invitados:
 George Macready Ep. 9
 EduardoCianelli Ep 3"
2738,PERRY MASON (Temporada 4),Policial,Raymond Burr,Barbara Hale,William Hopper,Varios,1960,B&N,DVD,"Los diversos casos de un abogado penalista
  Artistas Invitados:
 George Macready Ep.19
 AdamWest Ep.20
 Robert Lowery Ep. 8
 I. Satnford Jolley Ep.1+6
 Robert Redford Ep 1"
2722,BOMBARDERO,Bélica,Randolph Scott,Pat O'Brien,Anne Shirley,Ricahrd Wallace,1943,B&N,DVD,"20-01-1944 Radio City
  Un mayor de la aviación demuestra la importancia de los bombarderos a gran altitud. Al iniciarse la guerra tendrán que ratificar los avances"
2721,RABIA INTERIOR,Western,Randolph Scott,Forrest Tucker,Mala Powers,Tim Whelan,1955,Color,DVD,"9-01-1956 Central. Furia al amanecer. Gesta de Valor
  Los hermanos Reno asolaban el territorio de Indiana. La agencia de detectives Peterson envía a un agente que se hará pasar por forajido.
El tema se complica cuando este se enamora de una de las hermnas de los Reno."
2723,EL FANTASMA,Aventuras,Billy Zane,Kristy Swanson,Catherine Zeta Jones,Simon Wincer,1996,Color,DVD,"9-07-2009 Cine Universitario.
 Una expedición tratará de encontrar unas míticas calaveras, que otorgan poderes a quien las posea. El Fantasma tratará de impedirlo."
1571,MARIA ESTUARDO,Drama,Katharine Hepburn,Fredric March,Dlorence Eldrigde,John Ford,1938,B&N,DVD,"10-09-1936 Rex, Ariel
   Maria Estuardo abandona Francia y regresa a Escocia, dispuesta a ocupar el trono de que es heredera. Pero los conflictos se acumulan: la nobleza le es hostil, comenzando por su medio hermano el conde de Moray, y su apego al catolicismo choca con la fe que predica el fundadador de la iglesia prebisteriana en Escocia. Por otro lado, su prima Isabel Tudor, hija ilegítima de Enrique VIII, teme que reclame la corona inglesa. Su único aliado es el conde Bothwell, comandante de las tropas escocesas, de quien se enamora. Pro por motivos de estado, debe casarse con Lord Darnley, que no tardará en ser asesinado. Las intrigas y tensiones se agravan."
2051,DIMENSION DESCONOCIDA(4A Temporada),Ciencia Ficción,Dennis Hopper,Robert Duvall,Dana Andrews,Varios,1962,B&N,DVD,
2726,ANA COULDER,Western,Raquel Welch,Robert Culp,Christopher Lee,Burt Kennedy,1971,Color,DVD,"24-11-1972 Rex
  Unos delincuentes matan a un granjero y violan a su esposa. Esta logra sobrevivir y emprende el camino de la venganza."
2727,LA MUJER DE CEMENTO,Policial,Frank Sinatra,Raquel Welch,Dan Blocker,Gordon Douglas,1968,Color,DVD,"9-08-1969 California
  Un delincuente contrata a un detective para que encuentre a su novia desaparecida y este se contactará con varios personajes del hampa entre ellos una mujer adicta al alcohol, todos serán sospechosos, hasta el mismo detective."
2728,BUFFALO BILL Y LOS INDIOS,Western,Paul Newman,Burt Lancaster,Geraldine Chaplin,Robert Altman,1976,Color,DVD,"16-08-1977 18 de julio
  Desde un punto de vista cercano a la parodia, narra la vida del legendario Buffalo Bill, que por 1885 montaba un espectáculo circense sobre el viejo oeste."
2729,GIGANTE,Drama,Elizabeth Taylor,Rock Hudson,James Dean,George Stevens,1956,Color,DVD,"27-03-1956 Censa, California.
 La historia de tres generaciones tejanas, intrigas, enfrentamientos, intolerancia racial y conflictos entre propietarios ganaderos y nuevos magnates del petróleo."
1652,EL MOZO NUMERO 13,Comedia,Tito Lusiardo,Hector Coire,Rosa Cata,Leopoldo Torres Ríos,1941,B&N,DVD,"18-03-1941 Ambassador.
 Un jugador se transformará en una persona buena"
2731,SUCEDIÓ EN EL TREN,Comedia,Claudette Colbert,John Wayne,Don Defore,Marvyn Leroy,1946,B&N,DVD,"29-01-1947 Trocadero.
  Título local: Pasaje de amor
  Una novelista viaja a Hollywood para colaborar en una película que se basa en su nuevo libro. Durante el viaje conoce a un marino que discutirá con ella sobre el libro, mostrando su desacuerdo en algunos puntos, sin saber que está hablando con la autora."
2730,EL GRAN GATSBY,Drama,Leonardo DiCaprio,Tobey Maguire,Carey Mulligan,Baz Luhrmann,2013,Color,DVD,"17-05-2013 Movie Center, Grupo Cine
 Un escritor es vecino de un millonario que da muchas fiestas y entabla amistad con este."
2805,UNA VIUDA CASI ALEGRE,Comedia,Elina Colomer,Roberto Escalada,Carlos Thompson,Román Viñoly Brreto,1950,B&N,DVD,"23-01-1951 Central
  Una viuda joven va a una agencia matrimonial donde le presentan dos pretendientes a sueldo que terminan enamorándose de ella."
2777,EL HOMBRE QUE HIZO EL MILAGRO,Comedia,Luis Sandrini,Nelly Panizza,Andres Laszlo,Luis Sandrini,1958,B&N,DVD,"6-08-1958 Censa, California
  Un ciego recupera la vista cuando, sin querer,el peluquero del pueblo le pone jabón en los ojos."
2778,TRES VECES ANA,Drama,Maria Vaner,Luis Medina Castro,Walter Vidarte,David José Kohon,1961,B&N,DVD,"10-06-1963 Central.
  Film en episodios.
 LA TIERRA. Un muchacho y una chica se enamoran. Ella queda embarazada, el la induce a abortar, se separan, pero terminan juntos.
 EL AIRE. Dos muchachos pasan un día en un ámbito de personajes sórdidos.
 LA NUBE. Un tímido retocador de fotografías se enamora y sueña con una muchacha que ve en una ventana."
2762,EL ARBOL DE NAVIDAD (Vidas truncadas),Drama,William Holden,Virna Lisi,Bourvil,Terence Young,1969,Color,DVD,"4-07-1970 18 de Julio
  Tras la muerte de su madre, un niño de diez años pasa la vacaciones con su padre y la novia de este en Córcega. Un día, mientras bucean verca de la costa, un avión cae al mar. Tiempo despúes, en la piel del niño aparecen unas manchas azules como consecuencia de la radiaciones de un arma nuclear que transportaba el avión siniestrado."
2763,BARQUERO,Western,Lee Van Cleef,Warren Oates,Forrest Tucker,Gordon Douglas,1970,Color,DVD,"22-11-1971 18 de Julio
   Una banda de maleantes se dirige a México luego de haber robado un banco. En su camino hay un río que solo se puede cruzar en un barco(una chata en realidad). El encargado de la misma rechaza llevar a los bandidos y estos intentarán llegar al otro lado del río cueste lo que cueste."
2764,OMAR KHAYYAM,Aventuras,Cornel Wilde,Michael Rennie,Debra Paget,William Dieterle,1957,Color,DVD,"23-06-1958 Trocadero, Ariel
 En el siglo XI Omar Khayyam, enamorado de un bella mujer, ve como el Sha decide tomar a su amada como cuarta esposa."
2739,ZANE GREY (Temporada 1),Western,Robert Ryan,Ida Lupino,Dick Powell,Varios,1956,B&N,DVD,Historias del oeste norteamericano del siglo XIX
2740,ZANE GREY (Temporada 2),Western,Margaret Hayes,Claudette Colbert,Edmond O'Brien,Varios,1957,B&N,DVD,Diversas historias ambientadas en el oeste de USA en el siglo XIX
2779,EL INFIERNO TAN TEMIDO,Drama,Alberto de Mendoza,Graciela Borges,Arturo Garcia Buhr,Raul de la Torre,1973,B&N,DVD,"13-12-1991 Cinemateca
  Un cronista de turf y una actriz exitosa se enamoran. Un amor anterior de ella se interpondrá."
2741,ZANE GREY (Temporada 3),Western,Barbara Stanwyck,Dick Powell,Lloyd Nolan,Varios,1958,B&N,DVD,Historias del viejo oeste norteamericano del siglo XIX
2742,ZANE GREY (Temporada 4),Western,Martin Balsam,Dick Powell,Anne Baxter,Varios,1959,B&N,DVD,Historias del oeste norteamericano en el siglo XIX
2746,LA ISLA DEL TESORO,Aventuras,Jack Palance,Kevin Zegers,Walter Sparrow,Peter Rowe,1999,Color,DVD,"Un grupo de ingleses, incluido un niño, se dirigen a una ignota isla donde se encuentra un tesoro de un pirata famoso. En la tripulación formada por marinos ex piratas se enteran del motivo del viaje y se amotinarán.
 No estrenada en salas en Uruguay."
2756,GARRAS DE CODICIA,Aventuras,John Payne,Rhonda Fleming,Forrest Tucker,Lewis Foster,1951,Color,DVD,"13-04-1954 Eliseo. Título local: Remolino.
 El propietario de una goleta es víctima de una estafa, pierde su barco, que pasa a a manos del estafador, un aventurero que planea quedarse con un cargamento de oro en las islas del Pacífico sur."
2757,LA CARGA DE LOS JINETES INDIOS,Western,Guy Madison,Frank Lovejoy,Vera Miles,Gordon Douglas,1953,Color,DVD,"21-01-1957 Iguazú. Título local: La carga fatal.
  Una expedición de rescate, formada por soldados indisciplinados, parte a liberar a dos mujeres blancas que han sido secuestradas por los indios cheyennes."
2758,HONG KONG,Aventuras,Ronald Reagan,Rhonda Fleming,Nigel Bruce,Lewis Foster,1952,Color,DVD,"12-10-1954 Eliseo
  Un ex militar logra escapar luego de ser capturado por el ejército revolucionario comunista. En la fuga llega a un río donde encuentra un hombre muerto, un niño pequeño y una valiosa pieza de un idolo tibetano. Huyendo con el niño encuentra un campamento de refugiados dirigido por una Maestra que trabaja como voluntaria."
2760,EL GRAN CARNAVAL,Cine Negro,Kirk Douglas,Jan Sterling,Robert Arthur,Billy Wilder,1951,B&N,DVD,"5-04-1954 Trocadero
  Una galeria minera se hunde, un hombre queda atrapado y todas las miradas son puestas en el trágico suceso. Un periodista inescrupuloso tratará de aprovecharse de la situación."
2761,MAS ALLA DE LA DUDA,Cine Negro,Dana Andrews,Joan Fontaine,Sidney Blackmer,Fritz Lang,1956,B&N,DVD,"8-04-1957 Trocadero
  Un periodista pretende demostrar ante la opinión pública como las pruebas que condenan a una persona pueden manipularse."
2744,BAT MASTERSON (Temporada 2),Western,Gene Barry,Joanna Moore,Don Red Barry,Varios,1959,B&N,DVD,Diversas peripecias del jugador y sheriff que se vestía como un dandy Bat Masterson.
2745,BAT MASTERSON (Temporada 3),Western,Gene Barry,Edgar Buchanan,Lon Chaney Jr,Varios,1960,B&N,DVD,"Aventuras del jugadory sheriff, que vestía como una dandy Bat Masterson."
16,HERMANO ORQUIDEA,Drama,Edward Robinson,Humphrey Bogart,Ann Sothern,Lloyd Bacon,1940,ByN,DVD,"24-10-1940 Radio City
 Tras perder poder un gangster es perseguido por otra banda. Finalmente ingresa en un convento donde adopta el nombre de Hermano Orquídea.
 Una suerte de parodia del cine de gangsters."
2747,SUAVE COMO VISON (Amor al vuelo),Comedia,Cary Grant,Doris Day,Gig Young,Delbert Mann,1962,Color,DVD,"11-04-1963 Censa
   Doris Day es una chica que vive en Nueva York buscando trabajo, un día mientras se dirige a una entrevista de trabajo un coche le salpia el vestido manchándoselo con barro. Es el Rolls Royce de Cary Grant un atractivo millonario…"
2748,TANGO,Musical,Miguel Angel Solá,Cecilia Narova,Enrique Pinti,Carlos Saura,1997,Color,DVD,"5-03-1999 Cine Metro, Plaza Arocena, Mcenter Portones.
 Mario Suárez es un profesional del espectáculo que es abandonado por su mujer. Se refugia en la preparación de una obra sobre tango. Su vida se complica cuando se enamora de una de las bailarinas."
2749,CERRANDO EL CIRCULO,Drama,Shirley MacLaine,Christopher Plummer,Misch Barton,Richard Attenbourough,2007,Color,DVD,"Durante la segunda guerra mundial un piloto americano se estrella cerca de Belfast, antes de morir le confia un anillo de compromiso a un joven para que lo devuelva a su novia en USA. Cincuenta años después, un conocido de aquel joven encontrará la alianza, investigará su origen e intentará cumplir la promesa viajando a Carolina del Norte donde reside la destinataria.
 No estrenada en salas de Uruguay."
437,MIRA QUIEN HABLA TAMBIEN,Comedia,John Travolta,Kirstie Alley,Olimpia Dukakys,Amy Heckerling,1990,Color,DVD,4-07-1991 Trocadero.
2755,EL ECLIPSE,Drama,Alain Delon,Monica Vitti,Francisco Rabal,Michelangelo Antonioni,1962,B&N,DVD,"28-03-1960 Radio City
  Vittoria, después de discutir con su novio Ricardo, decie cortar con la relación que para ella era asfixiante. Mientras disfruta de su renovada soledad en compañía de su madre, conoce a Piero, un joven y atractivo corredor de bolsa. El es un seductor, pero ella inhibe sus reticencias iniciales hasta acabar teniendo con el un tórrido romance."
2750,LAS PELICULAS PERDIDAS Vol 1,Comica,Stan Laurel,Oliver Hardy,James Finlayson,Varios,1927,B&N,DVD,"Varios cortos mudos de Laurel & Hardy
  OJO POR OJO 1929
  ¿PIENSAN LOS DETECTIVES? 1927
  EL CANTO DEL CUCO 1927
  EL TOQUE FINAL 1928
  EN PRIMERA PLANA 1926
  AYUDANDO A LA SALUD 1918"
2751,LAS PELICULAS PERDIDAS Vol 2,Comica,Stan Laurel,Oliver Hardy,Jean Harlow,Varios,1929,B&N,DVD,"Varios cortos mudos de Laurel & Hardy
 Diversión Total 1929 con Jean Harlow
 Temprano a la cama 1928
 Amor de Angora 1929 Charley Hall, Edgar Kennedy
 Papas de azúcar 1927 con Edgar Kennedy
 Brutal Africa 1923 Stan Laurel y James Finlayson
 Naranjas y limones 1923 con Katherine Grant"
2752,LA SERPIENTE DEL NILO,Histórica,Rhonda Fleming,Raymond Burr,William Lundigan,William Castle,1953,Color,DVD,"26-11-1953 Censa
 La historia  amorosa de Marco Antonio y Cleopatra luego de la muerte de Julio César."
2753,LAS CUATRO BRUJAS,Comedia,Raquel Welch,Monica Vitti,Claudia Cardinale,Mario Bolognini y otros,1966,Color,DVD,"1-01-1968 Plaza. Titulo local: Las reinas
  Cuatro relatos protagonizados por cuatro mujeres que usan sus encantos para manejar a sus hombres."
2754,LA MUJER ESCARLATA,Drama,Monica Vitti,Maurice Ronet,Robert Hossein,Jean Valere,1969,Color,DVD,"29-01-1970 Eliseo. 
  Después de ser suciamente traicionada por su amante y socio comercial, Eva se va de Niza a Paris y allí resuelve asesinarlo cuando llegue a la capital francesa, el viernes. Mientras espera conoce a Francois un hombre que la lleva a subir la Torre Eiffel y al cual le comenta que piensa suicidarse el viernes. El trata de quitarle esa idea de la cabeza, pero Eva decide esfumarse. Preocupado Francois intenta encontrarla."
2765,EL CASO DEL AS VENGADOR,Policial,Raymond Burr,Barbara Hale,William Katt,Christian I. Naby,1988,Color,DVD,"El caso del as de la aviación
  A un teniente de las fuerzas aereas lo acusan de matar a una joven chica con la que estaba manteniendo relaciones ilícitas. Pero la esposa del militar, muy convencida de la inocencia de su marido, contrata a Perry Mason para que se encargue de su defensa."
2784,EL CURANDERO,Drama,Mario Soffici,Elida Gay Palmer,Ubaldo Martinez,Mario Soffici,1955,B&N,DVD,"14-05-1956 Ambassador
 Un médico simula ser curandero para sanar a los habitantes de un pueblo catamarqueño"
2768,LA MUJER PIRATA,Aventuras,Jean Peters,Louis Jourdan,Debra Paget,Jacques Tourneur,1971,Color,DVD,"16-07-1952 Victory. Título local :La ley del Pirata.
  El capitan Providence es en realidad una mujer pirata. Anne siente un odio profundo por los ingleses porque mataron a su hermano. Tras el abordaje a un navío inglés libera a un francés que dice ser corsario y lo incorpora a la tripulación del Reina del Saba, el barco de la mujer pirata."
2766,EN LA LAGUNA DORADA,Drama,Katharine Hepburn,Henry Fonda,Jane Fonda,Mark Ridell,1981,Color,DVD,"4-06-1982 Plaza, Punta Gorda
  Las tensiones familiares explotan para una enamorada pareja, en su casa de veraneo de Nueva Inglaterra frente a la Laguna Dorada. La hija de ambos llega junto a su nuevo novio y su joven hijo. Se irá generando una gran relación entre el abuelo y el niño, que es lo que la hija siempre ha querido tener. El anciano se dará cuenta lo que se ha perdido al descuidar el amor de su hija."
979,WARLOCK (El hombre de las pistolas de oro),Western,Richard Widmark,Henry Fonda,Anthony Quinn,Edward Dmytryk,1958,Color,DVD,"29-07-1959 Radio City
  Con el fin de expulsar a los forajidos del pueblo, los vecinos contratan a una pareja de pistoleros, uno de los cuales usa revólveres con culatas de oro."
2780,EL HIJO DEL CRACK,Drama,Armando Bo,Oscar Rovito,Myriam Sucre,Leopoldo Torres Rios,1952,B&N,DVD,"26-04-1955 Coventry
 Un jugador disminuido fisicamente es despreciado por los hinchas, pero después será reinvindicado."
2769,TERREMOTO,Drama,Charlton Heston,Ava Gardner,George Kennedy,Mark Robson,1974,Color,DVD,"10-04-1975 California
  Un sismólogo pronostica un terreomoto en gran intensidad. Cuando se le avisa al Alcalde este sólo toma medidas preventivas."
2804,DRACULA,Terror,Jack Palance,Nigel Davenport,Pamela Brown,Dan Curtis,1974,Color,DVD,"TV Film. No estrenada en salas en Uruguay
 El Conde Drácula se traslada de su país a Londres tras los pasos de un chica que se parece a su amada fallecida varios siglos antes."
2770,CHAPLIN,Drama,Robert Downey Jr,Anthony Hopkins,Geraldine Chaplin,Richard Attenborough,1992,Color,DVD,"01-01-1995 Libertad
 De niño Chaplin tiene que entrar a trabajar ya que su madre está internada en un psiquátrico. La troupe donde trabaja hará una gira por Estados Unidos, será contratado para actuar en cine."
2818,EL CASO DEL ASESINATO EN LA UNIVERSIDAD,Policial,Raymond Burr,Barbara Hale,William Moses,Christian Nyby,1989,Color,DVD,"Ken Malansky es un estudiante de derecho que asiste a una clase de Perry Mason. Cuando un amigo le dice que su novia fue agredida por un compañero de estudios, Ken se apresura a enfrentrase a él pero lo encuentra muerto. El arma del crimen es el propio cuchillo de Ken y Perry es reacio a encargarse de su caso, sobre todo porque la víctima es el hijo de un amigo cercano.
 TV filme no estrenada en salas."
2771,LA MUCHACHA DEL TRAPECIO ROJO,Drama,Ray Milland,Joan Collins,Farley Granger,Richard Fleischer,1955,Color,DVD,"27-08-1956 Trocadero
 Título local: El escándalo del siglo.
 A prinicipios delsiglo XX una joven se casa con un millonario pese a que anteriormente a estado enamorada de un hombre casado."
2767,LA LLAMADA FATAL,Suspenso,Ray Milland,Grace Kelly,Robert Cummings,Alfred Hitchcock,1954,Color,DVD,"11-06-1956 Iguazú, El Polvorín.
 Un hombre busca asesinar a su esposa y para ello convence a un antiguo compañero de estudios mediante una sutil extorsión."
2772,ARABESCO,Suspenso,Gregory Peck,Sophia Loren,Alan Badel,StanleyDonen,1966,Color,DVD,"17-09-1966 Plaza
 Un Prof es contratado para descifrar un mensaje secreto sin saber que a partir de ese momento su vida corre peligro."
2773,ASHANTI,Aventuras,Michael Caine,Peter Ustinov,Kabir Bedi,Richard Fleischer,1978,Color,DVD,"18-05-1979 Censa
 La esposa de un médico estadounidense, médica también es raptada por traficantes de esclavos. Las autoridades niegan que haya tráfico de esclavos por lo que encara el rescate por su cuenta."
2808,HOTEL ALOJAMIENTO,Comedia,Olinda Bozán,Rodolfo Bebán,Marilina Ross,Fernando Ayala,1966,B&N,DVD,"17-06-1966 Ariel, Coventry
  Distintas historias en un hotel de alta rotatividad."
3113,PAPA FUE UN DEFENSA,Comedia,Fred MacMurray,Maureen O'Hara,Betty Lynn,John M. Stahl,1949,B&N,DVD,"28-07-1950 Ambassador
 Un entrenador de futbol universitario además de los problemas de una mala temporada debe enfrentar los de su casa con sus dos hijas"
2829,SESENTA SEGUNDOS DE VIDA,Bélica,Alan Ladd,Harry Andrews,Susan Stephen,Terence Young,1953,Color,DVD,"20-08-1954 California
 Un oficial norteamericano que ha pedido la baja por sentirse culpable de la muerte de un compañero, se alista como voluntario en una unidad inglesa de adiestramiento de paracaidistas."
2794,UN BIBERON EN LA ONU,Comedia,Bob Hope,Michel Mercier,Elga Andersen,Jack Arnold,1964,B&N,DVD,"23-05-1964 Metro. Título local: Problema Mundial
  Un diplomático encuentra un bebé abandonado en el edificio de la ONU. Como nadie sabe qué país tendría que ocuparse de él, decide encargarse él mismo de cuidar al recién nacido."
2795,CERVEZA PARA TODOS,Comedia,Bob Hope,Gina Lollobrigida,Phyllis Dillier,Frank Tashlin,1968,Color,DVD,"No estrenada en salas en Uruguay.
 El sargento O'Farrell es un soldado asignado en una isla del Pacífico que intenta llenar dos conceptos básicos que el cree necesarios para mantener en alto la moral de las tropas: mujeres y cerveza."
2774,LA INTIMIDAD DE UNA ESTRELLA (The Big Knife),Drama,Jack Palance,Ida Lupino,Wendell Corey,Robert Aldrich,1955,B&N,DVD,"23-07-1956 Ariel
  Un actor no está satisfecho con sus últimos roles. Cuando le hacen una tentadora oferta por un papel,que el considera afectaría su reputación, lo rechaza. El productor lo chantajeará amenazando revelar hechos de su pasado que ensuciarían más su prestigio que el rol que le ha ofrecido."
2775,LA LEYENDA DE BILL DOOLIN,Western,Burt Lancaster,John Savage,Diane Lane,Lamont Johnson,1981,Color,DVD,"20-08-1981. Eliseo. Título Local La Gavilla Maldita
 En 1883, dos chicas marchan hacia el Oeste dispuestas a vivir toda clase de aventuras.
 Basada en hechos reales. Adaptación de una novela de Robert Ward."
2776,HABLE CON ELLA,Drama,Javier Cámara,Darío Grandinetti,Leonor Watling,Pedro Almodovar,2002,Color,DVD,"15-11-2002 Plaza, Movie Center Mdeo, P. Carretas, Portones, Alfabeta hoyts
  Un enfermero cuida a una enferma en estado de coma."
2781,CELOS,Drama,Zully Moreno,Pedro López Lagar,Juan Jose Miguez,Mario Soffici,1946,B&N,DVD,"15-05-1947 Radio City
  Un hombre cree infiel a su esposa, la vigilia y persigue hasta matarla."
2782,EL OTRO YO DE MARCELA,Comedia,Delia Garcés,Alberto Closas,Juan Carlos Mareco,Alberto de Zavalia,1950,B&N,DVD,"27-06-1950 Grand Palace, Luxor
   Dos maridos infieles utilizan como sustituto a un tímido Profesor quien por candidez hace que esposas y amantes se conozcan."
2783,INTERPOL LLAMANDO A RIO,Policial,Julia Sandoval,Tito Alonso,Enrique Kossi,Leo Fleider,1962,Color,DVD,"7-11-1962 Radio City
 Luego de un atraco, dos ladrones huyen a Brasil, con una cantante de Cabaret."
2785,LOS INOCENTES,Drama,Alfredo Alcón,Paloma Valdés,Enrique Fava,Juan Antonio Bardem,1963,B&N,DVD,"21-12-1967 Coventry
 Un hombre pierde a su esposa en un accidente posteriormente descubrirá que ella le era infiel."
1508,"LOCURAS,TIROS Y MAMBO",Comica,Juan Verdaguer,Blanquita Amaro,Rafael Carret,Leo Fleider,1951,B&N,DVD,"Fecha de estreno en Montevideo:5-11-1951. Amvassador, Grand Palace
   Los cinco amigos se unen a una cubana para enfrentar a una poderosa banda que quiere adueñarse del teatro en que actúan."
2786,LAS SORPRESAS,Drama,Juana Hidalgo,China Zorrilla,Juan Manuel Tenuta,Luis Puenzo y otros,1975,Color,DVD,"13-06-1985 Central.
 CINCO AÑOS DE VIDA
                        Un hombre y una mujer desconocidos pasan una noche encerrados en una estación de trenes.
  CORAZONADA
                       Una sirvienta se venga de su patrona, conquistando a su hijo.
  LOS POCILLOS
                       Un triángulo amoroso en que el esposo es ciego."
2787,OPERACIÓN SAN ANTONIO,Comedia,Evangelina Salazar,Norberto Suárez,Antonio Garasa,Enrique Carreras,1968,Color,DVD,"2-08-1968 Trocadero.
  Un cura de aldea protege a una joven madre soltera rechazada por la gente y por el intendente."
2788,PIMIENTA Y PIMENTON,Comedia,Luis Sandrini,José Marrone,Ubaldo Martinez,Carlos Rinaldi,1970,Color,DVD,"20-04-1970 Plaza
  Dos payasos amigos cuidan a dos huérfanos como si fueran sus hijos. La llegada de un tio que los reclama introduce el conflicto, pero todo tendrá un final feliz."
2789,LOS CHANTAS,Comedia,Norberto Aroldi,Maria Concepción César,Elsa Daniel,José Martínez Suárez,1975,Color,DVD,"3-10-1975 Ariel
  Entre otros personajes, un cafetero ambulante, un actor retirado, un jugador,un fotografo y un provinciano conviven en una pensión ganándose la vida con ingeniosas maniobras y soñando con el gran golpe."
2806,TODO EL AÑO ES NAVIDAD,Drama,Raul Rossi,Narciso Ibañez Serrador,Enrique Guarnero,Román Viñoly Barreto,1960,B&N,DVD,"30-10-1962 Continental
   Bajo la apariencia de obrero, empleado, mucamo y barman Santa Claus soluciona problemas a distintas personas."
2807,ORDEN DE MATAR,Cine Negro,Jorge Salcedo,Nelly Meden,Walter Vidarte,Román Viñoly Barreto,1965,B&N,DVD,"21-07-1970 Teatro Artigas
 Un inspector de policía persigue a delincuentes juveniles hasta terminar autodestruyéndose."
2809,ME CASE CON UN BOLUDO,Comedia,Adrian Suar,Valeria Bertuccelli,Norman Briski,Juan Taratuto,2016,Color,DVD,"17-03-2016 Grupo Cine Ejido, P Carretas. Life, Movie Center.
  Durante un rodaje una pareja de actores se enamoran y el romance termina en boda. Durante la luna de miel ella se da cuenta que se casó con un tonto. Junto a su representante este ideará un plan para reconquistarla."
2823,MARLOWE (Sombras de un crimen),Cine Negro,Liam Neeson,Diane Kruger,Jessica Lange,Neil Jordan,2022,Color,DVD,"27-04-2023 Grupocine, Movie
  El detective privado Marlowe es contratado por una mujer para que averigüe el parado de un hombre que fue su amante."
2812,ROBIN HOOD DE CHICAGO,Comedia,Frank Sinatra,Dean Martin,Peter Falk,Gordon Douglas,1964,Color,DVD,"4-03-1965. 18 de Julio
   Durante la Gran Depresión, el gangster (Sinatra) que domina la zona norte de Chicago, espera arrebatarle el poder a su rival (Falk). Sinatra usa sus negocios teniendo como tapadera negocios filantrópicos y, después de quedarse con una parte de los beneficios, reparte el resto a los pobres."
2803,TONY ROME,Cine Negro,Frank Sinatra,Richard Conte,Jill St John,Gordon Douglas,1967,Color,DVD,"30-09-1968 Censa
  La hermosa hija de un rico constructor aparece borracha e inconsciente en una habitación de hotel y el detective privado Tony Rome es contratado para devolverla a su hogar para evitar el escándalo. Al día siguiente, el broche de diamantes de la chica ha desaparecido misteriosamente y el detective pasa a ser sospechoso de tenerlo."
2790,ME SOBRA UN MARIDO,Comedia,Susana Gimenez,Juan Carlos Calabró,Rodolfo Ranni,Gerardo Sofovich,1973,Color,DVD,"4-08-1987 Grand Splendid
 Una hermosa mujer, entre dos hombres distintos"
2802,SATAN ENCONTRO UNA MUJER,Cine Negro,Bette Davis,Warren William,Alison Skipworth,William Dieterle,1936,B&N,DVD,"22-09-2009 Cine Universitario
 La búsqueda de la un cuerno usado por Roldan en la Edad Media por varios y extraños personajes.
 En esta versión se sustituye el halcón maltés por la trompeta mencionada."
2791,EL MUERTO,Drama,Juan José Camero,Thelma Biral,Francisco Rabal,Héctor Olivera,1975,Color,DVD,"29-08-1975 18 de Julio
 Un fugitivo porteño se une a la banda de un traficante brasileño que opera en Uruguay. Su ambición lo lleva a ganar poder pero nada resultará como él planea."
2792,EL NADADOR,Drama,Burt Lancaster,Janette Landgard,Janice Rule,Sydney Pollack,1968,Color,DVD,"24-07-1969 California
 Un vecino de un elegante barrio de Connecticut recorre las mansiones nadando en las piscinas de las mismas. En el camino se irá reencontrando con retazos de su vida sobre todo mujeres que alguna vez frecuentó y buscará reconstruir su memoria personal."
2793,LOS TEMERARIOS DEL AIRE,Drama,Burt Lancaster,Deborah Kerr,Gene Hackman,John Frankenheimer,1969,Color,DVD,"3-12-1970 Metro. Título local: Legan Los Paracaidistas.
 Un trio de personajes a los que les atrae el riesgo se ganan la vida arrojándose en paracaidas."
2810,LA MALAVIDA,Drama,Hugo del Carril,Victor Laplace,Tito Alonso,Hugo Fregonese,1973,Color,DVD,"31-08-1973 Ariel, Radio City
  Durante la década del 20 del siglo XX grupos mafiosos se enfrentan por el dominio del mundo de la prostitución y otros delitos."
2811,DIVORCIO A LA AMERICANA (Segunda luna de miel),Comedia,Frank Sinatra,Deborah Kerr,Dean Martin,Jack Donohue,1965,Color,DVD,"24-08-1966 Ariel
   Un matrimonio realiza una segunda luna de miel en México. Allí conocen a un abogado experto en casamientos y divorcios expres."
2817,JUAN MOREIRA,Drama,Rodolfo Bebán,Edgardo Suárez,Elcira Olivera Garcés,Leonardo Favio,1973,Color,DVD,"17-09-1973 Plaza
  Encarcelado por reclamar una deuda, Juan Moreira es torturado y luego liberado, pero tiempo después lo perseguirán hasta matarlo."
2796,PISTOLEROS,Western,Randolph Scott,Barbara Britton,Bruce Cabot,George Waggner,1947,Color,DVD,"29-04-1947 Radio City. Título local: Horizontes de Sangre
 Un pistoero hace la promesa de no volver a utilizar más las armas y decide marchar a trabajar a un rancho,sin embargo varios sucesos pondrán en peligro su promesa."
2797,EXTRAÑO CARGAMENTO,Aventuras,Clark Gable,Joan Crawford,Ian Hunter,Frank Borzage,1940,B&N,DVD,"26-07-1940 Metro
 Un grupo de fugados y una mujer deben enfrentarse a los elementos después de protagonizar una arriesgada huida de la carcel."
2798,THE BLACK BIRD,Comedia,George Segal,Stephanie Audran,Lionel Stander,David Giler,1976,Color,DVD,"11-11-1976 Trocadero
  El hijo de Sam Spade se ve envuelto en la búsqueda de el halcón maltés al igual que su padre."
2799,HITCHCOCK,Drama,Anthony Hopkins,Helen Mirren,Scarlett Johansson,Sacha Gervasi,2012,Color,DVD,"8-03-2013 Moviecenter Mdeo y Punta Carretas, Life Alfa Beta, Grupo Cine Torre de los Profesionales.
  Los entretelones de la filmación de la película Psicosis"
2800,EL HALCON MALTES,Cine Negro,Humphrey Bogart,Mary Astor,Sydney Greenstreet,John Huston,1941,B&N,DVD,"05-03-1942 Radio City
 La búsqueda de la preciada estatuilla, engarzada con joyas en la que participan variados personajes."
2814,HOOK El retorno del Capitán Garfio,Ciencia Ficción,Dustin Hoffman,Robin Williams,Julia Roberts,Steven Spielberg,1991,Color,DVD,"10-04-1992 Trocadero, Shopping Montevideo
   Peter Pan debe retornar al país de Nunca Jamás para salvar a sus dos hijos en manos del Capitán Garfio."
2801,EL HALCON MALTES,Cine Negro,Ricardo Cortez,Bebe Daniels,Una Merkel,Roy del Ruth,1931,B&N,DVD,"15-09-2009 Cine Universitario
 La búsqueda de la estatuilla de oro engarzada con varias piedras preciosas por varios personajes."
2815,HOTEL INTERNACIONAL,Drama,Elizabeth Taylor,Richard Burton,Orson Welles,Anthony Asquith,1963,Color,DVD,"5-09-1963 Metro, Censa, Ambassador
  El vuelo de Londres a Estados Unidos tiene en vilo a todos los pasajeros porque una espesa niebla ha sido demorado. Los pasajeros deben afrontar problemas de los que huían."
2921,LA NOCHE DE VENUS,Drama,Alberto de Mendoza,Ivana Kislinger,José Cibrián,Virgilio Muguerza,1954,B&N,DVD,"4-07-1957 Grand Palace
 Una ambiciosa actriz quiere triunfar, sin importar que esto im´lique la pérdidade sus seres queridos."
2816,EL ARBOL DE LA VIDA,Drama,Montgomery Clift,Elizabeth Taylor,Eva Marie Saint,Edward Dmytryk,1957,Color,DVD,"17-07-1958 Metro
  En el año 1859 John Wickliff (Clift) acaba de graduarse en la escuela superior de Raintree County. Su ideal es descubrir el mítico árbol de la vida del que se dice ""abre todas las cerraduras y cierra todas las heridas"". Su novia de la infancia es Nell Gaither (Eva Marie Saint), pero no llagarán a casarse pues se cruza en el camino la bella sureña Susanna Drake (Elizabeth Taylor) que se las ingenia para llevarlo al altar. Esta padece un deterioro mental que la llevará a la locura."
2820,DON DINERO (Don Dólar),Comedia,Frank Sinatra,Jane Russell,Groucho Marx,Irving Cummings,1951,B&N,DVD,"9-12-1953 California
 Un humilde trabajajor de banco, conoce a un corredor de apuestas que le convence para jugar. Con eso gana una fortuna. Pero su novia y un amigo mozo de bar estan convencidos que ha robado el dinero del banco en trabaja ya que se descubrió un faltante de dinero."
2821,EL VIRGINIANO (Temp 1),Western,Doug McClure,James Drury,Lee J. Cobb,Varios,1962,Color,DVD,"Aventuras en Wyoming, en el oeste de USA a fines del siglo XIX.
Actores Invitados:
 Vera Miles    ep 19
 Brandon de Eilde  ep 12
 Ida Lupino ep 25
 Roy Bracroft Ep 21
 Lee Marvin Ep 9
 George Scott Ep 5
 Robert Duval Ep 24
 Robert Vaughn Ep 20
 Bette Davis Ep 13
 Barry Sullivan Ep 2
 Brian Keith Ep 15
 Nancy Sinatra Ep 20"
2080,"WATUSI, guardianes de las minas del rey salomón)",Aventuras,George Montgomery,Taina Elg,Davis Farrar,Kurt Neumann,1959,Color,DVD,"28-01-1960 Metro
Harry Quatermain hijo del famoso explorador Alan Quatermain regresa a Africa. Está empeñado en llegar a las legendarias minas del rey Salomón. Para ello conseguirá la ayuda de Rick Cobb un viejo amigo de su padre que aún vive en Africa. El camino no será fácil y los expedicionarios tendrán que enfrentarse a continuos peligros para hallar el mítico tesoro."
2830,LOS PASOS DEL DESTINO,Drama,Glenn Ford,Rod Taylor,Suzanne Pleshette,Ralph Nelson,1964,B&N,DVD,"17-02-1966 Censa
 Sobre el Capitán de un vuelo que culmina con 53 fallecidos, recaen las sospechas de haberse equivocado y provocar la tragedia. El director de operaciones de la compañía, compañero de armas durante la segunda guerra mundial (Glenn Ford) ,se resiste a aceptar las conclusiones oficiales porque está convencido de la inocencia de su amigo."
2833,ROLANDO RIVAS TAXISTA,Comedia,Claudio García Satur,Soledad Silveyra,Marcelo Marcote,Julio Saraceni,1974,Color,DVD,"17-10-1974 Censa
 Un taxista encuentra a su primer amor. Basada en un gran éxito de la televlisión. Esta película tiene un final feliz que el original no tenía."
2819,EN EL CORAZON DE LA TIERRA,Ciencia Ficción,Doug McClure,Peter Cushing,Caroline Munro,Kevin Connor,1976,Color,DVD,"1-01-1977 Ariel
  El científico Adner Perry ha creado una máquina que puede viajar al centro de la tierra. El y su ayudante David Innes deciden ponerla a prueba y accidentalmente acaban en el mundo prehistórico. Alli serán capturados por unos seres que tienen esclavizados a más humanos gracias a su control mental. Durante su cautiverio Davis conocerá a la princesa Dia, una humana que es la siguiente víctima para el sacrificio."
2822,LOS JINETES DE MACKENZIE (serie TV),Western,Richard Carlson,Riley Hill,Jack Gring,Varios,1958,B&N,DVD,Las aventuras de Ranal Mackenzie y los de caballería bajo su mando del regimiento estacionado en Fort Clark. Tenía órdenes directas del Presidente de USA de proteger la frontera.
2824,LA CONQUISTA DE COCHISE,Western,Robert Stack,John Hodiak,Joy Page,William Castle,1953,Color,DVD,"4-05-1954 Victory
Título local: El hijo de los llanos
  Un oficial de caballería intenta mantener la calma mientras que el jefe apache Cochise está dispuesto a firmar la paz bajo ciertas condiciones."
2825,EL CAPITAN JONES,Histórica,Robert Stack,Charles Coburn,Marisa Pavan,John Farrow,1959,Color,DVD,"23-01-1961 18 de julio
 Título local: Su imperio era el océano.
 Biografía del héroe John Paul Jones durante la guerra de la independencia de los EEUU. Fue un marino destacado por su valentía pero enfrentamientos con el Congreso terminaron destinándolo a Rusia para dirigir la armada de la Zarina Catalina la Grande."
2834,LOS VICIOSOS,Drama,Jorge Salcedo,Graciela Borges,Eduardo Cuitiño,Enrique Carreras,1962,B&N,DVD,"23-05-1963 Trocadero
  La policía investiga una red del narcotráfico. Ascenso y caida de una chica de buena familia a causa de las drogas."
2835,VIVIR UN INSTANTE,Drama,Tita Merello,Alberto Closas,Eduardo Cuitiño,Tulio Demicheli,1950,B&N,DVD,"8-05-1951 Grand Palace
 Un hombre y una mujer se dedican al contrabando de gente."
2836,VIDA NOCTURNA,Comedia,Jose Marrone,Olga Zubarry,Hugo del Carril,Leo Fleider,1955,B&N,DVD,"1-02-1956 Coventry
  El ambiente de un cabaret en una noche de Fin de año."
2837,LOS ORILLEROS,Drama,Rodolfo Bebán,Alberto Argibay,Oscar Ferrigno,Ricardo Luna,1975,Color,DVD,"30-09-1976 Coventry
  La vida, costumbres y muerte de un hombre autoritario"
2827,LA HORCA FATAL (La venganza del ahorcado),Terror,Boris Karloff,Lorna Gray,Robert Wilcox,Nick Grinde,1939,B&N,DVD,"26-01-1940 Azul
 El Dr Savaard (Boris Karloff) es un brillante científico que ha desarrollado un corazón artificial. Tras intentar realizar un arriesgado experimento en el que muere un hombre, el Dr es acusado por la novia del ayudante del doctor y es condenado a morir en la horca. Después de la ejecución y gracias a su ayudante, regresará a la vida para vengarse de aquellos que lo enviaron a la muerte."
2828,EL HOMBRE DE LA MASCARA DE HIERRO,Aventuras,Louis Hayward,Joan Bennett,Warren William,James Whale,1939,B&N,DVD,"26-09-1939 Radio City
 Francia, siglo XVII. El reina ha parido mellizos. Uno será criado como Delfín heredero del trono. El otro es entregado a D'Artagnan para su cuidado. Cuando el hermano, ya rey, se entera de su existencia lo encierra cubriendo su rostro con una máscara de hierro"
2826,JOHNNY RENO,Western,Dna Andrews,Jane Russell,John Agar,R.G.Springsteen,1966,Color,DVD,"21-08-1967 Iguazú
 Los ciudadanos de Stone Junction desean linchar a un sospechoso de asesinato. Psra lograrlo habrán de enfrentarse al alguacil Johny Reno."
2839,CAIDOS EN EL INFIERNO,Drama,Laura Hidalgo,Alberto de Mendoza,Eduardo Cuitiño,Luis Cesar Amadori,1954,B&N,DVD,"12-05-1955 Coventry
  Una ambiciosa mujer vive con un hombre de fortuna pero ama a otro"
2843,EL ZORRO DE MONTERREY,Aventuras,Charles Quiney,Lea Nanni,Vidal Molina,Jose Luis Merino,1971,Color,DVD,"No estrenada en salas de Uruguay.
 En la época de la independencia de California los gobernantes de Monterrey elaboran un plan para apoyar al jefe de una banda de ladrones. El hijo del anterior gobernador llega de incógnito a la ciudad sin que nadie sepa quien es y que su padre era ¡el Zorro!. Las situación será propicia para que el héroe enmascarado reaparezca."
2844,ESTUDIO DE TERROR,Suspenso,John Neville,John Fraser,Anthony Quayle,James Hill,1965,Color,DVD,"3-06-1967 Plaza
 Enfrentamiento del famoso detective con Jack el Destripador. Buen guión en el que se acumulan las habituales deducciones que disfrutan todos los admiradores de Sherlock Holmes."
2831,EL REY PELE,Documental,Pelé,Eduardo Abbas,Celeste Arantes,Carlos H. Christensen,1965,B&N,DVD,"6-05-1964 Rex.
 Biografía novelada del futbolista Pelé."
2832,SOMOS ?,Drama,Jorge Martínez,Silvia Kutica,Olga Zubarry,Carlos H. Christensen,1982,Color,DVD,"No estrenada en salas.
  El hijo de un estanciero es atraido por una mujer mayor. Resulta ser su madre y vive en un cementerio."
2838,EL MILLONARIO,Comedia,Adolfo Stray,Héctor Calcagno,Pierina Dealessi,Carlos Rinaldi,1955,B&N,DVD,"4-08-1955 Central
 Un hombre es confundido con el ganador de la Loteria y comienza a repartir dinero prestado."
2840,LOS EVADIDOS,Policial,Jorge Salcedo,Tita Merello,Walter Vidarte,Enrique Carreras,1963,B&N,DVD,"9-07-1964 Trocadero
  El motín e intento de fuga de un grupo de presos."
2841,LOS TROTAMUNDOS,Western,James Garner,Louis Gossett Jr,Susan Clark,Paul Bodart,1971,Color,DVD,"17-02-1972.
Título local: El rey de los pícaros.
 Quincy Drew (James Garner) y su amigo Jason (Louis Gossett Jr) son dos estafadores que viajan de Missouri a Kansas haciéndose pasar por terrateniente y esclavo negro respectivamente. En cada pueblo Quincy vende a Jason y, luego huyen con el dinero."
2842,LA JUNGLA EN ARMAS (La última  frontera),Bélica,Gary Cooper,David Niven,Andrea Leeds,Henry Hathaway,1939,B&N,DVD,"8-02-1940 Radio City
 El ejército norteamericano tiene previsto abandonar Filipinas y deja a un pequeño grupo de oficiales para entrenar a la población a defenderse de un grupo musulmán que pretende llegar al poder."
2845,LA PARDA FLORA,Drama,Amelia Bence,Carlos Cores,Bernardo Perrone,Leon Klimovsky,1952,B&N,DVD,"14-04-1953 Coventry
  En el Buenos Aires de principios del siglo XX una mujer de dudoso pasado vive un romance con el hijo de un hombre rico e influyente en política."
2846,LA DAMA DEL MAR,Drama,Zully Moreno,Alberto Closas,Roberto Airaldi,Mario Soffici,1953,B&N,DVD,"16-08-1954 Ambassador
  Una mujer atada a su pasado lucha desesperadamente por vencerlo.
  Aburrida adaptación de Ibsen."
2847,ALIAS GARDELITO,Drama,Alberto Argibay,Walter Vidarte,Virginia Lago,Lautaro Murúa,1961,B&N,DVD,"14-08-1961 Coventry
  Tratan de trepar, un lumpen utiliza a los demás y termina devorado por el sistema.
   Obra esencial de la generación de los sesenta y de la historia del cine rioplatense."
2848,UN MUCHACHO COMO YO,Comedia,Palito Ortega,Osvaldo Miranda,Soledad Silveyra,Enrique Carreras,1968,Color,DVD,"14-03-1968 Trocadero
  Un muchacho aspirante a cantante y poco apegado al dinero se relaciona con una chica rica, pese a la oposición de su padre.
  Remake de ""Ritmo, amor y picardía"" del mismo Carreras"
2849,LA PARTE DEL LEON,Cine Negro,Julio de Grazia,Luisina Brando,Fernanda Mistral,Adolfo Aristarain,1978,Color,DVD,"01-01.1982 Atlas
  Por casualidad, un hombre mediocre toma posesión de un dinero robado a un banco. Cree que es la solución a todos sus problemas, pero ocurrirá lo contrario."
2850,TRUMAN,Drama,Ricardo Darín,Javier Cámara,Dolores Fonzi,Cesc Gay,2015,Color,DVD,"8-10-2015 Grupo Cine, Life, Movie Center
  Un enfermo terminal Darín decide suspender su tratamiento y busca quien puede hacerse cargo de Truman, su perro."
2861,EN ESTE MUNDO TRAIDOR,Comedia,Claudette Colbert,James Stewart,Guy Kibbee,W.S.Van Dike,1939,B&N,DVD,"3-11-1939 Metro
 El cliente de un detective es acusado de asesinato. El hombre termina siendo condenado a muerte y el detective a un año de prisión por ocultarle.Cuando le trasladan a la carcel logra fugarse. Tratará de averiguar la verdad, retiene a una poetisa. El detective no es peligroso, pero por suerte, para él, la policia no demuestra demasiada percia a la hora de capturarle."
2852,LA HISTORIA DE IRENE CASTLE,Drama,Fred Astaire,Ginger Rogers,Edna May Oliver,H.C. Potter,1939,B&N,DVD,"9-09-1939 Rex
  Una joven se enamora de un actor de vodevil y lo convence para formar juntos una pareja de baile. Tras contraer matrimonio, se convertirán en la pareja de moda del país. El es enviado a la guerra y las cosas cambiarán para siempre.
  Este fue el últimos de los musicales que la pareja rodó para la RKO y la historia es dramática. La propia Irene Castle asesoró el rodaje."
2851,LA MASACRE DEL DIA DE SAN VALENTIN,Policial,Jason Robards,George Segal,Jean Hale,Roger Corman,1967,Color,DVD,"16-05-1968 Censa
   Relato de la histórica masacre que la banda de Al Capone llevó a cabo para liberarse de un grupo rival."
2862,LINCOLN EN ILLINOIS,Drama,Raymond Massey,Gene Lockhart,Ruth Gordon,John Cromwell,1939,B&N,DVD,"16-11-1940 Rex
  La etapa de la vida de Lincoln en Illionis, antes de ser legislador."
2866,DIARIO DE UN LOCO,Suspenso,Vincent Price,Nancy Kovack,Chris Warfield,Reginald Le Borg,1963,Color,DVD,"2-03-1964 Central
  Una sesino en su lecho de muerte, confiesa que quiere morir, ya que hay algo mas fuerte que su voluntad que le obliga a cometer crímenes."
2853,EL DETECTIVE,Policial,Frank Sinatra,Lee Remick,Ralph Meeker,Gordon Douglas,1968,Color,DVD,"3-03-1969 Censa
  El hijo de un hombre de gran ifluencia política es asesinado, el encargado de resolver el caso es el detective interpretado por Frank Sinatra."
2864,LOS DESALMADOS (Los Desesperados),Western,Randolph Scott,Glenn Ford,Claire Trevor,Charles Vidor,1942,Color,DVD,"23-02-1944 Trocadero
   Un pistolero llega a una localidad contratado para asaltar un banco, pero ante su retraso, el delito ya ha sido cometido."
2855,ZOMBIES EN BROADWAY,Comedia,Bela Lugosi,Wally Brown,Alan Carney,Gordon Douglas,1945,B&N,DVD,"No estrenada en salas en Uuruguay
   Dos torpes agentes de prensa tienen que encontrar un zombie ya que promocionaron un night club anunciando la presentación de uno. Dispuestoa hallar un muerto viviente, se embarcan para una isla caribeña. Ubican a un científico que quiere zombificar gente."
2856,EL BESO DE LA MUERTE,Suspenso,Bela Lugosi,David Manners,Adrienne Ames,Edwin L. Marin,1932,B&N,DVD,"No estrenada en salas en Uruguay.
  Mientras se filma la escena final del film ""El beso de la muerte"" el actor es asesinado de verdad. Hay varios sospechosos dado que la estrella ha flirteado a casi todas las damas del estudio."
2854,"BUENA SUERTE, LEO GRANDE",Comedia,Emma Thompson,Daryl McCormack,Isabella Laughland,Sophie Hyde,2022,Color,DVD,"28-07-2022 Grupo Cine, Life Cinema, Movie
  Una mujer viuda, con una hija y casi 60 años  que nunca experimentó un orgasmo contrata un joven y tiene varios encuentros. Durante los mismos tendrán conversaciones que ayudarán ambos."
2867,EL PAJARO DE LAS PLUMAS DE CRISTAL,Suspenso,Tony Musante,Suzy Kendall,Enrico Maria Salerno,Dario Argento,1970,Color,DVD,"6-05-1972 18 de julio
  Sam Dalmás, un joven escritor americano, está punto de marcharse de Roma para volver a Estados Unidos. La noche antes de su partida asiste a la agresión de Mónica, encargada de una sala de arte que es apuñalada y desaparece en las sombras. El Comisario Morosini es encargado de la investigación y sospecha de que hay un asesino serial. Sam decide quedarse e investigar por su cuenta."
2868,ASESINATOS DE LA CALLE MORGUE,Suspenso,Jason Robards,Christine Kaufmann,Herbert Lom,Gordon Hessler,1971,Color,DVD,"No estrenada en salas en Uruguay
   Algunos actores de una compañía teatral que representa la obra ""Asesinatos de la Calle Morgue"" son asesinados sin razón aparente."
2865,SOLO LOS VALIENTES (version colorizada),Western,Gregory Peck,Barbara Payton,Ward Bond,Gordon Douglas,1951,Color,DVD,"5-12-1955 Plaza
 El Capitán Lance es injustamente acusado por su novia y sus hombres de la muerte de el apreciado teniente Holloway, masacrado por los indios. Con un pequeño grupos de soldados, Lance encabeza una misión suicida, la de defender un fuerte abandonado hasta que lleguen los refuerzos. El grupo elegido por el Capitán lo forma una curiosa mezcla de descontentos, deserteros, psicópatas, borrachos y cobardes.."
2857,PAPA CORAZON SE QUIERE CASAR,Comedia,Andrea del Boca,Norberto Suárez,Elizabeth Killian,Enrique Cahen Salaberry,1974,Color,DVD,"8-07-1974 Ambassador
  Una niña trata por todos los medios que su padre no se case con una ambiciosa mujer.
  Adaptación del famoso teleteatro ""Papá corazón"", con Andrea del Boca lloriqueando continuamente."
2858,UN PUENTO LEJANO,Bélica,Dick Bogarde,Michael Caine,Sean Connery,Richard Attenborough,1977,Color,DVD,"18-08-1977 Ariel, Radio City, Carrasco
  Esta película describe el ambicioso plan que provocó a los aliados tantas víctimas como el desembarco en Normandía y terminó en un fracaso."
2859,LITTLE BIG HORN,Western,Lloyd Bridges,John Ireland,Marie Windsor,Charles Marquis Warren,1951,Color,DVD,"No estrenada en salas en Uruguay
  Una pequeña patrulla debe llegar a la zona de Little Big Horn para advertir al General Custer que los sioux se están organizando para sorprenderlo. Mientras compiten contra el tiempo, que es escaso, son acosados por kos indígenas que los van diezmando en cada escaramuza."
2860,PUEBLO SIN HOMBRES (The secret of convict lake),Western,Glenn Ford,Gene Tierney,Ethel Barrymore,Michael Gordon,1951,B&N,DVD,"28-05-1952 California
 Unos convictos fugados de la carcel tratan de cruzar una montañas durante una tormenta de nieve. Llegan a un valle donde has unas cabañas donde circunstancialmente un grupo de mujeres están sin sus parejas."
2863,"ADIOS,MR CHIPS",Drama,Robert Donat,Greer Garson,Kerry Kilburn,Sam Wood,1939,B&N,DVD,"11-10-1939 Metro
   Un tímido Profesor de inglés dedica toda su vida a enseñar a varias generaciones de alumnos."
2875,MAS ALLA DE LA MUERTE,Terror,Narciso Ibañez Menta,Tony Isbert,Berta Cabré,Sebastián D'arbó,1986,Color,DVD,"No estrenada en salas
  Un psiquiatra austríaco visita al Dr Hamemann que ha experimentado en actividades paraciéntíficas y la posibilidad de la existencia de vida mas allá de la muerte."
2869,EL MASTIN DE LOS BASKERVILLE,Suspenso,Ian Richardson,Donald Churchill,Denholm Elliot,Douglas Hickox,1983,Color,DVD,"No estrenada en salas en Uruguay.
   La maldición que pesa sobre los Baskerville ha traido desgracias y muerte a la familia durante varias generaciones. Luego de un nueco asesinato de un Baskerville, Sherlock Holmes inicia una investigación y pronto se dará cuenta que Sir Henry, el último de la familia puede ser la próxima víctima."
2879,MI VIUDO Y YO,Comedia,Alberto Closas,Blanquita Amaro,Hector Mendez,Enrique cahen Salaberry,1954,B&N,DVD,"No estrenada en salas en Uruguay
   Una bailarina es dada por muerta en la noche de su boda y vuelve como un fantasma"
2876,DE VUELTA A CASA,Familiar,Don Adler,Ed Bernard,Michael J. Fox,Duwayne Dunham,1993,Color,DVD,"1-07-1994 Nuevo Ambassador
  Tres amigos, un perro Perdiguero, un cachorro de Bulldog y una gata del Himalaya se ven separados de la familia con la que viven. Los tres compañeros emprenden un increible viaje de vuelta a casa a traves de la naturaleza hostil. Una inolvidable historia de coraje, valor y amistad."
2880,LA CAMPANA NUEVA,Drama,Pedro Quartucci,Rosa Rosen,Florindo Ferrario,Luis Moglia Barth,1950,B&N,DVD,"22-02-1950 Grand Palace
   Dos Maestros rurales y su lucha por levantar la escuela despuésv de un tornado."
2881,ELLOS NOS HICIERON ASI,Drama,Olga Zubarry,Tito Alonso,Alberto de Mendoza,Mario Soffici,1952,B&N,DVD,"20-04-1953 Ambassador
   La vida y el futuro de unos muchachos de barrio de distinta posición económica, es producto de la educación recibida en sus hogares."
2882,PELOTA DE CUERO,Drama,Armando Bo,Victor Bo,Nelly Beltran,Armando Bó,1963,Color,DVD,"15-07-1963 Central
   La trayectoria de un futbolista, desde formativas hasta llegar al primer equipo y terminando consu suicidio cuando lo quieren sustituir transfiriéndolo a otro equipo.
   Trama basada en la vida de Abdón Porte, futbolista de Nacional de Montevideo, que al ser sustituido del primer equipo se disparó en el centro de la cancha del Parque Central."
2890,MISTERIO EN VENECIA,Policial,Kenneth Branagh,Kyle Allen,Camille Cottin,Kenneth Branagh,2023,Color,DVD,"14-09-2023 GrupoCine Ejido, Life Cinema,Movie Montevideo, M Nuevo Centro,Portones, P Carretas
   Retirado y viviendo en Venecia, Poirot asiste a regañadientes a una sesión de esperitismo en la que un asistente es asesinado, lo que empuja al famaso detective a un mundo de sombras y secretos."
2901,BRICK BRADFORD (Serial),Aventuras,Kane Richmond,Rick Vallin,Linda Johnson,Spencer Bennet,1947,B&N,DVD,"15-01-1949. En varias salas, en episodios
  Las aventuras de Brick Bradford incluyen viajes a la Luna y al pasado."
2891,TESTIGO ACCIDENTAL (Al margen del peligro),Suspenso,Gene Hackman,Anne Archer,J.T. Walsh,Peter Hyams,1990,Color,DVD,"7-03-1991 Nuevo Ambassador
 Un fiscal de distrito lleva a juicio a unos hampones. Su principal testigo es una mujer reacia a concurrir a declarar. Durante el largo viaje en tren se produce un enfrentamiento entre el fiscal y los delincuentes dónde aquel usará la astucia y la inteligencia por encima de la fuerza.
  Remake del film del mismo nombre del año 1952 con Charles McGraw y Marie Windsor dirigido por Richard Fleischer."
2870,DAMAS DEL TEATRO,Comedia,Ginger Rogers,Katharine Hepburn,Lucille Ball,Gregory La Cava,1937,B&N,DVD,"2-04-1938 Rex, Ariel
   La vida de varias actrices jóvenes que aspiran a triunfar en el teatro"
2877,FUEGO VERDE,Aventuras,Stewart Granger,Grace Kelly,Paul Douglas,Andrew Marton,1954,Color,DVD,"2-06-1955 Metro
 Un aventurero que busca esmeraldas en Colombia encuentra una gran veta y se dispone a extraer las piedras preciosas. Al fondo de valle se encuentrala plantación de cafá de Catherine. Ella y el aventurero simpatizan rapidamente. Fuertes lluvias amenazan con inundar la plantación. La solución sería dinamitar el monte para cambiar el curso del rio, pero se perdería la mina de esmeraldas."
2871,MAMA A LA FUERZA (Mamá Soltera),Comedia,Ginger Rogers,David Niven,Charles Coburn,Garson Kanin,1939,B&N,DVD,"21-10-1939 Rex
  Una joven empleada encuentra un bebé abandonado y nadie cree que no es de ella."
2872,LA MUCHACHA DE LA QUINTA AVENIDA,Comedia,Ginger Rogers,WalterConnolly,Tim Holt,Gregory La Cava,1939,B&N,DVD,"2-03-1940 Rex
  Las tribulaciones de una chica que quiere trabajar y ser independiente en la ciudad de Nueva York"
2873,ESPEJISMO DE AMOR,Drama,Ginger Rogers,Dennis Morgan,James Craig,Sam Wood,1940,B&N,DVD,"4-06-1941 Trocadero
   Una mujer entre dos amores"
2874,HUBO UNA LUNA DE MIEL,Comedia,Ginger Rogers,Cary Grant,Walter Slezak,Leo McCarey,1942,B&N,DVD,"9-06-1943 Trocadero
  Una mujer se casa con un Baron austríaco sin saber que es un agente nazi."
2878,LA HERMANA BLANCA,Drama,Clark Gable,Helen Hayes,Lewis Stone,Victor Fleming,1933,B&N,DVD,"20-07-1933 Teatro Artigas
  Una mujer no acepta casarse con el candidato elegido por su padre y se casa con una joven teniente. Cuando recibe la noticia de que el militar a muerto en la guerra decide ingresar a un convento. Habiendo tomado ya los votos  decubre que el hombre que amaba no ha muerto."
2886,HISTORIA DEL 900,Drama,Hugo del Carril,Santiago Arrieta,Sabina Olmos,Hugo del Carril,1949,B&N,DVD,"2-08-1949 Coventry
  El romance entre una chica de buena posición y un joven de clase alta venidoa cantor orillero, a principios del siglo XX.
  Primera película dirigida por Del Carril.
  Ultima de José Olarra."
2883,FLECHA DE ORO,Comedia,Pepe Arias,Pablo Palitos,Juana Sujo,Carlos Borcosque,1940,B&N,DVD,"13-02-1941 Radio City
 Un pacífico empleado de oficina recibe una herencia inesperada."
2884,LA CALLE DEL PECADO,Drama,Zully Moreno,Alberto de Mendoza,Santiago Gomez Cou,Ernesto Arancibia,1953,B&N,DVD,"14-09-1954 Coventry. Nombre local:La calle del pecado
  Una mujer trepadora, entre el amor interesado por un empresario y el amor-pasión por el hijo de este."
2885,MI NOVIA EL…,Comedia,Alberto Olmedo,Susana Gimenez,Tristán,Enrique Cahen Salaberry,1975,Color,DVD,"7-04-1975 18 de julio
  Por una apuesta, un hombre debe enamorar a un conocido travesti, que en realidad es una mujer. Pero el travesti lo enamora a él creándole un conflicto."
2887,LOS HIPOCRITAS,Cine Negro,Tita Merello,Jorge Salcedo,Sergio Renan,Enrique Carreras,1965,B&N,DVD,"15-09-1966 Ariel
  Actividades de un grupo de delincuentes que se dedican a la trata de blancas y otras actividades."
2888,INDIANA JONES Y EL DIAL DEL DESTINO,Aventuras,Harrison Ford,Phoebe Walter-Bridge,Antonio Banderas,James Mangold,2023,Color,DVD,"29-06-2023 Grupo Cine, Life Cinema, 
Movie, Opera.
   En 1969 un ex nazi sigue los pasos de un arqueólogo amigo del Dr Joines que ha descubierto una pieza que es parte de un invento de Arquímedes. Trepidante aventura."
2889,MRS SUNDANCE,Western,Elizabeth Montgomery,Robert Foxworth,L.Q.Jones,Marvin J. Chomsky,1974,Color,DVD,"TV Filme. No estrenada en salas en Uruguay.
  Etta Place, la novia de Sundance Kid, es buscada y hay un precio por su cabeza. Cuando es ubicada en un puenlo del lejano oeste, donde trabajaba como Maestra, huye y es informada que Sundance pudo no haber muerto en Bolivia y tratará de llegar al refugio que tenía en un lugar secreto."
2896,¿CONOCES A JOE BLACK?,Drama,Brad Pitt,Anthony Hopkins,Claire Forlani,Martin Brest,1998,Color,DVD,"22-01-1999 Trocadero, Ejido, Punta Carretas, Plaza Arocena, Movie Center Portones.
  Bill Parrish (Hopkins) lo tiene todo, éxito, poder y salud.Dias antes de su65 cumpleaños, recibe lavisita de un hombre misterioso, Joe Black (Brad Pitt), quien pronte revelarásu verdadera identidad, es La Muerte. A cambio de algo mas de tiempo, Bill accede a ser guía de Joe en la Tierra."
2893,LOS AVENTUREROS,Aventuras,Alain Delon,Lino Ventura,Joanna Shimkus,Robert Enrico,1967,Color,DVD,"24-10-1968 18 de Julio.
  Peripecias de tres aventureros para rescacatar un tesoro."
2894,LA MUJER SIN ROSTRO,Drama,James Garner,Jean Simmons,Suzanne Pleshette,Delbert Mann,1966,B&N,DVD,"15-12-1966 Metro
   Un hombre que padece amnesia intenta reconstruir su pasado saliendo con distintas mujeres de las cuales sospecha que pudieron haber formado parte de su vida anterior."
2897,VALKIRIA,Drama,Tom Cruise,Kenneth Branagh,Bill Nighy,Bryan Singer,2008,Color,DVD,"23-01-2009 Movie Center Montevideo,Portones, Punta Carretas Hoyts, Alfabeta Hoyts, Grupo Cine Arocena, Ejido.
  Tom Cruise interpreta al Coronel alemán que lideró el intento de aniquilar al régimen nazi y acabar con la guerra colocando una bomba en el despacho de Hitler en julio de 1944."
2892,GIGANTE,Drama,Horacio Camandulle,Leonor Svarcas,Néstor Guzzini,Adrian Biniez,2009,Color,DVD,"22-05-2009 Movie Center Mdeo Y P. Carretas.
                  Grupo Cine Torre de los Profesionales.
 Jara es un hombre solitario, corpulento y tímido que trabaja de guardia de seguridad en un supermercado de Montevideo. Controla los monitores de vigilancia en el turno de la noche. Un día descubre, por casualidad a Julia una de las chicas de la limpieza. Al prinicipio Jara se limita a observarla, luega comenzará a seguirla cuando va al cine, a la playa e incluso cuando sale con otro hombre. Cuando hay recorte de personal y Julia es una las que tienen que irse. Jara deberá decidir si abandona su obsesión o si la materializa hablando con ella."
2898,PARIS PUEDE ESPERAR,Comedia,Diane Lane,Arnaud Viard,Alec Baldwin,Eleanor Coppola,2016,Color,DVD,"10-08-2017 Grupo Cine Torre de los profesionales, Life Alfabeta,Movie Montevideo y Portones.
  La vida de Anne (Diane Lane) se encuentra en una encrucijada. Está casada conun exitoso productor de Hollywood adicto al trabajo. Emprende uninesperado viaje por Francia con el socio de su marido. Lo que debía ser un viaje de siete horas se convierte en un viaje de descubrimiento lleno de vistas pintorescas, deliciosos platos y vinos, humor, inteligencia y mucho más."
1073,EL PACIENTE INGLES,Drama,Ralph Fiennes,Juliette Binoche,William Safoe,Anthony Minghella,1996,Color,DVD,"21-03-1997 Trocadero,Alfa, Punta Carretas, Carrasco
 Sobre el final de la Segunda Guerra Mundial, en una villa en ruinas en la Toscana se reúnen cuatro personajes: un enigmático hombre con el cuerpo completamente quemado, una joven enfermera, un sobreviviente y un zapador sij especialista en desactivar explosivos.
  En ese marco los cuatro irán recomponiendo sus respectivas identidades a través de una serie de recuerdos y revelaciones que discurren paralelamente a una bellísima historia de amor."
2900,DON WINSLOW DE LA MARINA(Serial),Aventuras,Don Terry,Walter Sande,John Liter,Ford Beebe/Ray Taylor,1942,B&N,DVD,"5-08-1946 (en 12 episodios) en varias salas.
 Las aventurasde Don Winslow , contra El Escorpión, villano al servicio de Japón."
964,NORTE Y SUR,Drama,Patrick Swayze,Lesley-Anne Down,Kirstie Alley,Richard Heffron,1986,Color,DVD,Mini Serie TV
2365,MURDER IS EASY,Policial,Helen Hayes,Lesley-Anne Down,Olivia de Havilland,Claude Whatham,1981,Color,DVD,"Tele film, no estrenado en salas"
2895,LA MONTAÑA TRAGICA,Drama,Glenn Ford,Alida Valli,Claude Reins,Ted Tetzlaff,1950,Color,DVD,"23-07-1951 Plaza
 La Torre Blanca es una montaña de los Alpes suizos que nuna ha sido escalada. El padre de Carla Alton, un famoso alpinista, murió en el intento hace varios años. Ahora la mujer ha decidido cumplir el sueño de su padre, reuniendo un inusual grupo de escalada para hacer frente a una subida prácticamente imposible."
418,AMOR PROHIBIDO,Drama,Zully Moreno,Jorge Mistral,Santiago Gomez Cou,Luis Cesar Amadori,1956,ByN,DVD,"Fecha de estreno en Montevideo:30-01-1957. Coventry
 La vida de una mujer casada cambia al tener un romance apasionado con otro hombre.
 La historia de Ana Karenina trasladada al Río de la Plata en la década de loa 50."
482,EL HARAGAN DE LA FAMILIA,Comedia,Pepe Arias,Amelia Bence,Angelina Pagano,Luis Cesar Amadori,1940,ByN,DVD,"Fecha de estreno en Montevideo: 23-05-1940. Radio City
Un hombre se empeña en vivir sin trabajar hasta que conoce a una mujer."
621,ORQUESTA DE SEÑORITAS,Comica,Nini Marshall,Francisco Alvarez,Zully Moreno,Luis Cesar Amadori,1941,ByN,DVD,"31-07-1941 Radio City
"" No queda tiempo para hablar de la película, se trata de uno de los espectáculos en que las carcajadas del público escriben el mejor comentario. Pocas veces hemos oido reir tanto en un film"" Calki en el diario El Mundo de Buenos Aires."
2899,SU EXCELENCIA,Comedia,Mario Moreno(Cantinflas),Sonia Infante,Tito Junco,Miguel M. Delgado,1967,Color,DVD,"3-07-1967 Plaza
  Cantinflas es el embajador de la república de Los Cocos. En la asamblea de naciones la partes están empatadas y el voto de esta pequeña nación decidirá el rumbo del mundo."
2902,EL MONSTRUO INVISIBLE (Serial),Aventuras,Richard Webb,Aline Towne,Lane Bradford,Fred C. Brannon,1950,B&N,DVD,"No estrenada en salas en Uruguay.
 Un delincuente quiere hacerse de poder pues cuenta con una formula para obtener la invisibilidad."
2903,EL SILENCIO DE LOS INOCENTES,Drama,Anthony Hopkins,Jodie Foster,Scott Glenn,Jonathan Demme,1990,Color,DVD,"02-10-1991 Plaza
  Un asesino psicópata está matando a jóvenes mujeres. El FBI destina a Jodie Foster para entrevistar a un prisionero que tal vez pueda proporcionar una visión psicológica del asesino buscado."
3096,EL LEON EN INVIERNO,Histórica,Katharine Hepburn,Peter O'Toole,Anthony Hopkins,Anthony Harvey,1968,Color,DVD,"3-09-1970 Metro
 En las navidades del año 1183 el rey de Inglaterra convoca a su distanciada esposa Leonor de Aquitania y a sus tres hijos para decidir el tema de la sucesión de la corona."
2905,ESCRITO SOBRE EL VIENTO,Drama,Rock Hudson,Lauren Bacall,Robert Stack,Douglas Sirk,1956,Color,DVD,"14-10-1957 Ariel, Trocadero
 Robert Stack es Kyle Hadley, el hijo de un magnate texano cuya dinastía es amenazada con derrumbarse por los manejos de su prole.
   En un reparto lleno de estrellas encontramos a Lauren Bacall como la mujer de Stack, Rock Hudson como su mejor amigo y Dorothy Malone, que se llevó un Oscar por su rol como la ninfómana herman de Kyle."
2906,APUESTA POR UN JINETE (Desafío a la muerte),Cine Negro,Robert Taylor,Dorothy Malone,Marcel Dalio,Richard Thorpe,1957,B&N,DVD,"19-06-1958 Metro
 Lloyd Tredman (Robert Taylor) un piloto condecorado en la Guerra de Corea, sorprende a su esposa Phyllis (Dorothy Malone) con una nota en la que le anuncia que ha pedido la baja en la fuerza aérea solicitándole, además, el divorcio. Extrañada Phyllis sigue la pista de su marido y lo localiza en Madrid."
2907,CYRANO DE BERGERAC,Drama,José Ferrer,Mala Powers,William Prince,Michael Gordon,1950,B&N,DVD,"26-05-1952 Trocadero, Eliseo
 Cyrano  es un caballero, poeta, romántico, amargado por su antiestética nariz. Está secretamente enamorado de su prima y esta está enamorada de Prince. Cyrano ayuda a Prince a escribir sus cartas amorosas para conquistar a su prima. A través de un trágico desenlace esta comprenderá que las palabras de amor pertenecían al corazón de Cyrano. José Ferrer obtuvo el Oscar a mejor actor."
2908,LA DUDA,Drama,Fernando Rey,Analía Gadé,Angel del Pozo,Rafael Gil,1972,Color,DVD,"No estrenada en salas en Uruguay.
 El regreso de Don Rodrigo a la que un día fuera su casa, propiedad ahora de su nuera con la que nuna mantuvo una buena relación, viene motivado por el deseo de conocer la verdad sobre quién es su verdadera nieta. Ambas niñas pondrán en su soledad el cariño que buscaba."
640,DIOS SE LO PAGUE,Drama,Arturo de Córdova,Zully Moreno,Florindo Ferrario,Luis Cesar Amadori,1948,ByN,DVD,"11-03-1948 Grand Palace
Un hombre que acrecienta su fortuna haciéndose pasar por mendigo
entabla una relación con una joven jugadora y poco afortunada.
  El clásico de los melodramas.
  Primer film rioplatense en competir por el Oscar."
1750,EL CANILLITA Y LA DAMA,Comedia,Luis Sandrini,Rosita Moreno,Miguel Gomez Bao,Luis CesarAmadori,1938,B&N,DVD,"Fecha de estreno en Montevideo:18-06-1938. Ambassador
  Fingiendo ser hijo de un poderoso industrial, un canillita se enamora de su supuesta hermana."
1793,CLARO DE LUNA,Drama,Mirtha Legrand,Silvia Legrand,Roberto Airaldi,Luis Cesar Amadori,1942,B&N,DVD,"Fecha de estreno en Montevideo: 6-05-1943. Radio City
   Dos mellizas se enamoran del mismo hombre, quien cree amar solamente a una mujer."
1927,UNA NOCHE EN EL TABARIN,Comedia,Pepe Iglesias,Elena Lucena,Blanquita Amaro,Luis Cesar Amadori,1950,B&N,DVD,"Fecha de estreno en Montevideo: 17-06-1949. Grand Palace
Salvando las distancias, conceptual y formalmente lo más parecido a una comedia musical hollywoodense que se ha hecho en el país. Y con Pepe Iglesias. (Manrupe y Portela en ""Diccionario de films argentinos""."
2909,WHISKY,Comedia,Andrés Pazos,Mirella Pascual,Jorge Bolani,J.P.Rebella y Pablo Stoll,2004,Color,DVD,"6-08-2004
 Al cumplirse el aniversario de la muerte de su madre, el dueño de una fábrica de medias recibe la visita de su hermano y hace pasar por su esposa a una de las empleadas."
2910,TESIS SOBRE UN HOMICIDIO,Policial,Ricardo Darín,Alberto Amman,Arturo Puig,Hernan Goldfrid,2012,Color,DVD,"18-01-2013 Movie Center Montevideo, Portones, Life Alfabeta y Punta Carretas. Grupocine Ejido.
 La vida de Roberto Bermúdez, un especialista en Derecho Penal, cambia súbitamente cuando se convence que uno de sus mejores alumnos es el autor de un brutal asesinato cometido frente a la Universidad de Derecho."
2911,REGRESO DEL INFIERNO,Bélica,Audie Murphy,Marshall Thompson,Charles Drake,Jesse Hibbs,1955,Color,DVD,"16-04-1956 Trocadero
  La historia real de Audie Murphy, el soldado mas condecorado del ejército norteamericano en la Segunda Guerra Mundial."
2914,TEMPESTAD EN ASIA,Aventuras,Richard Widmark,Don Taylot,Murvyn Vye Darryl,Robert Wise,1953,Color,DVD,"31-08-1953 Ambassador
 Título local. Jinetes de la Mongolia.
  En noviembre de 1944 un oficial de la marina debe conducir un grupo de meteorólogos a través del desierto de Gobi."
2913,ALMAS INOCENTES,Western,Audie Murphy,Sandra Dee,Gilbert Roland,Kack Sher,1959,Color,DVD,"No estrenada en salas en Uruguay.
 Yanci Hawks vive con sut ío en las montañas cazando animales para luego vender sus pieles. Debido al ataque de un oso a su tío tiene que arreglarselas solo para culminar el negocio. Por el camino se encontrará con una chica que huye de su familia y la lleva al pueblo donde se meterán en varios enredos."
3058,FASCINACION,Drama,Arturo de Córdova,Elisa Galvé,Alicia Barrié,Carlos Schlieper,1949,B&N,DVD,"19-10-1949 Grand Palace
 Un hipnotizador vive en la duda de no saber su su mujer-partenaire está con él por su amor o bajo su influjo."
2915,MR HORN,Western,Richard Widmark,David Caradine,Karen Black,Jack Starrett,1979,Color,DVD,"Serie TV
 Vida de Tom Horn que trabajó para el ejército al ser contratado por un rastreador con el objetivo de capturar al jefe apache Gerónimo."
2916,CUENTOS ASOMBROSOS (Temp 2),Ciencia Ficción,Danny Devito,Patrick Swayze,Christopher Lloyd,Varios,1985,Color,DVD,21 episodios filmados por los direcores mas talentosos. Transporta a los espectadores donde lo imposible se hace posible. Auténticas obras de culto.
2917,EL MOROCHO DEL ABASTO,Musical,Rolando Chaves,Tito Lusiardo,Laura Hidalgo,Julio Rossi,1949,B&N,DVD,"11-04-1950 Coventry
  La vida del cantor uruguayo Carlos Gardel en el momento de su surgimiento, sus amores,su madre, sus amigos"
2918,PERSONA HONRADA SE NECESITA,Comedia,Francisco Petrone,Alicia Vignoli,Marcelo Ruggero,Francisco Mugica,1941,B&N,DVD,"02-09-1941 Ambassador
 Un estafador está imposibilitado de cobrar un billete de lotería premiado ya que la policía está detrá de sus pasos. Busca una persona honrada para que lo haga. Encuentra una muchacha que terminará enamorándolo."
2919,DOÑA FRANSCISQUITA,Musical,Mirtha Legrand,Armando Calvo,Antonio Casal,Ladislao Vajda,1952,B&N,DVD,"30-06-1953 Coventry
 Ambientada en el Madrid romántico del siglo XIX narra los amores y malentendidos etre varias personas. Francisquita ama en secreto a Fernando, pero este se ha enamorado de Aurora, una madrileña acostumbrada a coqueterar con varios hombres."
2920,LA INTRUSA,Drama,José de Abreu,Arlindo Barreto,Maria Bethlem,Carlos H.Christensen,1979,Color,DVD,"12-05-1989 Estudio 3
 En 1897 en Uruguaiana viven los hermanos Nilsen, gauchos de escendencia danesa. Un día,el hermano mayor trae a una mujer a vivir con ellos. El hermano menor se enamora de ella. Las relaciones se vuelven insostenibles entre los hermanos."
2922,EL DIA QUE ME AMEN,Drama,Adrian Suar,Leticia Bredice,Alfredo Casero,Daniel Barone,2003,Color,DVD,"3-10-2003 Movie Center Montevideo, Portones, P Carretas. Grupo Cine Ejido, Plaza, Libertad.
  El encuentro entre un hombre con depresión y una actriz de comedia musical que cambiará sus vidas."
2923,UN NOVIO PARA MI MUJER,Comedia,Adrian Suar,Valeria Bertuccelli,Gabriel Goity,Juan Taratuto,2008,Color,DVD,"31-10-2008. Movie Center Montevideo, Portones, P Carretas, Grupo Cine Arocena, Ejido, P. Carretas, Alfabeta
 Para deshacerse de su esposa un hombre contrata a un experto en seducir mujeres casadas."
2924,UNA MUJER SIN CABEZA,Comedia,Nini Marshall,Angelina Pagano,Francisco Charmiello,Luis Cesar Amadori,1947,B&N,DVD,"9-07-1947 Grand Palace
 Una gitana de circo y una amiga huyen de la tribu refugiándose en una casa dónde suceden raras apariciones."
2925,SETENTA VECES SIETE,Drama,Isabel Sarli,Francisco Rabal,Jardiel Filho,Leopoldo Torre Nilson,1962,B&N,DVD,"21-09-1962 Radio City
  Una prostituta del sur argentino recuerda cómo dejó a dos hombres que la codiciaban abandonados en un pozo."
2005,JUAN GLOBO,Comedia,Luis Sandrini,Elina Colomer,Eduardo Sandrini,Luis Cesar Amadori,1948,B&N,DVD,"29-03-1949 Grand Palace
   Un joven humilde que quiere ser marinero pero al no tener documentos debe trabajar como chofer en el hogar de una anciana."
2119,LA PASION DESNUDA,Drama,María Félix,Carlos Thompson,Eduardo Cuitiño,Luis Cesar Amadori,1953,B&N,DVD,"1-07-1953 Censa
Una mujer arrepentida se emplea de sirvienta en un convento. Allí vive su hija paralítica, que ella cree muerta.
 Buena actuación de Carlos Thompson en su última película en Argentina antes de irse a Hollywood."
2124,DON JUAN TENORIO,Drama,Luis Sandrini,Tita Merello,Virginia Luque,Luis Cesar Amadori,1949,B&N,DVD,"19-01-1949 Grand Palace
Un actor retirado cuenta la historia de Don Juan Tenorio para lograr que un Profesor consienta el casamiento de su hija con el sobrino de aquel."
2926,BREVE CIELO,Drama,Ana Maria Picchio,Alberto Fernandez de Rosa,Gloria Raines,David José Kohon,1968,B&N,DVD,"13-02-1969 Rex
 El circunstancial encuentro y posterior separación de dos adolescentes: un dependiente de almacén y una prostituta."
2929,PLATA QUEMADA,Policial,Leonardo Sbaraglia,Eduardo Noriega,Pablo Echarri,Marcelo Piñeyro,2000,Color,DVD,"2-06-2000 Plaza, jido, P Carretas. Movie Centar Montevideo, Portones
  Luego de un sangriento atraco en Buenos Aires los delincuentes huyen a Montevideo dónde serán cercados por la policia. Basada en hechos reales."
2927,EL ASALTO,Policial,Alberto de Mendoza,Egle Martin,Luis Tasca,Kurt Land,1959,B&N,DVD,"17-10-1961 Rex
 Un grupo muy heterogéneo planea y ejecuta un asalto a un banco."
2928,NOCHES SIN LUNAS NI SOLES,Policial,Alberto de Mendoza,Luisina Brando,Lautaro Murúa,José Martínez Suárez,1984,Color,DVD,"No estrenada en salas en Uruguay.
 Un delincuente escapa de prisión para ayudar a un amigo moribundo. Lo persigue un comisario y quienes lo ayudaron a huir.
 De lo mejor del género policial rioplatense. Con los años ha ganado un prestigio de clásico."
2930,CLEOPATRA,Comedia,Norma Aleandro,Natalia Oreiro,Alberto de Mendoza,Eduardo Mignona,2003,Color,DVD,"22-08-2003. Movie Center Montevideo, Portones, P Carretas. Grupo Cine Ejido, P Carretas
  Hartas de sus respectivas rutinas, una maestra jubilada y una famosa actriz de telenovelas, se lanzan a vivir un fin de semana diferente, dando aí el primer paso cambiar definitivamente el rumbo de sus vidas."
2931,MI OBRA MAESTRA,Comedia,Luis Brandoni,Guillermo Francella,Raúl Arévalo,Gastón Duprat,2018,Color,DVD,"23-08-2018 Grupo Cine P. Carretas, Torre de los Profesionales, Life 21, Alfabeta, P Carretas, Movie Montevideo, Nuevo Centro, Portones, P Carrteas.
 Un marchand utiliza la muerte de un pintor conocido para explotar la venta de sus obras."
2932,SINUHE EL EGIPCIO,Drama,Jean Simmons,Victor Mature,Edmund Purdom,Michael Curtiz,1954,Color,DVD,19-03-1955 Censa.En época de los faraones un pobre huérfano se convierte en un brillante médico.
2934,DEMENTIA 13,Terror,Luana Andrews,William Campbell,Patrick Magee,Francis Coppola,1963,B&N,DVD,"12-12-1995 Video Center
 Louise Haloran se encuentra de visita en el castillo propiedad de la familia de su marido. Ante la repentina muerte de este decide ocultar el cadaver para intentar que su suegra cambie el testamento a su favor.Pero Lady Haloran quiere honrar la memoria de una hija suya que murió niña ahogada en el lago de la residencia."
2933,EL RETORNO DEL HOMBRE LOBO,Terror,Pilar Alcón,Julia Saly,Narciso Ibáñez Menta,Paul Naschy,1981,Color,DVD,Tres investigadores resucitan a una malvada bruja. Con ayuda podrán devolver a la temible vampiresa a su tumba.
2935,EL LADRON DE CADAVERES,Terror,Boris Karloff,Henry Daniell,Bela Lugosi,Robert Wise,1945,B&N,DVD,"21-02-1946 Radio City. Título local: El Profanador de tumbas.
 Un joven estudiante de medicina en Edimburgo año 1831 se convierte en el ayudante del Dr MacFarlane. Allí descubrirá la procedencia de los cadáveres que se utilizan en las clases del Dr y a que se debe la extraña familiaridad con la que trata el siniestro cochero John Gray al ilustre cirujano."
2936,LA CASA ENCANTADA,Suspenso,Ava Gardner,Rick Vallin,Bela Lugosi,William Baudine,1943,B&N,DVD,"No estrenada en salas.
 Betty y Jack acaban de casarse. La ceremonia ha sido un éxito gracias a sus amigos, entre los que se encuentra el hermano de la novia. Los recién casados van a emprender el viaje de novios y sus amigos aprovechan su ausencia para decorarles el nuevo hogar. Pero se confunden y entran en la casa vecina donde empiezan a suceder fenómenos extraños."
2937,EL DRAGON VERDE,Aventuras,Richard Denning,Nancy Gates,Richard Loo,Fred Sears,1952,B&N,DVD,"14-12-1954 Victory
  Un grupo de detectives norteamericanos consiguen acabar con una red de espías chinos cuyo objetivo es apoderarse de Hong Kong."
2938,JUNGLE RAIDERS (serial),Aventuras,Kane Richmond,Eddie Quillan,Veda Ann Borg,Lesley Selander,1945,B&N,DVD,"Una joven llega a Africa en busca de su padre que desapareció cuando buscaba una tribu que tiene una gran cantidad de diamantes.
  No estrenada en salas."
2939,EL PIRATA NEGRO,Aventuras,Ricardo Montalban,Vincent Price,Giulia Rubini,Mario Costa,1961,Color,DVD,"17-12-1962 Central.
 El Pirata Negro llega a una isla con el fin de desbaratar el tráfico de esclavos."
2940,LA CARRERA DE LA MUERTE,Terror,Vincent Price,Christopher Lee,Peter Cushing,Gordon Hessler,1970,Color,DVD,"24-01-1972 Iguazú
 La policía investiga varias muertes. Lo que une estos casos es qye a las tres víctimas se le ha extraido toda la sangre. El asesino es identificado y perseguido. Desparece en la casa del Dr Browning (Vincent Price). Según el Dr se ha suicidado lanzándose a un depósito de ácido."
2941,LA TIENDA DE LOS HORRORES,Terror,Jonathan Haze,Jack Nicholson,Mel Welles,Roger Corman,1960,Color,DVD,"18-10-2000 Estudio del Sodre.
   Un joven empleado compra una pequeña planta. La planta crece, se mueve e incluso habla."
2944,LA NOCHE ETERNA,Drama,Henry Fonda,Barbara Bel Geddes,Vincent Price,Anatole Litvak,1947,B&N,DVD,"28-07-1948 Trocadero
 Un soldado regresa de la guerra a un pueblo de Pennsylvania. Conoce a una chica yr apidamente surge el amor entre ellos. Pero un vidente al que visita la chica trata de interrumpir las relaciones mediante intrigas."
2943,EL PALACIO DELOS ESPIRITUS,Terror,Vincent Price,Debra Paget,Lon Chaney,Roger Corman,1963,Color,DVD,"17-10-2018 Cine Universitario.
 Cuando un hombre llega a un pueblecito de Nueva Inglaterra a reclamar el castillo de la familia, descubre que está habitada por mutantes. En esa mansión el abuelo practicó ritos satánicos."
2942,EL HOMBRE DE MIMBRE,Terror,Christopher Lee,Edward Woodward,Britt Eckland,Robin Hardy,1973,Color,DVD,"8-08-2015 Cinemateca
 Una carta que hace sospechar que una joven desaparecida ha sido asesinada lleva al sargento Howie hasta la isla de Summeriste, una isla en la costa inglesa. Allí  el inspector se entera de que hay una especie de culto pagano y conoce a Lord Summeriste, el lider religioso de la isla."
2033,RUTA 66 (1era Temporada),Aventuras,George Maharis,Martin Milner,Glenn Corbet,Varios,1960,B&N,DVD,Dos jovenes recorren los Estados Unidos
2970,CAPRICHOSA Y MILLONARIA,Comedia,Paulina Singerman,Fernando Borel,Augusto Codecá,Enrique Santos Discépolo,1940,B&N,DVD,"26-06-1940 Ambassador
 El padre de una chica rica envía a un administrador para controlar sus gastos excesivos.
  Interesante en su desequilibrio. Todavía arranca alguna sonrisa."
2971,LA NUEVA CIGARRA,Comedia,Olga Zubarry,Ma Aurelia Bisutti,Alberto Martín,Fernando Siro,1977,Color,DVD,"10-06-1977 Ariel
 La muerte de una persona con síntomas de peste bubónica en un hotel de alta rotatividad, provoca que el lugar sea declarado en cuarentena.
 La historia está basada en la exitosa La cigarra no es un bicho de Daniel Tinayre."
2977,TAMBORES FRATERNOS,Western,Audie Murphy,Waler Brennan,Lyle Bettger,Nathan Juran,1954,Color,DVD,"30-04-1956 Eliseo. Título local: Tambores de Venganza
 Crown City, una ciudad de Colorado que tuvo en enorme auge por sus minas de oro, está a punto de convertirse en una ciudad fantasma. La única mina activa está en territorio indio. Después de que su madre haya sido asesinada por un indio, Gary brannon (Murphy) emprende una expedición en busca de venganza y con la esperanza de encontrar la ansiada mina."
2950,EL BARON ROJO,Bélica,John Phillip Law,Don Stroud,Karen Huston,Roger Corman,1971,Color,DVD,"22-01-1972 Ambassador
 El barón prusiano Manfred Von Richtofen, conocido como el Barón Rojo,es el indiscutido lider de los pilotos de caza alemanes, durante la primera guerra mundial."
2951,BAR 20,Western,William Boyd,Andy Clyde,George Reeves,Lesley Selander,1943,B&N,DVD,"31-01-1945 Trocadero
  Una diligencia es asaltada cerca del rancho de Hoppy Cassidy."
2945,DOS CONTRA EL DESTINO,Western,Tyrone Power,Susan Hayward,Hugh Marlowe,Henry Hathaway,1951,B&N,DVD,"2-09-1951 California
 Unos salteadores capturan una diligencia y matan al jefe de la parada y retienen a los sobrevivientes, un hombre y una mujer, mientras los pistoleros aguardan la llegada de un cargamento de oro."
2952,LOCA JUERGA TROPICAL,Comedia,Michael Caine,Valerie Parrine,Brenda Vaccaro,Dick Clement,1985,Color,DVD,"20-06-1986 California.Título local: Burbujas.
 Cáscara es una pequeña isla ubicada en el mar Caribe. Es económicamente pobre por lo que resulta una carga para la corona británica. Un buen día se descubre un importante yacimiento natural de agua mineral. Pronto británicos, norteamericanos, cubanos y unos rebeldes locales luchan por el control de la isla."
2946,HEROES DE HIERRO,Western,Fess Parker,Jeffrey Hunter,Jeff York,Francis D. Lyon,1956,Color,DVD,"2-12-1957 Trocadero
 Título local Los valientes también huyen.
  Durante la Guerra de Secesión un grupo de soldados de la Unión, roba una locomotora para volar un puente y, así impedir el suministro a las fuerzas confederadas."
1859,CON ALMA Y VIDA,Policial,María Aurelia Bisutti,Norberto Aroldi,David Llewellyn,David José Kohon,1970,Color,DVD,"Fecha de estreno en Montevideo: 4-12-1972 Coventry
 una mujer, un delincuente y su amor-pasión, leal hasta las últimas consecuencias."
2953,AL FILO DE LA SOSPECHA,Suspenso,Glenn Close,Jeff Bridges,Robert Loggia,Richard Marquand,1985,Color,DVD,"24-04-1986 Censa, Punta Gorda
 Una mujer joven y rica aparece salvajemente asesinada en su casa de la playa. Las sospechasrecaen sobre su marido (Jeff Bridges), un atractivo director de diario que hereda toda la fortuna de su mejer. Una abogada (Glenn Close) decide defenderle, pero cuanto más duda de su inocencia más atracción siente por él."
2948,PATTON,Bélica,George Scott,Karl Malden,Stephen Young,Frankil J.Schaffner,1970,Color,DVD,"24-08-1970  Trocadero
Retro de uno de los genios militares del siglo XX.
Ganadora de ocho premios Oscar, incluido el de George Scott como mejor actor."
2949,TE Y SIMPATIA,Drama,Deborah Kerr,John Kerr,Leif Erickson,Vicente Minelli,1956,Color,DVD,"24-09-1957 Metro
 La relación de un estudiante con una mujer adulta en la década de los 50."
2947,LA DELATORA,Cine Negro,Jorge Rivier,Fada Santoro,Diana Maggi,Kurt Land,1955,B&N,DVD,"28-11-1957 Paris
 Un delincuente, dedicado a la reventa de coches robados y las mujeres,es traicionado por una de sus amantes"
2960,HISTORIAS DE LA CRIPTA,Terror,Demi Moore,Brad Pitt,Michael J.Fox,Robert Zemeckis,1989,Color,DVD,"Esta serie comenzó a emitirse por televisión en 1989 con la intención de reivindicar el género de terror. Las historias eran adaptaciones de la colección de comics de terror que la editorial EC Comics había publicado en los 50 en los que los personajes se veían enfrentados a destinos de lo más tétricos y donde cada historia era presentada por ""El Guardián de la Cripta"", gran anfitrión del horror, que comentaba detalles escabrosos de cada cuento y que incluso se burlaba con ironía de los lectores. Esta forma de introducir el comic se conservó en la serie de televisión en la que cada episodio está precedido por un muñeco cadavérico, que resulta una excelente versión del que aparecía en las historias originales de papel.
 Son siete temporadas. Figuran actores y directores famosos."
3048,EL REGRESO DEL GANGSTER,Cine Negro,Edward Robinson,George Raft,Audrey Totter,Lewis Allen,1955,B&N,DVD,"3-09-1956. Título local:Cada Bala una Vida
  Durante la investigación un inspector de policía canadiense se ve envuelto en una historia que involucra a espías extranjeros, gangsters norteamericanos y un secreto tecnológico que podría cambiar el mundo."
2954,EL FANTASMA DE LA CALLE MORGUE,Suspenso,Karl Malden,Claude Dauphin,Patricia Medina,Roy del Ruth,1954,Color,DVD,"6-08-1956 Iguazú
  Tras varios asesinatos de mujeres la policía cree tener un sospechoso"
2955,EL ENTIERRO PREMATURO,Terror,Ray Milland,Hazel Court,Richard Ney,Roger Corman,1962,Color,DVD,"1-12-1992 Sala Cinemateca
 Una persona está obsesionado con la idea de que pueda ser enterrado vivo."
2956,LA MASCARA DE LA MUERTE ROJA,Terror,Vincent Price,Hazel Court,Jane Asher,Roger Corman,1964,Color,DVD,"13-02-2010 Cinemateca Pocitos
  Un principe europeo aterroriza a la población desde su castillo tomado como refugio contra la plaga conocida comola muerte roja."
2957,LA TUMBA DE LIGEIA,Terror,Vincent Price,Elisabeth Shepherd,John Westbrook,Roger Corman,1964,Color,DVD,"5-12-1992 Cinemateca
 Un hombre obsesionado por la muerte de su primera esposa encuentra parecidos con su segunda esposa"
2958,LA CAJA OBLONGA,Terror,Vincent Price,Christopher Lee,Rupert Davies,Gordon Hessler,1969,Color,DVD,"31-07-1972 Iguazú
 Sir Juliam Markham (Price) mantiene encerrado a su hermano ya que cuando estaba en sus posesiones en Africa unhechicero le deformó la cara. Cuando fallece es enterrado pero estaba en estado cataléptico provocado por un brebaje. Cuando despierta comienza su sangrienta venganza."
2959,ENTERRADO VIVO,Terror,Robert Vaughn,Donald Pleasence,Karen Lorre,Gerard Kikoine,1990,Color,DVD,"No estrenada en salas en Uruguay.
 Una joven mujer llega a un residencial siquiatrico de chicas irregulares de carácter."
2961,EL SUSTO,Suspenso,Vincent Price,Lynn Bari,Frank Latimore,Alfred L. Werker,1946,B&N,DVD,"17-10-1946 Radio City. Título local: La Muerte Viste de Blanco.
 La historia se desarrolla en la posguerra. Una joven va a un hotel donde se reunirá con su esposo que ha sido prisionero de guerra. Esperándolo, es testigo de un crimen desde la ventana de su habitación. Cuando este llega la encuentra paralizada y en estado de shock. Un psiquiatra es llamado para ayudar. Pero cuando la mujer va reaccionando lo reconoce como el asesino que ha visto.El Doctor capta que ella ha sido testigo del crimen. Se las ingenia para llevarla a clínica. Mientras tanto su marido y la policía comienzan a sospechar que no todo es como parece."
2966,EL CRIMEN DE ORIBE,Drama,Roberto Escalada,Carlos Thompson,Maria Cocepción César,Leopoldo Torres Ríos,1950,B&N,DVD,"20-08-1951 Rex
  Dos hombres y una misteriosa familia donde se repite siempre un día para salvar a una de las hijas"
2967,DELIRIO,Comedia,Arturo García Buhr,Irma Córdoba,Rosa Rosen,Arturo García Buhr,1941,B&N,DVD,"11-08-1944 Coventry
  Para comprobar si su marido la ama, una mujer finge morir y vuelve al hogar pasando por su hermana melliza."
3011,LA VALIJA,Drama,Luis Sandrini,Malvina Pastorino,Alberto Martin,Enrique Carreras,1971,Color,DVD,"18-03-1971 Censa
 La rutina de un matrimonio maduro es interrumpida con la aparición de un hombre joven, quetienta a la mujer."
2962,DUELO DE PILLOS,Western,Frank Sinatra,George Kennedy,Anne Jackson,Burt Kennedy,1970,Color,DVD,"4-08-1971 Metro
 Tras el asalto a una diligencia Dangus Magee es perseguido por el sheriff George Kennedy. Film de ritmo frenético y lleno de bromas."
2968,DETECTIVE,Comedia,Pablo Palitos,Fada Santoro,Felisa Mary,Carlos Schlieper,1954,B&N,DVD,"14-03-1955 Central
 Para preservar la felicidad de un hogar, un detective se transforma en distintos personajes."
2969,PIEDRA LIBRE,Drama,Marilina Ross,Juan José Camero,Mecha Ortiz,Leopoldo Torre Nilson,1976,Color,DVD,"11-06-1976 California
  La hija de una humilde pareja de actores va a vivir a una estancia poblada de viejos mitos."
2964,LOS TRES MOSQUETEROS D'Artagnan,Aventuras,Francois Civil,Vincent Cassel,Eva Green,Martin Bourboulon,2023,Color,DVD,"Serie TV
 El joven gascón D'Artagnan quiere unirse a los mosqueteros del rey. Antes deberá cumplir con tareas delicadas para salvar a Francia."
2963,CHICAS EN PIE DE GUERRA,Drama,Goldie Hawn,Kurt Russell,Cheristine Lahti,Jonathan Demme,1984,Color,DVD,"No estrenada en salas en Uruguay.
 Cuando USA entra en la guerra y los hombres son movilizados, las mujeres entraron a trabajar en las fábricas"
2965,LOS TRES MOSQUETEROS Milady,Aventuras,Francois Civil,Vincent Cassel,Eva green,Martin Bourboulon,2023,Color,DVD,"Serie TV
 Dártagnan lucha por salvar a su amada Constanza."
2972,UN AGUJERO EN LA PARED,Drama,Alfredo Alcón,Mario Alarcón,Maria Noel,David José Kohon,1982,Color,DVD,"10-10-1989 Cinemateca
 Un humilde fotógrafo pacta con el diablo para adquirir poder.
 Pese a lo lento de la acción resulta un film interesante en su aproximación al eterno tema del pacto satánico."
2973,UN GUAPO DEL 900,Drama,AlfredoAlcón,Arturo García Buhr,Elida Gay Palmer,Leopoldo Torre Nilsson,1960,B&N,DVD,"26-10-1960 Trocadero
 El matón de un político, entre su lealtad sin límites por éste y la influencia de su madre."
2974,QUE LINDA ES MI FAMILIA,Comedia,Palito Ortega,Luis Sandrini,Nini Marshall,Palito Ortega,1980,Color,DVD,"17-07-1980 ABC
 Una familia con tres hijos, uno de ellos adoptivo, y sus vivencias.
 Film póstumo de Luis Sandrini. También última película de Nini Marshall."
2975,LA SONRISA DE MAMA,Drama,Libertad Lamarque,Palito Ortega,Angel Magaña,Enrique Carreras,1971,Color,DVD,"24-03-1972 Censa
 Un hijo y la enfermedad terminal de su madre."
2976,ACNE,Drama,Alejandro Tocar,Yoel Bercovici,Igal Label,Federico Veiroj,2008,Color,DVD,"15-08-2008 Movie Center Montevideo,Alfabeta Hoyts, Grupocine Ejido, Casablanca,
  Un adolescente de 13 años, perdió la virginidad pero nunca ha besado a una chica. Para lograr su sueño deberá combatir su acné, luchar contra su torpeza, ganarle a latimidez. Todo está cambiando y su cuerpo también."
3009,LA DAMA DEL COLLAR,Drama,Amelia Bence,Guillermo Battaglia,Manuel Collado,Luis Mottura,1948,B&N,DVD,"16-11-1948 Coventry
 Una mujer pierde un collar que tomó prestado sin permiso y un chantajista intenta aprovecharse."
3010,LA IMPORTANCIA DE SER LADRON,Comedia,Francisco Alvarez,Alicia Vignoli,Hector Calcaño,Julio Saraceni,1944,B&N,DVD,"7-09-1944 Radio City
  La historia de un modesto y ejemplar empleado a quien, por error, se le adjudica una gran defraudación.
  Buena actuación de Francisco Alvarez."
2978,BRIGADA DE MUJERES,Western,Audie Murphy,Hope Emerson,Jeff Donnell,George Marshall,1957,Color,DVD,"15-12-1958 Ambassador
 Un soldado deserta del ejército de la Unión para avisar y proteger a un grupo de mujeres texanas de un inminente ataque indio."
2979,EL PRECIO DE LA LIBERTAD,Western,Audie Murphy,Barry Sullivan,Venetia Stevenson,Harry Keller,1960,Color,DVD,"22-08-1961 Victory
 Un miembro de la familia Jones decide alistarse en los Rangers de Texas, su objetivo es apresar a un proscripto que lleva años prófugo."
2980,EL HALCON EN PELIGRO,Policial,Tom Conway,Jean Brooks,Elaine Shepard,William Clemens,1943,B&N,DVD,"24-08-1944 Radio City
 El Halcón debe investigar la desaparición de un empresario. No le lleva mucho tiempo en descubrir una conspiracióncontra el gobierno."
2981,RIVERBOAT (Aventureros del Misissipi),Western,Darren McGavin,Burt Reynolds,Dick Wessel,Varios,1959,B&N,DVD,"Serie TV
 Narra las aventuras del dueño de un barco que recorre las distintas  ciudades del río Missisipi durante el final del siglo XIX."
2982,CIMARRON,Western,Glenn Ford,Maria Schell,Anne Baxter,Anthony Mann,1960,Color,DVD,"31-08-1961 18 de Julio, Metro
 El 22 de abril de 1889 centenares de colonos se lanzarán en una carrera para reclamar parcelas donde instalarse gratuitamente a quien primero las ocupe."
2983,POR FIN SOLOS,Comedia,Diane Keaton,Kevin Kline,Dianne West,Lawrence Kasdan,2012,Color,DVD,"29-09-2017 Cine Universitario
  Un matrimonio rescata un perro y lo adopta. El día de la boda de una de sus hijos el perro se extravía"
2984,UN TOQUE DE DISTINCION,Comedia,George Segal,Glenda Jackson,Paul Sorvino,Melvin Frank,1973,Color,DVD,"8-04-1974 Plaza
 Una pareja de enamorados, el casado ella divorciada, están convencidos que no caerán en errores de sus relaciones anteriores, pero…"
2985,NUEVE REINAS,Policial,Ricardo Darín,Gastón Pauls,Leticia Brédice,Fabián Bielinsky,2000,Color,DVD,"6-04-2001 Plaza, Ejido, Pta Carretas, Casablanca, Movie Center Mdeo, Portones, Pta Carretas.
  Dos estafadores de poca monta que por casualidad se ven envueltos en un asunto que los puede hacer millonarios, tienen menos de un día para hacer la estafa que no puede fallar."
3015,LOS ARBOLES MUEREN DE PIE,Drama,Amalia Sanchez Ariño,Arturo García Buhr,Zoe Ducós,Carlos Schlieper,1951,B&N,DVD,"17-09-1951 Coventry
  Para consolar a una anciana, su esposo hace que un hombre y una chica finjan ser su nieto ausente y su esposa."
3016,LAS BARRAS BRAVAS,Drama,Tita Merello,Juan Carlos Altavista,Mercedes Carreras,Enrique Carreras,1985,Color,DVD,"No estrenada en salas.
  Una madre abandonada no puede evitar que su hijo adolescente muera por sobredosis."
3017,LA VIOLETERA,Drama,Sara Montiel,Raf Vallone,Ana Mariscal,Luis Cesar Amadori,1958,Color,DVD,"27-10-1958 Trocadero
  Un joven de la alta sociedad se enamora de una joven a la que conoce cuando ella vendía violetas en las puertas de los teatros.
  Piensa casarse con ella pero, finalmente la abandona para casarse con la chica que estaba comprometido.
  Ella triunfa como cantante, luego perderá sus dotes para la canción, pero un día cantando en una bar de segunda clase recupera la voz al ver entre el público al amor de su juventud.
  Salvo el final, cualquier similitud con Los Muchachos de Antes no Usaban Gomina de Manuel Romero es pura coincidencia."
2986,EL SER,Terror,Narciso Ibáñez Menta,Mercedes Sanpietro,Ramiro Oliveros,Sebastián D'Arbo,1982,Color,DVD,"No estrenada en salas.
  En el entorno de una mujer viuda comienzan a suceder varias muertes. Todas las sospechas recaen sobre ella, aunque al parecer puede ser que su marido no haya muerto. Luego comenzaran a aparecer extraños sucesos en su casa, lo que la llevan a consultar a un parapsicologo, quien demuestra que la fuerza energética puede provenir del marido muerto."
2987,SIEMPRE TU Y YO,Drama,Doris Day,Frank Sinatra,Gig Young,Gordon Douglas,1954,Color,DVD,"9-04-1956 El Polvorín.
  Titulos alternativos: Primer Desengaño, Jóvenes de Corazón.
  La familia Tuttle está formada por el padre viudo, tres hijas y la tía Jessie. La vida de la familia se altera con la llegada de un compositor que deja a las tres hijas enamoradas."
2988,CAPITANES INTREPIDOS,Drama,Freddie Bartholomew,Spencer Tracy,Lionel Barrymore,Victor Fleming,1937,B&N,DVD,"18-08-1937 Metro
 Un niño rico de diez años cae por la borda de un trasatlántico, es recogido por un barco pesquero pero tendrá que pasar varios meses hasta volver a puerto. Esta estadía lo trnsformará de un niño malcriado a un joven honorable gracias a las lecciones de vida que recibe de Manuel el humilde pescador que lo acoge.
 Spencer Tracy ganó su primer Oscar por el rol de Manuel por el destacado retrato de hombre viril, paciente y sabio."
2989,WONKA,Ciencia Ficción,Timothée Chalamet,Olivia Colman,Hugh Grant,Paul King,2023,Color,DVD,"6-12-2023
 Grupocine, Life, Movie, Opera
 La maravillosa historia de como un joven soñador llamado Willy Wonka se convirtió en el mayor inventor, mago y chocolatero del mundo."
2990,CHANTAJE EN BROADWAY,Cine Negro,Burt Lancaster,Tony Curtis,Susan Harrison,Alexander Mackendrick,1957,B&N,DVD,"14-04-1958. Censa, California
 Títilo local:  La Mentira Maldita.
  Un poderoso periodista contrata a otro para que evite, a cualquier precio, la boda de su hermana menor con un músico de Jazz."
2991,FORT SAGANNE,Aventuras,Gerard Depardieu,Philippe Noiret,Catherine Deneuve,Alain Corneau,1984,Color,DVD,"01-12-1988 Centrocine
 Un Teniente del ejército francés decide ir al Sahara. Allí conocerá la vida, la muerte, la aventura, la lucha en el campo de batalla, el amor y la gloria en la campaña de pacificación del desierto, donde un fuerte llevara su nombre."
2992,FUGITIVOS REBELDES,Western,Van Heflin,Richard Boone,Anne Bancroft,Hugo Fregonese,1954,Color,DVD,"18-02-1955 California
 Título local:La Redada
 Soldados sudistas evadidos de una prisión militar planean la toma por sorpresa de un pueblo del norte con el objetivo de saquear los bancos."
2993,LOS QUE SE QUEDAN,Drama,Paul Giamatti,Da'vine Joy Randolph,Dominic Sessa,Alexander Payne,2023,Color,DVD,"25-01-2024 Grupocine, Life, Movie
 En las vacaciones de invierno un alumno y un Prof de un colegio de élite tienen encuentros y desencuentros, el Prof se ocupará de dejar una huella inolvidable en ese chico."
3001,CASA DE MUÑECAS,Drama,Anthony Hopkins,Claire Bloom,Ralph Richardson,Patrick Garland,1973,Color,DVD,"No estrenada en salas.
 Una mujer se ve obligada a falsificar la firma de su padre para cobrrar un cheque y así tratar de salvar la vida de su esposo. Algunos años después un hombre la amenaza con contárselo a su marido. Cuando este se entera reacciona violentamente sin comprender que su esposa ha obrado así por amor."
2995,PAT GARRET Y BILLY THE KID,Western,James Coburn,Kris Kristofferson,Jason Robards,Sam Peckimpah,1973,Color,DVD,"18-10-1973 Metro
 Estando encarcelado esperando su ejecución Billy el niño logra eviadirse y será perseguido por el <sheriff< pat Garret que en otros tiempos cabalgó junto a él."
2996,LA SENDA DEL TOMAHAWK,Western,Chuck Connors,John Smith,Susan Cummings,Lesley Selander,1957,Color,DVD,"13-08-1959 Azul. Título local: El festín de la muerte.
  En pleno territorio apache un regimiento de caballería logra rescatar a dos mujeres. Un sargento tiene que hacerse cargo del grupo y conducirlo al fuerte mas cercano."
2994,LA ISLA DEL TESORO,Aventuras,Elijah Wood,Eddie Izzard,Donald Sutherland,Steve Barron,2012,Color,DVD,"Mini Serie de TV
 Un joven se involucra con unos piratas para viajar a una lejana isla a buscar el tesoro del Cap. Flint"
3002,BIENVENIDO MR MARSHALL!,Comedia,José Isbert,Lolita Sevilla,Manuel Morán,José García Berlanga,1952,B&N,DVD,"20-09-1954 Censa.
 El pueblo Villar del Río se prepara para recibir a los norteamericanos que facilitarán ayuda económicaa España. El Alcalde organiza una gran recepción y todos decoran el pueblo. Además se hace un listado de pedidos."
3007,TEXAS A TRAVES DEL RIO,Western,Dean Martin,Alain Delon,Rosemary Forsyth,Michael Gordon,1966,Color,DVD,"17-06-1967 Censa
 La boda de un Duque español es interrumpida por unos integrantes de la caballería por una cuestión de honor. El Duque huye a través del río hacia Texas, allí se encuentra con un aventurero que transporta rifles a la ciudad de Mocasin Flats. En el trayecto rescatará a una chica india, esquiva una partida de guerreros comanches y a la caballería."
3008,EL CHOQUE (El Shock),Policial,Alain Delon,Catherine Deneuve,Philippe Leotard,Ronin Davis,1982,Color,DVD,"14-02-1983 18 de Julio
  Después de cumplir su último encargo, el asesino profesional Martin Terrier (Alain Delon) decide retirase, pero eso no cae bien para la organización para la que trabaja. Tras liquidar a un asesino enviado para matarle, Terrier decide irse una temporada a una granja de pavos que su ex mujer ha comprado como inversión. Allí conoce a Claire (Catherine Deneuve) la bella esposa del hombre que administra la granja. Pero el pasado de Terrier regresa."
3003,BLACKHAWK (Serial),Aventuras,Kirk Allyn,Carol Forman,Rick Vallin,Spencer Bennet,1952,B&N,DVD,"No estrenada en salas.
 Un grupo de élite norteamericano lucha para que no se transfieran conocimientos científicos a potencias extranjeras."
2997,VERANO DEL 42,Drama,Jennifer O´Neill,Gary Grimes,Jerry Houser,Robert Mulligan,1971,Color,DVD,"15-01-1972 California
  Un joven adolescente conoce a una hermosa mujer. Comienza una relación dónde el joven va profundizando su conocimiento sobre el mundo y ella busca en él sustituir la ausencia del marido que partió hacia la guerra."
2998,PASSION,Western,Cornel Wilde,Yvonne DeCarlo,Raymond Burr,Allan Dwan,1954,Color,DVD,"17-01-1956 Eliseo. Título local: Horizontes de odio
  Hacia 1880 California es el mundo de los pioneros, un mudo violento, duro y valiente. Ese mundo crece en los paisajes que rodean a la Ciudad de Sonora."
2999,LA MUJER SOÑADA,Comedia,Cary Grant,Deborah Kerr,Walter Pidgeon,Sidney Sheldon,1953,B&N,DVD,"25-02-1954 Metro
  Cary Grant entre dos mujeres."
3000,FORREST GUMP,Drama,Tom Hanks,Robin Wright,Gary Sinise,Robert Zemeckis,1994,Color,DVD,"20-10-1994 Plaza, Casablanca, Carrasco
   Forrest Gump un chico sencillo e inocente que luchó en Vietnam se transforma en representante de su generación."
3004,LA MUJER PANTERA DEL CONGO (Serial),Aventuras,Phyllis Coates,Myron Healey,Arthur Space,Franklin Adreon,1955,B&N,DVD,"1-07-1958 Victory.
  Un científico ambicioso desarrolla una manipulación genética que hace que agunos animale se transformen en gigantes. Así podrá ahuyentar a los nativos y buscar las minas de diamantes que ellos custodian.
  Ultimo serial estrenado en Uruguay."
3005,"ROBO,HUYO Y LO PESCARON",Comedia,Woody Allen,Janet Margolin,Marcel Hillaire,Woody Allen,1969,Color,DVD,"21-05-1971 Iguazú
 A través de entrevistas de quienes lo conocieron nos enteramos de la vida de atracador que siempre termina atrapado."
3006,GOLPE DE SUERTE,Drama,Lou De Laáge,Valérie Lemercier,Melvil Poupaud,Woody Allen,2023,Color,DVD,"25-07-2024 Cinemateca, Grupo Cine, Movie Montevideo, Portones.
 Un matrimonio donde ambos tienen éxito en su trabajo paracen estar enamorados como el día que se conocieron. Un día la mujer se encuentra accidentalmente con un antiguo compañero de estudios y todo cambia."
3012,PALACERES CONYUGALES,Comedia,Luis Sandrini,Ana María Campoy,Diana Maggi,Luis Saslavsky,1963,B&N,DVD,"11-09-1964 Trocadero
  Durante 1900, una feliz pareja burguesa, recibe como huésped al sobrino de un importante ministro, quien comenzará a pretender a la mujer y planea eliminar al marido."
3013,LA CARABA,Comedia,Olinda Bozán,Francisco Alvarez,Armando Bo,Julio Saraceni,1947,B&N,DVD,"5-05-1948 Grand Palace
 una mitómana no se resigna a su condición humilde y cae en la trampa de un abogado adinerado que le hace creer que todo es obras del demonio."
3014,ABUSO DE CONFIANZA,Drama,Olga Zubarry,Manuel Collado,Carlos Thompson,Mario Lugones,1950,B&N,DVD,"18-04-1950 Coventry
  Para buscar la protección de un abogado, una estudiante de derecho simula ser la hija de una actriz que él había conocido en su juventud.
  Actuación absorbente de Olga Zubarry en su última película para Lumiton."
3018,DAR LA CARA,Drama,Leonardo Favio,Luis Medina Castro,Ubaldo Martínez,José Martínez Suarez,1962,B&N,DVD,"12-06-1965 Cine Universitario
 Exhibiciones regulares: 22-03-1969 Renacimiento
  Tres jóvenes salidos del servicio militar siguen distintos caminos en el cine, en el ciclismo y la lucha política."
3019,GRAN VALOR,Comica,Juan Carlos Calabró,Graciela Alfano,Nelly Laynez,Enrique Cahen Salaberry,1980,Color,DVD,"2-12-1980 Plaza
 El cadete de una escribanía conoce a un hombre físicamente idéntico que tratará de aprovecharse de él comlicándolo en un robo."
3020,EL CASO DEL PICARO ESCANDALOSO,Policial,Raymond Burr,Bárbara Hale,William Katt,Christian I. Nyby,1979,Color,DVD,"Película TV.
 Perry ha demandado a un periódico que está diciendo que existe un romance entre él y Della, pero el editor también tiene información escabrosa sobre otras personas. Una reportera, a la que el editor había despedido sólo por intentar escribir una historia seria lo amenaza y, poco después, éste es encontrado flotando en su piscina, muerto por un tiro."
3021,EL OTRO SEÑOR KLEIN,Drama,Alain Delon,Jeanne Moreau,Francine  Berge,Joseph Losey,1976,B&N,DVD,"10-06-1977 Trocadero
 En 1942 durante la ocupación alemana de París, Robert Klein un marchand de arte está haciendo negocios sobre todo con judíos que deben vender sus obras de arte. Pero un día descubre que existe otro Sr Klein de origen judío."
3022,UN TAL LA ROCCA,Drama,Jean Paul Belmondo,Christine Kaufmann,Beatrice Altarriba,Jean Becker,1961,B&N,DVD,"20-04-1964 Coventry
 Una persona se presenta en Marsella para ayudar a un amigo."
3023,CRONICA NEGRA,Cine Negro,Alain Delon,Catherine Deneuve,Richard Crenna,Jean Pierre Melville,1972,B&N,DVD,"5-03-1973 Plaza
 Una banda efectúa un robo a un banco con el fin de financiar un cargamento de droga."
863,TARZAN Y EL SAFARI PERDIDO,Aventuras,Gordon Scott,Robert Beatty,Yolanda Donlan,Bruce Humberstone,1956,Color,DVD,9-01-1958 Metro
3024,LOS DESESPERADOS,Western,Vince Edwards,Kack Palance,Sylvia Sims,Henry Levin,1969,Color,DVD,"5-12-1969 Plaza.
Exibiciones regualares 5-12-1969 Ariel
 Un soldado confederado quiere proeseguir laguerra civil después de la rendicióndel Grall Lee"
3025,¡AL DIABLO CON ESTE CURA!,Comedia,Luis Sandrini,Ubaldo Martínez,Elizabeth Killian,Carlos Rinaldi,1967,Color,DVD,"15-11-1967 18 de Julio
  Un sacerdote predica la caridad entre jovenes rebeldes, aristócratas adinerados y niños pobres."
3026,MI MUJER NO ES MI SEÑORA,Comedia,Alberto Olmedo,Nadiuska,Olga Zubarry,Hugo Moser,1978,Color,DVD,"10-08-1978 Censa.
 Un hombre seductor se casa con la mujer de su vida pero su suegra le hace creer que su flamante esposa es hija suya.
 Esta floja comedia es la tercera versión de la misma historia: Mi suegra es una fiera (1939) con Olinda Bozán y Paquito Busto y Suegra Ultimo Modelo (1953) con Juan Carlos Thorry"
3052,IMPULSO CRIMINAL (Compulsion),Policial,Orson Welles,Dean Stockwell,Diani Varsi,Ricahrd Fleischer,1959,B&N,DVD,"15-08-1959 Radio City
  En esta historia verídica sonre el célebre asesinato cometido por dos jóvenes en 1924, Orson Welles protagoniza a un brillante abogado cuyo histórico alegato contra la pena capital salvó a dos adolescentes de una condena a muerte."
1548,AMANTES,Drama,Marcello Mastroianni,Faye Dunaway,Caroline Mortimer,Vittorio De Sica,1968,Color,DVD,"fecha de estreno en Montevideo:24-07-1969. Metro
  Julia (Faye Dunaway) es un diseñadora de modas norteamericana divorciada. Dedide pasar unas vacaciones en Italia. Allí conoce a un Ingeniero italiano (Marcello Mastroiani). Ambos terminan enamorándose. Ella oculta un problema de salud, al enterarse de que es incurable decide quedarse junto a él…"
3027,LULU BELLE,Policial,Dorothy Lamour,George Montgomery,Albert Dekker,Leslie Fenton,1948,B&N,DVD,"17-03-1949 Radio City
  Tras un confuso incidente en un camerino de un teatro resultan heridas Lulu Belle, famosa estrella de Broadway y su amante.La policía detiene a George, el marido, como sospechoso. Este poco a poco va recordando como fue su historia de amor, su encuentro en un café de los muelles en el que Lulé cantaba, el ascenso imparable de esta utilizando a distintos hombres, la última vez que se vieron, poco antes del suceso."
3028,CIRCULO ROJO,Cine Negro,Alain Delon,Ives Montand,Bourvil,Jean-Pierre Melville,1970,Color,DVD,"29-05-1971 Censa
 Corey es un joven preso que es liberado. Al mismo tiempo, Vogel, un asesino, escapa de la custodia de un policía llamado Mattei. Cuando Corey roba a Rico, el jefe de la banda a la que pertenecía Mattei no dudará en cazarlos."
3031,EL CLUB DE LOS MONSTRUOS,Comedia,Vincent Price,Jihn Carradine,Donald Pleadence,Rpy Ward Baker,1980,Color,DVD,"No estrenada en salas en Uruguay.
 Un escritor de novelas de misterio y terror es invitado a una velada en el Club de los Monstruos. Allí se citan vampiros, demonios y otros seres. Esta vez el vampiro Erasmus le narrará tres historias al escritor que asiste al club."
3030,REGINA,Drama,Ava Gardner,Anthony Quinn,Ray Sharkey,Jean Yves Prate,1982,Color,DVD,"5-11-2002 Cine Universitario
 Cuatro personas reconducen sus vias durante una velada repleta de confesiones y recuerdos."
3032,LA TABERNA DE NUEVA ORLEANS,Aventuras,Errol Flynn,Micheline Prelle,Vincent Price,William Marshall,1951,B&N,DVD,"6-07-1953 Central
  Título local: Aventuras del Capitán Fabián
  Un intrépido Capitán arriesga su vida y la de su tripulación para rescatar a una dama que ha sido erroneamente acusada de asesinato. Cuando consigue liberarla comenzarán nuevos problemas."
3033,LA GRAN JUGADA,Cine Negro,Rory Calhoun,Mary Costa,James Gregory,Robert Stevens,1957,B&N,DVD,"14-05-1959 Azul
 Título local La gran patraña.
 Una pareja de recién casados se instala en una ciudad dominada por el hampa. El ambiente se va enrareciendo poco a poco y va alterando su relación."
1868,CALIFORNIA,Western,Ray Milland,Barbara Stanwyck,Barry Fitzgerald,John Farrow,1947,Color,DVD,Fecha de estreno en Montevideo: 3-03-1948 Grand Palace
3046,ZONA TORRIDA,Aventuras,James Cagney,Ann Sheridan,Pat O'Brien,William Keighley,1940,B&N,DVD,"10-08-1940 Rex
  El ejecutivo de una empresa frutera ubicada en una república caribeña, harto que los revolucionarios saqueen sus plantaciones contrata a un viejo gerente para que restablezca el orden y las ganancias."
3034,LA VENGANZA DEL BERGANTIN,Aventuras,John Wayne,Gail Rusell,Gig Young,Edward Ludwig,1948,B&N,DVD,"5-05-1952 Trocadero
 Título local: La Bruja Roja
 Un Capitán busca en mares tropicales un tesoro de perlas. Su rival es otro marino que busca lo mismo y se interesa porla misma chica."
3038,JOHNNY STACCATO,Policial,John Cassavetes,Eduardo Cianelli,Elizabeth Montgomery,John Cassavetes,1959,B&N,DVD,"Serie TV 27 episodios
  Staccato es un pianista de jazz frustrado que trabaja como detective privado. No tiene oficina y atiende en un bar."
3035,SOY O NO SOY,Comedia,Mel Brooks,Anne Bancroft,Tim Matheson,Alan Johnson,1983,Color,DVD,"12-04-1984 Plaza
 La estrella de teatro Bronski interpreta monólogos de Hamlet mientras su sensual esposa y tambián actriz coquetea en los camarines con un joven aviador. Todo cambia cuando los alemanes ocupan Polonia."
2912,TEXAS KID,Western,Audie Murphy,Broderick Crawford,Diana Lorys,Lesley Selander,1966,Color,DVD,"29-01-1968 Central.
 Jess Carlin vive en México, un día se entera que su hermano fue asesinado. Sabía que su hermano nunca iba armado. Finalmente llegará a un pueblo donde reside el asesino."
3036,BARRY LYNDON,Drama,Ryan O'Neal,Marisa Berenson,Patrick Magee,Stanley Kubrick,1975,Color,DVD,"23-09-1976 18 de Julio
 Un irlandes pasa a formar pate de la nobleza británica en el siglo XVIII."
3053,EL CASO DE LA ESTRELLA ASESINADA,Policial,Raymond Burr,Barbara Hale,William Katt,Ron Satlof,1986,Color,DVD,"Telefilm no estrenado en salas.
 Un actor trama una gran jugada:planea la matanza falsa en directo por televisión. Utiliza una pistola con balas de fogueo y dispara a su cómplice en un programa de entrevistas. Se va tranquilo por el éxito de su broma, sin saber que su conocido está muerto  y casi un millón de espectadores han visto como el disparaba."
2596,DIEZ FORAJIDOS (Hombres Violentos),Western,Randolph Scott,Richard Boone,Jocelyn Brando,H. Bruce Humberstone,1954,Color,DVD,"25-07-1955 Ambassador
 Un ganadero de Arizona (Randolph Scott) maneja con integridad y de acuerdo a la ley su enorme imperio. Otros en la zona prefieren imponer la persuasión a punta de pistola. Scott deberá  enfrentarse a vida o muerte contra forajidos contratados."
3029,DESTACAMENTO OESTE (la ley del mas hombre),Western,Dick Powell,Jane Greer,Raymond Burr,Sidney Lanfield,1948,B&N,DVD,"10-11-1949 Rex
 Un oficial de inteligencia delgobierno es introducido en un regimiento para inverstigar la muerte de dos soldados y robo de envíos de otro.
 En un pueblo fronterizo se contacta con la propietaria de un Salon que controla algunas actividades al margen de la ley.
 Película que se mueve entre el western y el Cine Negro."
3037,LA DAMA DE HIERRO,Histórica,Meryl Streep,Jim Broadbent,Harry Lloyd,Phyllida Lloyd,2011,Color,DVD,"27-01-2012 Movie Center Portones
 Biografía de Margaret Thatcher, la primera mujer que llegó al cargo de Primer Ministra británica."
3039,HOPALONG CASSIDY (Serie TV),Western,William Boyd,Edgar Buchanan,George Wallace,George Archainbaud,1952,B&N,DVD,"Serie TV.
 Narra las aventuras del famoso cowboy. 52 episodios."
3040,OPPENHEIMER,Drama,Cillian Murphy,Emily Blunt,Matt Damon,Christopher Nolan,2023,Color,DVD,"20-07-2023. Cinemateca,GrupoCine P Carretas, Torre de los Profesionales, Life Cinema 21, P. Carretas, Tres Cruces, Cultural Alfabeta. Movie Montevideo, Portones, Punta Carretas.
 El trabajo del físico Oppenheimer en el Proyecto Manhattan que creó la primera bomba atómica."
3041,EL CURIOSO CASO DE BENJAMIN BUTTON,Drama,Brad Pitt,Cate Blanchett,Taraji Henson,David Finche,2008,Color,DVD,"23-01-2009 Movie Center Montevideo,Portones, Punta Carrteas. Crupo Cine Arocena, Torre de los Profesionales, Alfabeta.
 La historia de un hombre que nace octogenario y va rejuveneciendo a través del tiempo."
3042,LOS FELINOS (La jaula del Amor),Cine Negro,Alain Delon,Jane Fonda,Lola Albright,Rene Clement,1964,B&N,DVD,"1-10-1964 Censa
  Un jugador profesional intenta escapar de los gangsters que pretenden eliminarlo. Se oculta en la mansión de una millonaria que tiempo atrás asesinó a su marido. Cuando la viuda se enamora de él, el jugador se va involucrando en el pasado de la mujer."
3043,GRAN JUGADA EN LA COSTA AZUL,Cine Negro,Jean Gabin,Alain Delon,Claude Cerval,Henri Verneuil,1963,Color,DVD,"13-11-1963 Censa, Metro
  Título local: Cualquiera puede ganar
  Un maduro delincuente recién salido de prisión descarta la propuesta de su mujer de encarra una vida tranquila y respetable ya que pretende dar"" el golpe perfecto"" y atracar un casino."
3279,SEGURIDAD PERSONAL,Drama,Rodolfo Bebán,Darío Grandinetti,Katja Alemann,Anibal di Salvo,1986,Color,DVD,"6-06-1986 Central
 La relación de amor-pasión entre la mujer de un hampón y su guardaespaldas."
3045,EL HALCON EN SAN FRANCISCO,Policial,Tom Conway,Rita Corday,Shawyn Moffett,Joseph H. Lewis,1945,B&N,DVD,"21-07-1946 Radio City
 El Halcón se marcha de vacaciones junto a su amigo ""Goldie"" Locke, se encuentran con una niña cuya aya ha sido asesinada. Al llevar a la pequeña a su casa, el Halcón es arrestado por supuesto secuestro pero será puesto en libertad bajo fianza, paga por una misteriosa mujer. Esto será el comienzo de un misterio más para el Halcón."
3047,ALTA TENSION,Drama,Edward Robinson,George Raft,Marlene Dietrich,Raoul Walsh,1941,B&N,DVD,"12-11-1941 Trocadero
 Dos amigps trabajan como técnicos en un compañía de electricidad. Una noche se encuentran en una reunión a una atractiva chica y la tensión aumenta porque ambos se disputan el cariño de la dama."
3049,AMARGO DESQUITE,Drama,Robert Cummings,Lizabeth Scott,Diana Lynn,William Dieterle,1950,B&N,DVD,"7-03-1951 California
  Dos hermanas se enamoran del mismo hombre. La mayor desiste. Las relaciones se complicarán cuano el hombre sienta que sigue enamorado de la chica con la que no se casó."
3050,CARA ROBADA,Drama,Lizabeth Scott,Paul Henreid,André Morell,Terence Fisher,1952,B&N,DVD,"No estrenada en salas en Uruguay
 El Dr. Que interpreta Paul Henreid es un cirujano plástico que tiene un breve romance con la concertista que encarna Lizabeth Scott, pero ella le abandona para volver con un novio anterior. El Dr. opera a una presidiaria con el rostro desfigurado y le da las facciones de la concertista de la que está enamorado. Los problemas llegan cuando la pianista intenta regresar a su vida."
3051,CHANTAJE CRIMINAL,Cine Negro,George Bent,Diana Dors,Marguerite Chapman,Terence Fisher,1952,B&N,DVD,"13-11-1956 Eliseo
  George Brent opera una librería en Oxford Street, donde trabaja la joven y aractiva Diana Dors. Esta descubre que un cliente quiere robar un libro raro, pero en vez de denunciarlo accede a salir con él. Antes de la cita la chica trata de besar a su jefe. Decide chantajear al patrón. Como este no acepta pagar, le envía una carta a la esposa de aquel que muere de un ataque al corazón…"
3054,PASION IMPOSIBLE,Drama,Hugo del Carril,Sabina Olmos,Alicia Barrié,Luis Bayón Herrera,1942,B&N,DVD,"23-07-1943 Radio City
 El casamiento de una joven con un escritor ensombrece la vida de la hermana menor, enamorada del mismo hombre, hasta que la hermana enferma gravemente y ella se hace cargo de la famlia."
3055,LA MUJER Y EL JOCKEY,Comedia,Severo Fernandez,Alicia Barrié,Lalo Malcolm,José Suarez,1939,B&N,DVD,"18-01-1941 Rex
  El jockey y propietario de un caballo perdedor es seducido por una mujer mientras unos delincuentes dopan al animal para ganar una carrera."
3056,MI FORTUNA POR UN NIETO,Comedia,Olinda Bozán,Augusto Codecá,Alicia Barrié,Luis Bayón Herrera,1940,B&N,DVD,"18-09-1941 Radio City
  Una señora quiere, a toda costa, tener un nieto."
3057,ANGUSTIA DE UN SECRETO,Drama,Carlos Estrada,Mercedes Carreras,Santiago Arrieta,Enrique Carreras,1959,B&N,DVD,"6-07-1959 Ambassador
  Un clérigo es condenado a muerte injustamente ya que conoce al verdadero culpable cuana la hija del asesino se confiesa."
3064,LA ACUSADA,Cine Negro,Loretta Young,Robert Cummings,Wendell Corey,William Dieterle,1949,B&N,DVD,"4-08-1949 Ambassador
  La Dra Tuttle da clases de psicología en una Universidad de California. Es acosada por uno de sus alumnos y cuando este intenta violarla ella lo mata accidentalmente y tratará de hacer creer que la muerte fue accidental."
3067,DILIGENCIA A TUCSON,Western,Rod Cameron,Wayne Morris,Kay Buckley,Ralph Murphy,1950,Color,DVD,"24-09-1951 Trocadero. 
Título local:Entre dos hombres
 Durante la Guerra Civil dos encargados de la investigación de una serie de robos de diligencias han seguido la pista a un sospechoso que ha estado vendiendo el producto de los secuestros a los confederados."
3068,PAZ ROTA (Venganza Apache),Western,John Lund,Jeff Chandler,Susan Cabot,George Sherman,1952,Color,DVD,"21-09-1953 Central
 Título local: Venganza Apache
 El sangriento ataque a una caravana pone en peligro el acuerdo de paz firmado poco antes entre Cochise, el jefe de los apaches, y el gobierno de los Estados Unidos. El Mayor Jim Colton recibe el encargo de esclarecer la situación y descubre que es el propio Consejero del gobierno, un hombre ambicioso, el que quiere romper el tratado e paz."
3069,ENTRE EL VALOR Y EL DINERO (Senda Redentora),Western,Rory Calhoun,Colleen Miller,Walter Brennan,Richard Carlson,1954,Color,DVD,"21-05-1956 Rex
 Título local: Senda Redentora
  Cuatro bandidos intentan robar una caja fuerte, pero se encuentran con que no hay dinero. El lider de la banda decide trasladarse a su pueblo y robar el banco."
3065,MANO DE ORO,Cine Negro,Matt Dillon,Diane Lane,Tommy Lee Jones,Ben Bolt,1987,Color,DVD,"No estrenada en salas en Uruguay.
 Jack es unj 
joven que sabe jugar a los dados, viaja a Chicago en busca de mejores resultados económicos.Comienza trabajando para un matrimonio por una comisión en las ganancias. Un dia resuelve jugar en un club de profesionales y gana quince mil dólares. Se complicará al tratar de iniciar una relacióncon la esposa del dueño del local donde trabaja."
3059,CORAZON CONTENTO,Comedia,Palito Ortega,Armando Manzanero,Angélica María,Enrique Carreras,1969,Color,DVD,"6-03-1969 18 der julio. Título alternativo: Somos Novios
 Pese a alguna dificultades, dos muchachos y una chica consiguen triunfar en el mundo de la música."
3060,GRAN VALOR EN LA FACULTAD DE MEDICINA,Comedia,Juan Carlos Calabró,Adriana Aguirre,José Cibrián,Enrique Cahen Salaberry,1981,Color,DVD,"28-07-1983 Cordón
  Un mozo de bar de memoria prodigiosa ayuda dar un examen a un amigo estudiante de medicina."
3061,CUANDO CALIENTA EL SOL,Musical,Antonio Prieto,Beatriz Taibo,Augusto Codecá,Julio Saraceni,1962,Color,DVD,"16-09-1963 Ambassador
 Un millonario simula ser ladrón y una muchacha humilde se hace pasar por millonaria, entre ellos nacerá una hisoria de amor."
3062,CON GUSTO A RABIA,Cine Negro,Mirtha Legrand,Alfredo Alcón,Marcela López Rey,Fernando Ayala,1964,B&N,DVD,"No estrenada en salas en Montevideo.
  Historia de amor entre un estudiante de medicina revolucionario e idealista y una señora burguesa. El romance prima sobre la realidad y el supuesto testimonio."
3063,"TOTO PANIAGUA,ELREY DE LA CHATARRA",Comedia,Ricardo Espalter,Enrique Almada,Katia Iaros,Carlos Orgambide,1980,Color,DVD,"25-12-1980 Nuevo Liberty
 Un hombre humilde  que se ha convertido en rey de la chatarra es seducido por una mujer que le hace olvidar a sus amigos y trata de estafarlo."
3066,UN DIA DE LLUVIA EN NUEVA YORK,Comedia,Timothé Chalamet,Elle Fanning,Selena Gómez,Woody Allen,2019,Color,DVD,"31-10-2019 Life, Movie Center, Grupo .
 Comedia romántica sobre dos amantes de la universidad que pasan un fin de semana especial en Nueva York y los problemas en que ambos se verán envueltos."
163,LA LEYENDA DEL LLANERO SOLITARIO,Western,Klinto Spilbury,Christopher Lloyd,Michael Horse,William Fraker,1981,Color,DVD,9-10-1984 Punta Gorda
3080,IMPACTO,Cine Negro,Brian Donlevy,Ella Raines,CharlesCoburn,Arthur Lubin,1949,B&N,DVD,"30-04-1951 Eliseo
 Un ingeniero se ve envuelto en una red de corrupción y crimen en la industria petrolera de Houston."
433,WINNIE POOH: LA GRAN AVENTURA,Dibujos Animados,Winnie Pooh,Tigger,PigleTs,y,,Color,DVD,
3081,TORRENTE DE ODIO,Cine Negro,Gene Barry,Barbara Hale,Edward Arnold,William Castle,1956,B&N,DVD,"2-10-1956 Victory
 Un hombre casado y enamorado de su esposa planea un viaje con ella aprovechando que tiene que trasladarse por razones de trabajo. A último momento ella finge estar enferma, no viaja y le pide que lleve a su primo a cierto lugar. En realidad es su amante y amboa plantean asesinarlo para quedarse con su dinero."
3097,LA ULTIMA AVANZADA,Aventuras,Cary Grant,Claude Rains,Gertrude Michael,Charles Barton,1935,B&N,DVD,"25-04-1936 Teatro Artigas
 Un bravo oficial británico es capturado por un grupo de kurdos rebeldes. Uno de sus captores resulta ser un inglés que lleva años viviendo en el desierto. Tras liberar al oficial le rebela sus intenciones: salvar a los armenios, aliados de los ingleses, de la muerte a manos de las fuerzas turcas."
105,VOLVER AL FUTURO (Trilogía I-II-III),Ciencia Ficción,Michael J. Fox,Christopher Lloyd,Thomas F. Wilson,Robert Zemeckis,1985,Color,DVD,"I 25-12-1985 Metro,Censa, Punta Gorda.
Conmemorando el 25 aniversario se repuso el 18-11-2011 en Grupo Cine Ejido y P Carretas.
Parte II 1-02-1990 Cinemetro
Parte III 12-07-1990 Cinemetro."
3070,LADY SCARFACE,Cine Negro,Dennis O'Keefe,Judith Anderson,Frances Neal,Frank Woodruff,1941,B&N,DVD,"30-07-1942 RadioCity
 Títulos alternativos: Capitana Cara Cortada, La mujer de la cicatriz.
 Slade, una mujer con una cicatriz en su mejilla, es la lider de un grupo de gangters. Su condición femenina hace que pueda moverse con mayor libertad sin levantar sospechas de la policía. Pero tras un robo con asesinato las cosas pueden complicarse."
3071,EL GRAN ROBO,Cine Negro,Robert Mitchum,Jane Greer,William Bendix,Don Siegel,1949,B&N,DVD,"26-01-1950 Eliseo
 Acusado de robar 300.000 dólares de la nómina del ejército que custodiaba, el Teniente Halliday llega a Veracruz en busca de Jim Fiske, el verdadero respnsable del robo. Allí conoce a Joan Graham, la novia desengañada de Fiske, por que este, con promesas de matrimonio se apropió de sus ahorros. Ambos emprenderán un frenética persecición por las carreteras de México perseguidos a su vez por el Capitán Blake, que anda tras Halliday."
3072,LA CENTINELA,Suspenso,Chris Sarandon,Cristina Raines,Martin Balsan,Michael Winner,1977,Color,DVD,"21-07-1977 Metro. Título local: Centinela de los Malditos
 Cuando la bella modelo Alison Parker alquila un apartamento en Brooklyn no imaginaba los horrores que se esconden tras sus puertas.
Este thriller cuenta un increible reparto estelar: Ava Gardner,José Ferrer, John Carradine, Eli Wallach, Martín Balsan"
3146,CABALLERO NOCTURNO (Hagan Juego),Drama,Clark Gable,Alexis Smith,Wendell Corey,Mervyn Leroy,1949,B&N,DVD,"6-07-1950 Metro
 Clark Gable es el propietario de un casino. A pesar de que él quiere llevar el negocio de un modo honrado, el mundo del juego está lleno de tramposos y fulleros. Al menos eso es lo que piensan su esposa y su hijo. Al final el hijo descubre que su padre es un buen hombre.
 Entre los secundarios encontramos a Audrey Totter, Mary Astor y otros."
3115,EL EXORCISTA,Terror,Ellen Burstyn,Max Von Sidow,Linda Blair,William Fridkin,1973,Color,DVD,"19-08-1974 18 de Julio, California
  El exorcismo de una joven poseida por el diablo."
3088,EL SANTO EN NUEVA YORK,Policial,Louis Hayward,Kay Sutton,Sig Roman,Ben Holmes,1938,B&N,DVD,"25-11-1938 Radio City
 El Santo viaja hasta la Gran Manzana para descubir la verdadera identidad de The Big Fellow."
3074,LA ESPIA QUE ME AMO,Aventuras,Roger Moore,Barbara Bach,Curt Jurgens,Lewis Gilbert,1977,Color,DVD,"15-09-1977 Trocadero,Ariel, Carrasco
 Divertida y explosiva aventura que nos lleva desde la pirámides de Egipto hasta el fondo del mar."
3075,CAMINO A LA PERDICION,Cine Negro,Tom Hanks,Paul Newman,Jude Law,Sam Mendes,2002,Color,DVD,"30-08-2002 Plaza, Punta Carretas Hoyts, Movie Center Portones, Montevideo y Plaza Arocena.
 En el momento que el hijo de un gangster presencia un asesinato, las vidas del niño de 12 años y de su padre quedan alteradas para siempre."
3076,LOS ESCOLTAS,Western,Joel McCrea,Arlene Dahl,Barry Sullivan,Roy Rowland,1950,Color,DVD,"6-03-1952 Metro. Título local: La Vanguardia
 Tres soldados confederados escapan de una prisión y atracan un vagón de tren que traía un cargamento de un millón de dólares."
3077,TEXAS 1870. El retorno de Sabata,Western,Lee Van Cleef,Reiner Schúne,Giampietro Albertini,Gianfranco Parolini,1973,Color,DVD,"22-06-1973 Coventry
 Sábata, pistolero y antiguo Mayor del ejército confederado llega a Hapsonville para reclamar al Teniente Clyde un dinero que le debe."
3083,JOHNNY RINGO,Western,Don Durant,Mark Goddard,Karen Sharpe,Dick Moder,1959,B&N,DVD,"Serie TV
  El ex pistolero Johnny Ringo se convierte en sheriff de un pueblo enel territorio de Arizona."
3078,ORO SANGRIENTO Sábata viene a matar,Western,Lee Van Cleef,Francesco Ressel,Ignazio Spalla,Gianfranco Parolini,1971,Color,DVD,"22-01-1971 Trocadero
 Un misterioso pistolero llamado Sábata llega a un pequeño pueblo con el fin de vengarse de una banda de forajidos
 En su lucha lo ayuda un obeso llama Carrincha y un saltimbanqui de circo, a los que promete una gran cantidad de dinero si consigue su propósito."
3079,"SEIS BALAS, UNA VENGANZA, UNA ORACION",Western,Lee Van Cleef,Jack Palance,Leif Garrett,Gianfranco Parolini,1976,Color,DVD,"No estrenada en salas en Uruguay.
 Una pandilla de forajidos, después de asaltar un banco, toman un rehen para facilitar su huida. El único que los enfrenta es el sacerdote del pueblo intercediendo por la vida del prisionero, pero los bandidos terminan matándolo.
 Un niño mudo que ayuda al párroco va en busca del hermano gemelo de este que desencadenará una venganza despiadada contra los asesinos del sacerdote encabezados por Jack Palance."
3084,WYATT EARP (Temp 01),Western,Hugh O'Brian,Morgan Woodward,Douglas Fowley,Frank Mc Donald,1955,B&N,DVD,Narra el trabajo de Wyatt Earp tratando de imponer la ley y el orden.
3085,WYATT EARP (Temp 02),Western,Hugh O'Brian,Morgan Woodward,Couglas Fowley,Frank Mc Donald,1956,B&N,DVD,Seie TV. El desempeño de Wyatt Earp tratan de imponer la ley y el orden.
3109,COTTON CLUB,Drama,Richard Gere,Nicolas Cage,Diane Lane,Francis Ford Coppola,1984,Color,DVD,"18-06-1985 Plaza
  En los años veinte del siglo XX, el Cotton Club es el night club de jazz mas famoso de Nueva York. Su historia es la historia de la gente que frecuenta el local."
3116,EL JOVEN FRANKESTEIN,Comedia,Gene Wilder,Peter Boyle,Marty Feldman,Mel Brooks,1974,B&N,DVD,"20-10-1975 Trocadero
 El joven Dr Frederick Frankestein reniega de la fama del abuelo. Cuando hereda el castillo de su antecesor descubre escritos en los que su abuelo explica paso a paso como devolverle vida a los tejidos muertos, comienza a crear su propia criatura."
3117,LA ULTIMA LOCURA DE MEL BROOKS,Comedia,Mel Brooks,Marty Feldman,Dom DeLuise,Mel Brooks,1976,Color,DVD,"22-01-1977 Trocadero
 Un Director considera una idea: hacer una película muda convencido de que con los logros económicos evitará la desaparición del estudiode cine para el que trabaja.
 Homenaje al cine mudo norteamericano."
3118,SCARFACE,Policial,Paul Muni,Ann Dvorack,George Raft,Howard Hawks,1932,B&N,DVD,"9-09-1932 Ariel
 Cuenta el ascenso y caida de un matón que llega a jefe de gangsters. Es considerada la mejor de las películas clásicas de gangsters."
3087,CIMARRON (2da Temporada),Western,Stuart Whitman,Percy Herbert,Randy Boone,Varios,1968,Color,DVD,"La franja de Cimarrón fue una región fronteriza entre el territorio de Kansas y el de los indios Cherokee durante la segunda mitad del siglo XIX. Vigilar esta zona era el trabajode Jim Crown, quien a menudo se valió de la ayuda de sus amigos, Mc gregor, Francis Wilde y de Dulcey, una joven del este del país que llega ala frontera para ocuparse de la posada que regenteaba su fallecido padre.
 Actores inviitados Jon Voight, Broderick Crawford, entre otros."
3089,EL SANTO ATACA DE NUEVO,Policial,George Sanders,Wendy Barrie,Jonathan Hale,John Farrow,1939,B&N,DVD,"10-08-1939 Radio City
 El Santo, ahora interpretado por George Sanders, viaja a San Francisco para aclarar otro caso."
3090,EL SANTO EN LONDRES,Policial,George Sanders,Sally Gray,David Burns,John Paddy Catstairs,1939,B&N,DVD,"2-11-1939 Radio City
 El Santo colabora con el Servicio Secreto en otro dificial caso"
3091,EL NUEVO CASO DEL SANTO,Policial,George Sanders,Helene Whitney,Bela Lugosi,Jack Hively,1940,B&N,DVD,"22-08-1940 Radio City
 El Santo tendrá que lidiar con un malvado doble suyo interpretado por el legendario Bela Lugosi."
3092,EL REGRESO DEL SANTO,Policial,George Sanders,Wendiy Barrie,Morwan Conway,Jack Hively,1940,B&N,DVD,"28-05-1941 Trocadero
 El Santo regresa a la acción para ayudar a un viejo amigo suyo acosado por un grupo de mafiosos."
3093,EL SANTO EN PALM SPRINGS,Policial,George Sanders,Wendy Barrie,Paul Guilfoyle,Jack Hively,1941,B&N,DVD,"21-10-1942 Trocadero
 El Santo viaja hasta Palm Springs para aclarar una serie de asesinatos."
3098,LOS TRES MOSQUETEROS (Por la Dama y el Honor),Aventuras,Walter Abel,Ian Keith,Margot Grahame,Rowland W. Lee,1935,B&N,DVD,3-04-1936 Ariel. El joven gascón D'Artagnan junto a tras mosqueteros del rey luchan por salvar a Francia y el honor de una dama de las maquinaciones del Cardenal Richelieu.
3095,EL SANTO CONTRA EL TIGRE,Policial,Hugh Sinclair,Jean Gillie,Gordon McLeod,Paul L. Stein,1941,B&N,DVD,"No estrenada en sals en Uruguay.
 Un hombre moribundo llega a la puerta de la casa de El Santo para decirle unas últimas palabras antes de morir."
3094,LAS VACACIONES DEL SANTO,Policial,Hugh Sinclair,Sally Gray,Arthur Macrae,Leslie Fenton,1941,B&N,DVD,"10-06-1942 Trocadero
 Las vacaciones de El Santo se verán alteradas después de descubrir una misteriosa caja conun contenido altamente peligroso."
3099,EL ZORRO Y LOS TRES MOSQUETEROS,Aventuras,Gordon Scott,José Greci,Maria Grazia Spina,Luigi Capuano,1963,Color,DVD,"8-01-1971 Iguazú
 En el siglo XVII España está en guerra con Francia. Isabel, la prima del rey de España, es retenida por los franceses en un castillo y el Conde de Sevilla, que aspira a su mano, se ofrece para liberarla. Pero en realidad, el Conde ha hecho un pacto con el Cardenal Richelieu, que le permitirá liberar a Isabel a cambio de información militar. El Zorro, el superhéroe espadachín enmascarado, entre en escena para combatir las injusticias junto con los Tres Mosqueteros."
3196,LA DUDA,Drama,Meryl Streep,Philip Seymour Hoffman,Amy Adams,John Patrick Shanley,2008,Color,DVD,"16-01-2009 Movie Center P Carretas
 Una hermana directora de un colegio desconfía del liberal y popular Padre Flynn, el sacerdote de la parroquia. Tratando de encontrar cualquier falla en su conducta, la hermana cree haber encontrado pecado cuando se entera que el padre ha tomado un especial interés por uno de sus monaguillos. Sin pruebas, la única certeza es la duda."
3110,LOS INTOCABLES,Policial,Kevin Costner,Robert de Niro,Sean Connery,Brian de Palma,1987,Color,DVD,"8-10-1987 Metro, Beta
 Retrato glorioso y cruel del policiía que hizo la promesa de acabar con el mayor jefe de la mafia que dominó Chicago en la era de la prohibición."
3107,LA VENGANZA DE MILADY,Aventuras,Gérard Barray,Myléne Demongeot,Perrette Pradier,Bernard Borderie,1961,Color,DVD,"No estrenada en salas.
 Milady de Winter no ha aceptado su derrota en anos de D'Artagnan y sus amigos. Con la colaboración del Cardenal Richelieu hará la vida imposible a los mosqueteros."
3102,AVENTURAS EN EL PARAISO,Aventuras,Gardner McKay,James Holden,Lani Kai,Varios,1959,B&N,DVD,"Serie TV
 Aadam Troy, vererano de la guerra de Corea permanece en el Pacífico luego de la guerra. Recorre la zona viviendo numerosas aventuras en su barco Tiki."
3101,EL RUGIR DEL CABALLO DE HIERRO (Serial),Western,Jock O'Mahoney,Viriginia Herrick,William Fawcett,Spencer G Bennet y Thomas Carr,1951,B&N,DVD,"No estrenada en salas en Montevideo. Serial de 15 episodios.
 Una persona investiga los problemasen el desarrollo de una línea del ferrocarril en tiempor del viejo oeste."
3106,LOS TRES MOSQUETEROS,Aventuras,Gérard Barray,Myléne Demongeot,Perrette Pradier,Bernard Borderie,1961,Color,DVD,"No estrenada en salas.
 D'Artagnan, gentil hombre gascón llega a Paris para integrarse al cuerpo de Mosqueteros del Rey. Tras un malentendido inicial se hace amigos de tres mosqueteros. Con ellos se verá involucrado en recuperar unas joyas que comprometen la reputación de la reina. Para lograrlo tendrá que enfrentar a la bella y enigmática Milady de Winter."
3108,LA MASCARA DE HIERRO,Aventuras,Jean Marais,Sylvia Koscina,Jean-Grancois Poron,Henri Decoin,1962,Color,DVD,"No estrenada en salas.
 A raiz de un incidente surge en el círculo del rey un plan para sustituirle. Desconocido por la gran mayoría,exite un segundo rey, un gemelo, escondido al nacer y luego encarcelado. Tiene una particularidad: lleva una máscara de hierro cubriendo su rostro."
3103,QUIERO A ESTE HOMBRE (El Gallardo Aventurero),Western,Clark Gable,Lana Turner,Claire Trevor,Jack Conway,1941,B&N,DVD,30-04-1942 Metro
3104,EL PIRATA BARBANEGRA,Aventuras,Robert Newton,Linda Darnell,Keith Andes,Raoul Walsh,1952,Color,DVD,"21-01-1955 Central
 Sir Henry Morgan (Robert Newton) dejó su vida de pirata para ocupar un puesto como alto oficial en Jamaica. Unantiguo conocido pretende cobrar una deuda que Morgan mantiene con el y se presenta como médico en el barco de Morgan sin saber que en él también viajael temido pirata Barbanegra."
3105,EL MISTERIO DE FISKE MANOR,Suspenso,Ida Lupino,Louis Hayward,Evelyn Keyes,Charles Vidor,1941,B&N,DVD,"18-11-1942 Trocadero. Título Local: Damas Retiradas
 Unaactriz retirada convive con una señora de compañía que le ayuda en el manejo del hogar. Cuando aparecen dos hermanas del ama de llaves, la vida para la dueña de casa se vuelve indoportable."
3111,EL PASAJE,Aventuras,Anthony Quinn,James Mason,Malcom McDowell,J.Lee Thompson,1978,Color,DVD,"8-11-1979 Central
 Un pastor acepta a regañadientes ingresar a España, desde la Francia ocupada por los alemanes a través de los Pirineos, a un famoso científico. El Vasco ignaora que el hombre de ciencia es acompañado por su esposa e hijos. La mujer está enferma y al igual que sus hijos no pararece encontrase desuperar con éxito la dificil travesía. Además son perseguidos por un sádico oficial de las SS."
3112,DOS EN LA CARRETERA,Comedia,Audery Hepburn,Albert Finney,Eleanor Bron,Stanley Donen,1967,Color,DVD,"1-01-1968 Censa
 Un viaje de Londres a la Riviera francesa hará que una mujer y su esposo revivan los románticos comienzos de su relación, los primeros años de su matrimonio y sus respectivas infidelidades. Con el paso del tiempo los dos han cambiado, por lo que tendrán que enfrentarse a un dilema: separarse o aceptarse mutuamente com son."
3114,DEMASIADOS MARIDOS,Comedia,Jean Arthur,Fred MacMurray,Melvyn Douglas,Wesley  Ruggles,1940,B&N,DVD,"16-10-1940 Ambassador.
  La joven Vicky Lowndes (Jean Arthur), inmediatamente desdpués de casarse con Henry (Melvyn Douglas), se encuentra con una gran sorpresa: Bill(Fred MacMurray), su primer marido que habíasido dadopor muerto en un naufragio, vuelve a casa. Henry y Bill eran grandes amigos y sociosen una empresa, peroahora comienzan a luchar por el amor ""su esposa"". Vicky tiene ahora un gran dilema: con cual de los dos maridos se quedará?."
708,BREAKHEART PASS (Nevada Express),Western,Charles Bronson,Bem Johnson,Richard Crenna,Tom Gries,1976,Color,DVD,"7-03-1977 Plaza. Título local: Un tren al infierno.
 Título alternativo: Nevada Express
  Un tren avanza por las montañas rocosas en dirección a un puesto militar. Durante el viajevarios pasajeros sonasesinados. La única esperanza de los sobrevivientes es un prisionero que luchará por salvar su viday la de los demás ocupantes del tren. También descubrirá los secretos que han causado todas las muertes y el propósito de tan secreta misión."
3119,EL AMOR DE SWANN,Drama,Jeremy Irons,Alain Delon,Ornella Muti,Volker Schlöndorff,1984,Color,DVD,"9-10-1986 Ambassador, Betta
 El rico y elegante Charles Swann se mueve entre los poderosos círculos de la burguesía de Paris de la Belle Epoque. Se enamora de Odette de Crécy, una bella cortesana y sus amigos le advierten de contraer todo compromiso serio. Pero Swann ignora las advertencias."
3120,FUEGO ESCONDIDO,Aventuras,Robert Mitchum,Rita Hayworth,Jack Lemon,Robert Parrish,1957,Color,DVD,"15-01-1958 Plaza
 Dos amigos se dedican a explotar un barco mercante en el Caribe. Su relación pega un vuelco cuando aceptan el encargo de trasladar a La Habana a una bella mujer. Ambos se sienten atraidos por ella y esta situacióncrea un conflicto que rompe su larga amistad."
3121,SILVER CITY,Western,Edmond O´Brien,Yvonne DeCarlo,Barry Fitzgerald,Byron Haskin,1951,Color,DVD,"15-03-1954 Trocadero
 Un experto en Minas decide colaborar con un Ingeniero y su hija para la explotación de un yacimiento contra unos codiciosos mineros."
3122,EL CRACK,Drama,Jorge Salcedo,Aida Luz,Marcos Zucker,José Martínez Suárez,1960,B&N,DVD,"5-03-1962 Coventry
 Un futbolista joven y su camino hasta el debut en primera división con todo lo que se mueve detrás.
 Versión no idealizada del ""fútbol negocio""."
3124,BONNIE AND CLYDE,Drama,Warren Beatty,Faye Dunaway,Gene Hackman,Arthur Penn,1967,Color,DVD,"13-06-1968 18 de Julio
  A comienzos de los años treinta del siglo XX una pareja de jovenes se lanzan a una vida de de robos y crímenes."
3125,JUEGO MORTAL,Suspenso,Christopher Lambert,Diane Lane,Tom Skerritt,Carl Schenkel,1992,Color,DVD,"27-06-1992. Título local: Enigma Mortal
 La amante de un ajedrecista es asesinada durante un importante torneo. Toda la sangre fue drenada por el asesino. La escritura en las paredes con la sangre de la víctima es una de las pistas dejada. Diane Lane es la policía que analizará el crimen."
3126,DUELO A MUERTE EN EL OK CORRAL,Western,Stacy Keach,Faye Dunaway,Harris Yulin,Frank Perry,1971,Color,DVD,"02-08-1972. California. Título locales Pistoleros Malditos
 Doc Holliday jugador profesional se dirige a Tombstone para encontrarse con Wyatt Earp. En el camno conoce a una meretriz distuesta a todo con tal de huir de la miserable cantina donde ejerce.
 Wyatt planea presentarse a las elecciones para convertirse en sheriff de la ciudad y hacer que su amigo se encargue del juego y de ese modo ganar mucho dinero. Ike Clanton, que odia a Earp intentará evitarlo."
3128,LUCHA DE PODER,Western,Jock Mahoney,Martha Hyer,Lyle Bettger,Charles Haas,1956,Color,DVD,"18-06-1957 Rex. Título local: El deber de matar.
 Tras luchar en la guerra civil el antiguo sheriff de Abilene vuelve a su pueblo y se encuentra con los habitantes enfrentados entre ellos. Deberá armarse de valor para solucionar la situación."
3127,DUELO EN EL MISSISSIPI,Western,Lex Barker,Patricia Medina,Warren Stevens,William Castle,1955,Color,DVD,"27-11-1956 Victory Título local: Sangre Criolla
 Lili Scarlet organiza constantes razias contra las plantaciones de una familia aristocrática con la que está enfrentada. Todo cambia cuando se enamora del enviado el heredero de esa familia para combatir los ataques."
3129,LA GALLINA DE LOS HUEVOS DE ORO(Las habichuelas má,Comica,Bud Abbott,Lou Costello,Buddy Baer,Jean Yarbrough,1952,Color,DVD,"1-01-1956 Iguazú.
 Disparatada versión del cuento Las Habichuelas Mágicas y La Gallina de los Huevos de Oro.
 La pelicula comienza en blanco y negro para pasar luego al color, como en El Mago de Oz."
3130,LO MAS CERCANO AL CIELO,Comedia,Catherine Deneuve,William Hurt,Bernard Le Coq,Tonie Marshall,2002,Color,DVD,"No estrenada en salas en Montevideo.
 Una tarde, Fanette se encuentra con Bernard, al que conoció cuando eran estudiantes. El estaba enamorado de ella pero ella amaba a otro.
 Luego de esa conversación se dirige al cine para ver Algo para Recordar con Cary Grant y Deborah Kerr dónde al fin se reencuentran tras haberse separado en lo alto del Empire State.
 Fanette que está escribiendo un libro sobre un pintor tendrá que ir a Nueva York para fotografiar algunos cuadros. Antes de su viaje recibe una carta que fija una cita en lo alto del Empire State. ¿Será real o es un sueño?"
3131,A MITAD DE CAMINO,Cine Negro,Richard Todd,Valerie Hobson,Tom Walls,Daniel Birt,1949,B&N,DVD,"4-07-1955 Trocadero
 Título local Viaje Interrumpido.
 Con la intención de escaparse con la esposa de su editor, el novelista John North piensa que lo mejor es sentarse junto a ella en el compartimiento del tren. El viaje es interrumpido por un choque del tren en el cual su amante muere. Analizando los restos del accidente, el inspector del ferrocarril descubre que la muerte no falleció en el choque, alguien le pegó un tiro por la espalda…"
3200,EL REGRESO,Drama,Guillermo Battaglia,Santiago Gomez Cou,María Concepción César,Leopoldo Torres Ríos,1950,B&N,DVD,"13-02-1951 Coventry
 Por mantener puro el recuerdo de una mujer, un hombre vuelve del infierno a la tierra para verla y luego redimirse.
 La actuación de Battaglia como el Diablo, muy simpático y expresivo, es de especial interés. Lo mismo Santiago Gomez Cou muy correcto en su personaje de melancólico enamorado."
3142,CINCO BESOS,Comedia,Mirtha Legrand,Roberto Escalada,Elena Lucena,Luis Saslavsky,1945,B&N,DVD,"4-07-1946 Radio City
 Amoríos en un teatro entre vedettes, novios de coristas y escádalos que incluyen un millonario.
  Superproducción que no ha perdido su estilo perosí su gracia. Durante el rodaje nació el famoso romance Tinayre-Legrand."
3143,CORRIENTES CALLE DE ENSUEÑOS,Drama,Mariano Mores,Yeya Duciel,Judith Sulián,Roman Viñoly Barreto,1949,B&N,DVD,"14-06-1949 Coventry
  Historia acerca de una muchacha del interior que quiere triunfar y halla la muerte y un músico humilda que triunfa sobre sus fracasos. Contra lo que sugiere el título es un film sombrío."
3165,LA PRINCESA DE SAMARKANDA,Aventuras,Anna Blyth,David Farrar,George Macready,George Sherman,1951,Color,DVD,"20-04.1953 Trocadero
 En el año 1220 un pequeño grupo de cruzados ingleses llega a Samarkanda donde el gobierno de la pincesa Shalimar se ve amenazado por las hordas de Gengis Khgan. Shalimar espera derrotar al conquistador valiándose de la astucia. Sin embargo, Sir Guy, uno de los caballeros cruzados, propone la guerra. Aunque la esperanza de éxito sea mínima."
3155,MARCHAR O MORIR,Aventuras,Gene Hackman,Catherine Deneuve,Terence Hill,Dick Richards,1977,Color,DVD,"1-02-1979 Plaza. Título Local: Marche o Muera
 Un comando de la Legión Extranjera deben proteger una expedición arqueológica que tiene que excavar para encontrar una tumba. El Oficial al mando no está de acuerdo ya que la última vez terminó en una masacre."
3153,HAWKEYE,Western,Lee Horsley,Lynda Carter,Rodney Grant,Brad Turner,1994,Color,DVD,"Serie TV.
 Durante la guerra entre los ingleses y los franceses alia
dos con los indios en 1755, se narra las aventuras de Ojo de Halcón, uno joven blanco, criado por los indígenas."
3132,TIEMPOS VIOLENTOS,Policial,John Travolta,Samuel Jackson,Uma Thurman,Quentin Tarantino,1994,Color,DVD,"31-03-1995 Trocadero, Montevideo Shopping, Carrasco
 Dos asesinos a sueldo deben recuperar un misterioso maletin."
3133,THE SHADOW OF THE EAGLE (Serial),Aventuras,John Wayne,Dorothy Gulliver,Edward Hearn,Ford beebe,1932,B&N,DVD,"El dueño de una feria de diversiones es sospechoso de ser ""el águila"" un saboteador que quiere quedarse con los planos de un invento.
 No estrenada en salas en Uruguay."
3138,CADA HOGAR UN MUNDO,Comedia,Maria Duval,Carlos Cores,Felisa Mary,Carlos Borcosque,1942,B&N,DVD,"17-06-1943 Radio City
 Los dos hijos de un matrimonio rivalizan por el amor de una adolescente adoptada por la familia."
3134,FIEBRE DE PRIMAVERA,Musical,Palito Ortega,Violeta Rivas,Pedro Quartucci,Enrique Carreras,1965,B&N,DVD,"19-04-1965 Trocadero
 Tres muchachosn y tres jovencitas viven en el mismo barrio y concurren a la misma facultad. Ellos comienzan molestando a las chicas pero terminan enamorándose."
3135,EL BULIN,Comedia,Norman Brisky,Fidel Pintos,Jorge Porcel,Angel Acciaresi,1969,B&N,DVD,"30-08-1969 Ambassador
 Funciones regulares 23-09-1969 Luxor
 Varios empleados de una oficina utilizan el departamento de soltero de un compañero."
3136,SANTA CANDIDA,Comedia,Nini Marshall,Francisco Alvarez,Delfy de Ortega,Luis Cesar Amadori,1945,B&N,DVD,"18-04-1946 Radio City
 Cándida, la cocinera de una estancia, desenmascara a un grupo de delincuentes."
3147,EL CONDE DE MONTECRISTO,Aventuras,Gerard Depardieu,Ornella Muti,Jean Rochefort,Josée Dayan,1998,Color,DVD,"Serie TV. (cuatro espisodios)
 Edmundo Dantés (Gerard Depardieu) es un joven marino con una brillante carrera por delante. Sin embargo poco antes de su boda con Mercedes (Ornella Muti) es encarcelado injustamente en la isla de If. Tras 20años en prisión logra escapar y por azar convertido en un hombre inmesamente rico y poderoso, a partir de entonces dedicará su vida a vengarse de aquellos que un día intentaron destruirle."
3137,MI MARIDO HOY DUERME EN CASA,Comedia,Francisco Alvarez,Leonor Rinaldi,Gogo Andreu,Enrique Carreras,1955,B&N,DVD,"7-11-1955 Ambassador
 Aceptable comedia de familia donde hijos y yernos traman un plan para volver a unir a los padres recién separados."
3144,EL NACIMIENTO DE LA UNITED,Documental,Mary Pickford,Charles Chaplin,David W. Griffith,Hugh Munro Neely,1998,Color/B&N,DVD,"Documental. No estrenada en salas
 Corría el año 1918 cuando cuatro famosos artistas decidieron unirse para crear una organización que ina a establecer la posición de las estrellas del celuloide en lo más alto de la pirámide de Hollywood."
3160,EL CONDE DE MONTECRISTO,Aventuras,Pepe Martin,Emma Cohen,José María Escuer,Pedro Amalio López,1969,B&N,DVD,"Tras ser detenido y condenado injustamente por traición, Edmundo Dantés (Pepe Martín) logra escapar de la prisión del castillo de IF tras catorce años de cautiverio. Durante su estancia en la carcel un prisionero le confió el secreto de un tesoro. Cuando Dantés logra encontralo decide iniciar una venganza contra los que arruinaron su vida. Para ello asumirá la identidad de El Conde de Montecristo.
 Basada en la inmortal novela de Alejandro Dumas."
3148,AL BORDE DEL INFIERNO,Drama,Wiliam Holden,Lloyd Nolan,Virginia Leith,Mervyn LeRoy,1956,Color,DVD,"11-08-1958 Iguazú
 Un mayor de la fuerza aérea vuelve al servicio activo como piloto de pruebas luego de ser prisionero y torturado en la guerra de Corea. Deberá vencer su propia inseguridad."
3145,EL CASO DEL REPORTERO DESPÍADADO,Policial,Raymond Burr,Barbara Hale,William Moses,Christian I. Nyby,1991,Color,DVD,"Serie de TV
 Un engreido presentador de informativos es asesinado cuando recogía su coche en el garage. La principal sospechosa es una compañera suya que había sido vistamomentos antes en el lugar del crimen. Perry Mason, que había sido entrevistado en el programa, decide defender a la joven, convencido de su inocencia."
3149,EL GORILA ASESINO,Suspenso,Cameron Mitchell,Anne Bancroft,Raymond Burr,Harmon Jones,1954,Color,DVD,"4-07-1955 Ambassador. Título local: La Bestia Negra
  En una feria la mayor atracción es un gorila gigante. Un día es hallado un hombre brutalemente asesinado en la carpa del gorila. ¿Fue Goliath o alguien vistiendo el traje del gorila?."
3210,EL VIEJO HUCHA,Drama,Enrique Muiño,Francisco Petrone,Roberto Airaldi,Lucas Demare,1942,B&N,DVD,"25-08-1942 Radio City
 Un inmigrante acumula fortuna, pero no puede impedir quesus hijos lo desprecien.
 Un clásico lento y teatral pero con momentos de intensa emotividad.
 Osvaldo Miranda estrena el tango ""Malena"" de Manzi y Lucio Demare,"
3139,SABADO A LA NOCHE CINE,Drama,Gilda Lousek,Luis Tasca,Rodolfo Salerno,Fernando Ayala,1960,B&N,DVD,"26-11-1963 Luxor
 Las actitudes de distintas personas ante el hecho de ir al cine."
3140,CANCION DE ARRABAL,Drama,Carlos Estrada,Marujita Diaz,María Luisa Santes,Enrique Carreras,1961,B&N,DVD,"1-01-1962 Coventry
 En el año 1900 una muchacha hija de españoles y criada en el barrio de la Boca, gana un concurso para actuar en Europa. Llega a ser famosa y se casa con un argentino."
3141,LA CALESITA,Drama,Hugo del Carril,Fanny Navarro,Maria Aurelia Bisutti,Hugo del Carril,1962,B&N,DVD,"24-05-1965 Central
  Impulsado por una melodía un viejo calesitero remora momentos de la vida de sus padres y la suya propia-"
3150,DOLARES,Policial,Warren Beatty,Goldie Hawn,Gert Fröbe,Richard Brooks,1971,Color,DVD,"14-09-1972. Título local: Un Asalto Audaz
 Un experto en servicios de seguridad bancaria (Beatty)y una meretriz (Hawn) viven juntos en Hamburgo. Aprovechando que ella presta servicios a dos norteamericanos implicados en negocios turbios, la pareja idea un plan para robarles el dinero que tienen en los cofres del banco. Con ese fin Beatty ha instalado un sistema de alarma, dando por supuesto que las víctimas por su condición de delicuentes no podrán avisar a la policía."
3151,UN GANGSTER PARA UN MILAGRO,Comedia,Glenn Ford,Bette Davis,Hope Lamge,Frank Capra,1961,Color,DVD,"17-08-1962 Radio City. Título Local: ""Milagro por un día""
 Una pobre vendedora ambulante de broadway tiene un problema. Su hija educada en el extranjero desde su infancia, va a volver a América para visitar a su madre y presentarle a su prometido. Ella siempre ha creido que su madre es una rica viuda. La vendedora no sabe que hacer para no decepcionarla. Un rufián de buen corazón, contrabandista de alcohol, la ayudará para hacerse pasar por una gran dama-"
3152,ERASE UNA VEZ EN AMERICA,Cine Negro,Robert De Niro,James Woods,Elizabeth McGovern,Sergio Leone,1984,Color,DVD,"4-10-1984 Plaza
 A principios del siglo XX dos jovenes judios forman una banda que prospera rápidamente, llegando a convertirse en tiempor de la ley seca en unos importantes gangsters"
3166,LOS GOONIES,Aventuras,Sean Astin,Josh Brolin,Corey Feldman,Richard Donner,1985,Color,DVD,"21-12-1985. California, Alfa Beta
 Un grupo de jovenes, Los Goonies"" encuentran el mapa de un tesoro y siguen sus pistas. Penetran a un mundo subterráneo lleno de peligrosas trampas y un antiguo barco pirata que esconde monedas de oro."
3154,EMMANUELLE,Drama,Sylvia Kristel,Alain Cun,Marika Green,Just Jaeckin,1974,Color,DVD,"11-10-1977 Luxor
 La llegada de Emmanuelle a Bangkok, su vida con su esposo dentro de una relación abierta y  un tour sexual por el país."
3157,GIGI,Musical,Leslie Caron,Luis Jourdan,Maurice Chevalier,Vincente Minelli,1958,Color,DVD,"25-12-1958 Metro
   Narra la vida de un hombre seductor y sus relaciones con la joven Gigi, una bella colegiala convertida en una dama lo suficientemente atractiva como para conquistar el idílico París de comienzos del siglo XX."
3158,CURRO JIMENEZ,Aventuras,Sancho Gracia,José Sancho,Alvaro de Luna,Joaquin Romero Marchent,1976,Color,DVD,"Serie de TV.
 Tres episodios de las aventuras de un pistolero español a comienzos del siglo XIX."
3167,PUENTE DE ESPIAS,Suspenso,Tom Hanks,Mark Rilance,Austin Stonell,Steven Spielberg,2015,Color,DVD,"5-11-2015 Grupo Cine Ejido, Torre de los Profesionales,Life 21, Alfabeta y Punta Carretas. Movie Montevideo,NuevoCentro, Portones.
 Un abogado es reclutado por la Cia en época de la Guerra Fría."
948,LA GARDENIA AZUL,Cine Negro,Anne Baxter,Richard Conte,Raymond Burr,Fritz Lang,1953,B&N,DVD,"22-01-1958 Iguazú
 Richard Conte es un periodista que, enamorado de una mujer (Anne Baxter) acusada de homicidio hará todo lo posible para demostrar su inocencia."
2494,ULTIMO REFUGIO,Cine Negro,Mecha Ortiz,George Rigaud,Pedro López Lagar\r\nópez Lagar,John Reinhardt,1941,B&N,DVD,"10-12-1942 Ambassador
  Un hombre perseguido por matar a otro es entregado por la mujer que motivó el crimen."
3156,KING OF THE TEXAS RANGERS (serial),Aventuras,Sammy Baugh,Duncan Renaldo,Pauline Moore,J.English-W.Witney,1941,B&N,DVD,"12-08-1943 El Mundo. 12 episodios.
 Título local Contra la Quinta Columna
  Los Texas Rangers combaten contra un grupo que quiere sabotear los pozos petrolíferos para que USA no gane la guerra."
3159,TRAFFIC,Drama,Michael Douglas,Catherine Zeta Jones,Benicio del Toro,Steven Soderbergh,2000,Color,DVD,"02-02-2001 Ejido, Alfabeta,Movie Center,Hoyts.
 El millonario mundo de las drogas visto desde tres puntos de vista: el responsable de la política antidroga americano (Michael Douglas) que, a su vez tiene a su hija drogadicta; un policía antidroga mexicano (Benicio del Toro) que trata de esquivar la corrupción a su alrededor y el instinto de supervivencia de la esposa de un narcotraficante(Catherine Zeta Jones), que tratará de sacar adelante a sus dos hijos y liberar a su marido."
3162,MAYERLING,Drama,Omar Shariff,Catherine Deneuve,Ava Gardner,Terence Young,1968,Color,DVD,"21-03-1970. 18 de Julio
 Melodrama ambientado en el Imperio Austrohúngaro. El archiduqye Rodolfo se enamora de Marie pero su padre no la acepta como pareja de su hijo."
3161,AUSTERLITZ,Histórica,Pierre Mandy,Claudia Cardinales¿,Orson Welles,Abel Gance,1960,Color,DVD,"11-10.1962 Ambassador
 Austerlitz es la victoria mas grande de Napoleón Bonaparte. Se muestra con detalles la preparación para la lucha y la batalla."
3163,UN PUENTE LEJANO,Bélica,Sean Connery,Laurence Olivier,Liv Ulman,Richard Attenborough,1976,Color,DVD,"18-08-1977 Ariel, Radio City y Carrasco.
 En setiembre de 1944 los aliados emprendieron un arriesgado plan para poner fin lo mas rápido posible la segunda guerra mundial invadiendo Alemania. Por la estrategia desarrollada y sumados errores de información y un clima adverso condujeron la operación a un desastre.
 Otros integrantes del elenco: Dick Bogarde,James Caan, Michael Caine, Elliot Gould, Anthony Hopkins, Robert Redford, Maximilian Schell."
3164,LOS CUATRO JINETES DEL APOCALIPSIS,Drama,Glenn Ford,Charles Boyer,Ingrid Thulin,Vincente Minnelli,1961,Color,DVD,"3-08-1962 Metro, Censa.
 En vísperas del inicio a la Segunda Guerra Mundial un Sr Mayor reune a tras generaciones de su acaudalada famlia, allí descubre que un miembro se ha incorporado al partdo nazi. Este hecho acabará con la vida del patriarca. Una vez en París Glenn Ford continúa con su vida de play boy hasta que se enamora de la viuda de un integrante de la resistencia y su hermana adolescente es capturada por los alemanes.
 Otros integrantes del elenco: Lee J. Cobb, Paul Henried, Yvette Mimieux y Paul Lukas."
3202,IRONSIDE (Temporada I),Policial,Raymond Burr,Don Galloway,Don Mitchell,Varios,1968,B&N,DVD,
3184,EL REINADO DEL TERROR,Histórica,Robert Cummings,Arlene Dahl,Richard Basehart,Anthony Mann,1949,B&N,DVD,"18-10-1950 Trocadero
 Francia 1794. El Marqués de Lafayette encarga a su hombre de confianza Charles Dáubigny que se infiltre en el gobierno de Robespierre para intentar impedir que este se haga con el poder absoluto."
3185,TRES HORAS PARA VIVIR,Western,Dana Andrews,Donna Reed,Dianne Foster,Alfred Werker,1954,Color,DVD,"18-04-1955 California. Título local:  Tres horas para morir
 Un conductor de diligencias es acusado injustamente de asesinar al hermano de su prometida Laurie. Temiendo por su vida se marcha lejos. Dos años después regresa para limpiar su nombre. Al volver se encuentra que su novia está casada con un viejo amigo y que nadie en el pueblo, excepto una mujer llamada Chris, cree en su inocencia.El sherif decide darle tres horas para que encuentre al culpable."
3186,RECUERDA,Suspenso,Gregory Peck,Ingrid Bergman,,Alfred Hitchcock,1946,B&N,DVD,"29-06-1946 Trocadero. Título local: Cuéntame tu vida
 A una clínica psiquiatrica llega un joven y prestigioso doctor. Al poco tiempo de incorporado demuestra tener síntomas de amnesia y un complejo de culpabilidad. Cree que ha cometido un asesinato. Una bella doctora, enamorada de él tratará de demostrar su inocencia."
3201,HAY UNOS TIPOS ABAJO,Drama,Luis Brandoni,Luisina Brando,Marta Bianchi,Emilio Alfaro,1985,Color,DVD,"16-03-1989 Estudio 3
 Un periodista se cree perseguido, cambia su conducta hasta el borde de la locura."
1834,EL HIJO DE LA PRADERA,Western,William S. Hart,Bárbara Bedford,Lucien Littlefield,William S. Hart,1925,B&N,DVD,"No se tienen datos sobre su estreno en salas.
 En Caldwell, en la frontera entre Kansas y Oklahoma, vive un vaquerollamado Don Carver que decide establecerse alli, después de enamorarse de Molly Lassiter. El hermanastro de Nolly y un compinche conspiran para hacerlo detener. Dan se escapa para unirse a loscolonos y la carrera para hacerse una porción de tierra y poder así casarse con Molly."
427,TERROR  EN LA NOCHE,Policial,Basil Rathbone,Nigel Bruce,Alan Nowbray,Roy William Neill,1945,ByN,DVD,
520,LA GARRA ESCARLATA,Suspenso,Basil Rathbone,Nigel Bruce,Gerald Hamer,Roy William Neill,1944,ByN,DVD,
524,SHERLOCK HOLMES EN WASHINGTON,Suspenso,Basil Rathbone,Nigel Bruce,Marjorie Lord,Roy William Neill,1945,ByN,DVD,
3168,ATRAPAME SI PUEDES,Policial,Leonardo DiCaprio,Tom Hanks,Christopher Walken,Steven Spielberg,2002,Color,DVD,"14-02-2003. Grupo Cine Ejido, P Carrtetas. Movie Center Montevideo, Portones, P Carretas.
 La historia real de un joven que se hizo pasar por Piloto, Abogado y Médico antes de los 21 años estafando varios millones de dólares."
3169,LA ESPADA MAGICA,Aventuras,Basil Rathbone,Estelle Winwood,Ann Helm,Bert I. Gordon,1962,Color,DVD,"8-11-1962 Trocadero.
 El malvado hechicero Lodac (Rathbone), ha capturado a la bella princesa Helena (Anne Helm) y la retiene en un castillo custodiada por un feroz dragón. Un caballero, hijo de una hechicera, decide ir a su rescate. El camino no será fácil pues se cruzará con criaturas de dos cabezas, ogros, magia maligna y otros peligros."
3170,BODAS DE SANGRE,Drama,Margarita Xirgú,Pedro López Lagar,Enrique Alvarez Diosdado,Edmundo Guibourg,1938,B&N,DVD,"1-02-1941 Rex
 Una mujer abandona a su prometido en el altar para irse con su amante. Los dos hombres morirán.
 Un film que vale más por lo que muestra que por como lo muestra. Primera adaptación ciematográfica de una obra de Federico García Lorca."
3171,EL MISTERIOSO TIO SYLAS,Suspenso,Elisa Christian Galvé,Francisco de Paula,Elsa O'Connor,Carlos Schlieper,1947,B&N,DVD,"10-03-1949 Rex
 Al enterarse que la quieren asesinar una mujer intenta huir."
3176,MI MUJER ESTA LOCA,Comedia,Amelia Bence,Alberto Closas,Amalia Sanchez Ariño,Carlos Schlieper,1951,B&N,DVD,"14-04-1952 Ambassador
 Víctima de un shock emocional, una disciplinada ama de casa se convierte en frívola vedette."
3177,COSAS DE MUJER,Comedia,Zully Moreno,Angel Magaña,Esteban Serrador,Carlos Schlieper,1951,B&N,DVD,"20-08-1951 Grand Palace
 Una abogada absorvida por su profesión, descuida la atención de su hogar, hijos y marido."
3179,CARMEN,Comedia,Nini Marshall,Juan José Padilla,Juan José Piñeyro,Luis Cesar Amadori,1943,B&N,DVD,"7-12-1943 Trocadero.
 Una modesta empleada de sastrería teatral sueñaque es la famosa cigarrera de Sevilla."
3180,EL PRECIO DE UNA MUJER,Comedia,Constance Bennett,Basil Rathbone,Kenneth Mackenna,Paul L. Stein,1930,B&N,DVD,"28-07-1931 Rex. Título local: Garantía contra matrimonio.
 Constance Bennett es la secretaria de Kenneth Mackenna, un afamado abogado que un día le pide que se case con él en un matrimonio abierto en el que cada uno hará lo que le plazca ya que el abogado quiere evitar casarse con Rita Le Roy, una clienta a la que le está llevando el divorcio. Bennett acepta y hace un crucero y allí conocerá a un caballero, Basil Rathbone, que trata de convencerla de dejar todo por él."
3181,EL SUEÑO NEGRO,Terror,Basil Rathbone,Akim Tamiroff,Bela Lugosi,Reginald Le Borg,1956,B&N,DVD,"4-02-1958 Victory
 En el año 1872 un Médico condenado a muerte por un crimen que no cometió recibe la visita de otro Doctor (Basil Rathbone) que le ofrece la libertad a cambio de ser su asistente personal. Para ello le suministra una droga que produce ""el sueño negro"" que hará que caiga en un letargo similar a la muerte."
3182,LOS ULTIMOS DIAS DE POMPEYA,Histórica,Preston Foster,Alan Hale,Basil Rathbone,Ernest Schoedsack,1935,B&N,DVD,"11-04-1936 Rex.
 La erupción del Vesubio y los últimos días de la ciudad de Pompeya.
 Curiosidad: Con este film la sala estrenó una de las más famosas de las Sinfonías Tontas de Walt Disney, la oscarizada Three Little Pigs (1933)"
3183,HOMBRES Y MUJERES DE BLANCO,Drama,Clark Gable,Myrna Loy,Jean Hersholt,Richard Boleslavsky,1934,B&N,DVD,"17-09-1935 Teatro Artigas. Título local: Alma de Médico.
 Un joven médico, que vive exclusivamente entregado a sus pacientes, tiene una novia que no entiende que ponga sus pacientes por encima de cualquier clase de distracción. Las desavenencias entre ambos llegan al límite cuan do él conoce a una bella enfermera que comparte su pasión por la medicina."
525,DESQUITE EN ARGELIA,Suspenso,Basil Rathbone,Nigel Bruce,Marjorie Riordan,Roy William Neill,1945,ByN,DVD,
526,EL CASTILLO SINIESTRO,Suspenso,Basil Rathbone,Nigel Bruce,Aubrey Mather,Roy William Neill,1944,ByN,DVD,
3192,SOLO LOS ANGELES TIENEN ALAS,Aventuras,Cary Grant,Jean Arthur,Rita Hayworth,Howard Hawks,1939,B&N,DVD,"28-07-1939 Ambassador
 Emocionante aventura ambientada en América del Sur. Cary Grant es el jefe de un servicio de transporte aereo que opera en la zona de la cordillera de los Andes."
3173,"CARMIÑA,su historia de amor""",Comedia,Ma de los Angeles Medrano,Arturo Puig,Ricardo Morán,Julio Saraceni,1975,Color,DVD,"22-05-1975 Coventry
 Una muchacha española trabaja como mucama en la casa de una familia pudiente en la década del 30 del siglo XX. El hijo mayor se enamorará de ella.
 Versión cinematográfica de una telenovela de gran éxito. La primera versión de llamó""Nuestra Galleguita"" con Laura Bové y Norberto Suárez, que tuvo varias secuelas. La última fue ""Carmiña"".
 Existe una versión peruana inédita en Urugay, ""Natacha"" dirigida por Tito Davison en 1971."
3174,EL DESEO,Drama,Elsa O'Connor,Santiago Gómez Cou,Aida Luz,Carlos Schlieper,1944,B&N,DVD,"1-11-1946 Radio City
 Una mujer casada, otro hombre y una criada que sabe todo y se aprovecha."
3175,ALEJANDRA,Comedia,Delia Garcés,Jorge Rivier,Nélida Romero,Carlos Schlieper,1956,B&N,DVD,"28-01-1957 Trocadero
 La novela rosa de la millonaria caprichosa quefinge pobreza y una vida sacrificada, para conquistar al hombre que ama."
3172,MI AMIGO LUIS,Comedia,Luis Sandrini,Angel Magaña,Raúl Padovani,Carlos Rinaldi,1972,Color,DVD,"14-09-1972 Trocadero,Coventry
 La vida de los cadetes de la Escuela Militar y la tutela paternal de un oficial mayor."
3187,EL ZORRO CABALGA OTRA VEZ,Western,Tony Russel,Maria José Alfonso,Roberto Paoletti,Ricardo Blasco,1964,Color,DVD,"No estrenada en salas
 Un general revolucionario secuestra a dos viajeros de una diligencia:Marcel, entomólogo yPatricio, que se dirige al  palacio del gobernador para ocupar el puesto de mayordomo. Patricio, con sus finas maneras, consigue que les dejen en libertad.
  Cuando mas tarde, el general asalta el palacio del gobernador ordena el fusilamiento de estre. En el momento de la ejecución aparece El Zorro!!. Y todo cambia."
3203,EL CASO DEL ESTILO DE VIDA PELIGROSO,Policial,Hal Holbrook,Barbara Hale,William Moses,Helaine Head,1994,Color,DVD,
3189,EL DUQUE NEGRO,Aventuras,Cameron Mitchell,Conrado SanMartin,Grazia Maria Spina,Pino Mercanti,1963,Color,DVD,"No estrenada en salas.
 La vida de César Borgia, llevada a la pantalla. Luchas, asaltos, traiciones, amoríos."
3190,EL HALCON DEL DESIERTO,Aventuras,Kirk Morris,Dina Loy,Aldo Sambrell,Mario lluch,1965,Color,DVD,"No esttenada en salas.
 El hijo de un Emir depuesto lucha por recuperar su reino y salvar una princesa."
3191,MISION ARENAS ARDIENTES,Aventuras,Howard Ross,Ann Sherman,Andrew Scott,Al Dradley,1966,Color,DVD,"No estrenada en salas.
 Luchas, traiciones, aventuras y amor en el desierto de Yemen."
3193,LA LEYENDA DE SAM GUARD,Western,Audie Murphy,Darren McGavin,Ruta Lee,R.G.Sprinsteen,1964,Color,DVD,"No estrenada en salas en Montevideo
 Audie Murphy es un antiguo ranger retirado que vive como ranchero con una mujer y el hijo de esta. Un día llega el padre del niño, Darren McGavin,con el propósito de robar un banco y matar a Murphy."
3256,SECUESTRO BAJO EL SOL,Cine Negro,Jean Paul Belmondo,Sophie Daumier,Analía Gadé,Jacques Deray,1964,B&N,DVD,"8-09-1966 Censa. Título local: Una bella mañana de verano.
 Francis y su hermana Monique son dos estafadores que viven en la Costa Azul. Una noche las cosas no salen como había planeado y el presunto estafado resulta ser un delincuente que necesita un cómplice para llevar a cabo el secuestro de la hija de un millonario."
3230,HA LLEGADO SARTANA,Western,George Hilton,Charles Southwood,Erika Blanc,Giuliano Carnimeo(Anthony Asco,1970,Color,DVD,"15-11-1971 18 de julio
Título local: Vendió su pistola y se compró un cementerio.
 Sartana (George Hilton)es un caza recompensas que vive atrapando forajidos para la justicia.
 Elabora un plan para cazar a un bandido que roba el oro de los mineros fingiendo que lo transporta a otra ciudad. Pero Sábata (Charles Southwood) también quiere robar el oro y en un duelo electrizante se disputarán la fortuna."
3229,EL VIRGINIANO,Western,Joel McCrea,Brian Donlevy,Barbara Britton,Stuart Gilmore,1946,B&N,DVD,"26-10-1948 Ambassador
 Cuandfo Molly Wood (Bárbara Britton), una dama de excelente educación, llega procedente del este a una pequeña ciudad de Wyoming para ser la nueva Maestra de escuela el Virginiano y su mejor amigo se sienten inmediataente atraidos por ella."
3194,ODONGO,Aventuras,Rhonda Fleming,MacDonald Carey,Eleanor Summersfield,John Gilling,1956,Color,DVD,"14-11-1957 Censa
 La acción se desarrolla en Kenia. Allí se planteará la rivalidad entre un aventurero inglés que se gana la vida vendiendo animales a distintos zoológicos y una Doctora Veterinaria ,recién llegada a la zona, que en principio sólo contará con la simpatía del joven nativo Odongo."
3195,NOCHE EN EL ALMA,Drama,Hedy Lamarr,George Brent,Paul Lukas,Jacques Tourneur,1944,B&N,DVD,"5-09-1945 Trocadero
 Una mujer que planea escribir un libro. Fallece."
138,MATRIMONIO A LA ITALIANA,Comedia,Marcello Mastroianni,Sophia Loren,Aldo Puglisi,Vittorio De Sica,1964,Color,DVD,"La acción se desarrlla en Nápoles, durante la Segunda Guerra Mundial, una época en que la comida escasea y los bombarderos mantienen alerta a la población. Una bella joven llamada Filomena Marturano, que está sola en el mundo, trabaja en una casa de prostitución, ya que no encuentra otra manera de ganarse la vida. Allí es donde conoce a Doménico Soriano, más conocido como Don Mimi, que es dueño de un bar en la ciudad. Este la retira de la profesión y la lleva a vivir a su casa.
Fecha de estreno en Montevideo: 1 de enero de 1967 Cine 18 de julio."
3100,LA DOLCE VITA,Drama,Anita Ekberg,Anouk Aimée,Marcello Mastroianni,Federico Fellini,1960,B&N,DVD,"19-03-1960 Plaza
 La vida nocturna de Roma através de los ojos de un reportero"
3197,ME CONVIRTIERON EN UN CRIMINAL,Cine Negro,John Garfield,Claude Rains,Ann Sheridan,Busby Berkeley,1939,B&N,DVD,"14-09-1939 Radio City
 Un campeón mundial de boxeo, de tremenda popularidad cuenta, en una noche de borrachera que no es el inocente que todo el mundo cree. Que esa imagen es un montaje publicitario, ya que es mujeriego y alcoholico.
 Al enterarse ,el maneger mata al periodista para que no publique la historia. Al darse cuenta de la situación decide inculpar al boxeador."
3198,UNA HISTORIA INMORTAL,Drama,Orson Welles,Jeanne Moreau,Roger Cogglio,Orson Welles,1968,Color,DVD,"21-08-1970 Radio City
 En el Macao del siglo XIX, un rico comerciante está obsesionado con una antigua leyenda que corre de boca en boca entre los marineros: la de un hombre rico que pagó a un marinero pobre 5 guineas para engendrar a un niño con su joven esposa."
3199,UNA ASESINATO PARA SHILLMAN,Policial,Robert Mitchum,Angie Dickinson,Mel Ferrer,William Hale,1982,Color,DVD,"No estrenada en salas en Uruguay
 Shillman, un maduro ex policía desencantado de todo, es contratado por un hombre de negocios para que encuentre a su esposa. Poco después de dar con ella, es asesinada. Shillman volverá a recuperar su instinto policial para descubrir al asesino."
3188,LAS TRES ESPADAS DEL ZORRO,Aventuras,Guy Stockwell,Mikaela,Gloria Milland,Ricardo Blasco,1963,Color,DVD,"No estrenada en salas.
 En un México recién independizado algunos gobernadore de provincia actúan como señores de vida. Contra este estado de cosas algunos ciudadanos se alzarán contra lasautoridades. El nombre de uno de ellos se hace popular en la Baja California: El Zorro!!"
3123,EL VIRGINIANO (Temporada 2),Western,Doug McClure,James Drury,Lee J. Cobb,Varios,1963,Color,DVD,"Serie TV
 Conocido como ""El Virginiano"" un cowboy es capataz de un rancho propiedad de un juez.
 Actores invitados:
 Lloyd Nolan Ep 6
 Yvonne DeCarlo Ep 12
 Ed Begley Ep 15
 Robert Redford Ep 5
 Broderick Crawford Ep 4
 Ryan O'Neal Ep 6
 Pat O'Brien Ep 17
 Gena Rowlands Ep 3
 David Carradine Ep 23"
3211,DIABLITO DE BARRIO,Comedia,Lorena Paola,Juan Carlos Calabró,Marcos Zuker,Antonio Cunill Jr,1983,Color,DVD,"4-07-1988 ABC
 Un químico busca en su humilde casa de un barrio obrero el color de la felicidad.
 Vehículo para una estrella infantil y televisiva en una fábula light y complaciente."
3212,TANGO BAR,Musical,Raúl Juliá,Valeria Lynch,Ruben Juárez,Marcos Zurinaga,1987,Color,DVD,"20-04-1989 Nuevo Liberty
  Un argentino y un portorriqueño regentean un local de tango. La mujer del primero se quedará con el segundo."
3226,MUERTE EN EL NILO,Suspenso,David Suchet,James Fox,Emma Malin,Andy Wilson,2004,Color,DVD,
3227,EL GATO DE LAS 9 COLAS,Suspenso,James Franciscus,Karl Malden,Catherine Spaak,Dario Argento,0,Color,DVD,"11-08-1972 Central
 Una noche, mientras vuelven a su casa, Franco Arno, novidente, y  su sobrina Lori son testigos de una discusión entre un ladrón y un chantajista, que acaba en asesinato. A pesar de su invalidez, Franco colaborará con un periodista para desentrañar el misterio que se oculta tras una trama de espionaje industrial y crímines brutales."
3217,LOS FABELMANS,Drama,Michelle Williams,Paul Dano,Seth Rpgers,Steven Spielberg,2022,Color,DVD,"26-01-2023 Grupo Cine, Life Cinema, Movie
 La historia de un joven que aspiara a ser director de cine."
3204,SU ULTIMA PELEA,Drama,Armando Bo,Santiago Arrieta,Laura Hidalgo,Jerry Gomez,1949,B&N,DVD,"7-07-1949 Coventry
 Un muchacho de barrio se abre paso como boxeador, pero una enfermedad y un crimen pasional impiden su triunfo final."
3205,EL ANGEL DE ESPAÑA,Musical,Pedrito Rico,Daniel de Alvarado,Elcira Olivera Garcés,Enrique Carreras,1958,B&N,DVD,"25-08-1958 Coventry
 Un español inmigrante pasa de repartidor de almacén a cantante exitoso.
 Debut de Leonardo Favio."
3216,LA FRONTERA DEL TERROR,Aventuras,Van Johnson,Martine Carol,Herbert Lom,Terence Young,1957,Color,DVD,"5-06-1958 Metro
 Una mujer contrata a un mercenario, por medio de la resistencia, para que la traslade a Albania donde su hermano ha sido apresado por motivos políticos."
3257,EL FABULOSO MUNDO DEL CIRCO,Drama,John Wayne,Claudia Cardinale,Rita Hayworth,Henry Hathaway,1964,Color,DVD,"23-06-1966.Ambassador
 John Wayne es propietario de un circo, cuando viaja a Europa el barco que transporta todos los materiales del circo se hunde. Deberá volver a empezar. Claudia Cardinales y Rita Hayworth son el complemento de esta espectacular producción."
3218,EL COMPROMISO,Drama,Kirk Douglas,Faye Dunaway,Deborah Kerr,Elia Kazan,1969,Color,DVD,"18-05-1970 18 de julio. Título local: El Arreglo.
 Un ejecutivo de éxito tiene angustias de las que no puede escapar.
 Elenco de primer nivel. Kirk Douglas como el ejecutivo, Faye Dunaway como su amante, Déborah Kerr comosu ésposa, Richard Boone como el padre."
3225,SANGRE EN LA PISCINA,Suspenso,David Suchet,Jonatahn Cake,Megan Dodds,Simon Langton,2004,Color,DVD,"Serie TV
 Cuando Poirot pasa un fin de semana en una residencia de campo los
acontecimientos toman un giro siniestro cuando la familia dueña de la propiedad escenifica un asesinato. Poirot procura ocultar su enfado con la representación cuando descubre horrorizado que la ""víctima"" realmente ha sido asesinada."
3224,PELIGRO INMINENTE,Suspenso,David Suchet,Hugh Fraser,Philip Jackson,Renny Rye,1990,Color,DVD,"Serie TV
 Poirot y Hastings están de vacaciones en Cournalles cuando conocen a la hermosaSrta Nick Bucley, la cual ha sufrido tres accidenets en poco tiempo.
   Intrigado Poirot conversa con los amigos de Nick que no creen que alguien quiera asesinarla por motivos económicos ya que ""End House"" es la única propiedad que posee."
3207,OPERACIÓN ROSA ROSA,Comedia,Sandro,Laura Bove,Luis Tasca,Leo Fleider,1974,Color,DVD,"20-06-1974 Censa
 Un ídolo de la canción, también agente secreto, lucha contra un grupo poseedor de una fórmula química que lanza bacterias para provocar paros cardíacos.
 Una de las películas mas interesantes de Sandro explorando la parodia a partir de un asunto bastante divertido."
3208,TRIANGULO DE CUATRO,Drama,Thelma Biral,Graciela Borges,Federico Luppi,Fernando Ayala,1975,Color,DVD,"28-04-1975 Plaza
  Un matrimonio aburrido: él se siente atraído por una modelo fotógrafa y ella por un joven."
3213,TEATRO DE CUENTOS DE HADAS,Familiar,Shelley Duvall,Joan Collins,Vincent Price,Varios,1982,Color,DVD,"Serie TV
 Los cuentos infantiles tradicionales interpretados por famosas estrellas."
3209,LA NOCHE DEL HURTO,Comedia,Javier Portales,Ricardo Espalter,Ethel Rojo,Hugo Sofovich,1976,Color,DVD,"4-09-1976 18 de Julio
 Durante el desarrollo de un desfile de modas en el hotel del aeropuerto de Ezeiza (Buenos Aires) se lleva a cabo un extraordinario hurto.
  Comedia que a pesar de algunos convencionalismos, tiene momentos divertidos y un reparto bien aprovechado.
  Además de los actores citados participan Mario Sanchez, Emilio Vidal, Raymundo Soto, Santiago Gómez Cou, Berugo Carámbula, Peggy Sol."
3214,LOS PRIMEROS GOLPES DE BUTCH CASSIDY Y SUNDANCE,Western,William Katt,Tom Berenguer,Christopher Lloyd,Rivahard Lester,1979,Color,DVD,"23-08-1979 Ambassador
  En el Oeste, que va dando paso al progreso, Butch Cassidy se une Sundance Kid y se convierten en asltantes de bancos."
3215,VIVE Y DEJA MORIR,Policial,Roger Moore,Yaphet Kotto,Jane Seymour,Guy Hamilton,1973,Color,DVD,"1-01-1974 Trocadero y Radio City
 James Bond se enfrenta a la magianegra y a un poeroso traficante de drogas."
3233,REBELDES EN LA CIUDAD,Western,John Payne,Ruth Roman,J.Carrol Naish,Alfred Werker,1956,B&N,DVD,"30-09-1957 Ambassador
 Título local: Sed de Matar.
 Un grupo de antiguos soldados del ejército confederado asaltan un banco en un pequeño pueblo, después de haber perdido su granja durante la guerra. Durante el atraco uno de ellos, creyendo oir un clic se gira rápidamente y dispara mortalmente a un niño de nueve años que jugaba con una pistola de juguete. Los pades de la criatura reaccionan de manera diferente."
3222,RECIEN CASADOS (Pepe Carvalho),Policial,Eusebio Poncela,Eva Cobo,Angel Alcázar,Adolfo Aristarain,1986,Color,DVD,"Película de TV
 Pepe Carvalho es contratado para custodiar los obsequios en una boda.
 El novio es asesinado."
3242,EL CACIQUE BLANCO (Jungle Manhunt),Aventuras,Johnny Weissmuller,Robert Waterfield,Lyle Talbot,Lew Sanders,1951,B&N,DVD,"18-08-1952 Rex
 La historia se desarrolla en un contexto de conflictos entre tribus nativas y los hombres esqueletos quienes son aliados de un científico blanco llamado Dr Mitchell Heller. Jim y una fotógrafa deben enfrentar diversas criaturas y seres sobrenaturales mientras intentan liberar a los nativos de la esclavitud y la explotación."
3241,LA TRIBU SALVAJE(Jungle man eaters),Aventuras,Johnny Weissmuller,Karin Booth,Richard Wyler,Lee Sholem,1954,B&N,DVD,"10-05-1955 Victory
  Jim lucha con un aspirante a contrabandista de diamantes y una tribu renegada."
3253,CIANURO ESPUMOSO,Policial,Pauline Collins,Oliver Ford Davies,Kenneth Cranham,Tristam Powell,2003,Color,DVD,"Pelicula TV
 Se desarrolla una cena para celebrar el triunfo de un equipo deportivo. Acuden siete invitados. Empiezan a conversar amigablemente y George Balton propone un brindis por su matrimonio con la bellísima Rose Mary. Nada más beber la copa Rose Mary muere. A partir de ese momento comienzan a inverstigar su misteriosa muerte."
3254,EL CASO DEL SOLDADO DESCONTENTO,Policial,William Gaunt,Maurice Denham,Angela Easterling,Mchael Simpson,1982,Color,DVD,"Película de TV
 El Mayor John Wilbraham recientemente retirado del Ejército Británico en Kenia, se muda a una casita cubierta de glicinas en la campiña inglesa. Pero la vida aquí le resulta aburrida, por lo que decide pedir consejo a Parker Pyne en busca de aventuras y del amor. Después de poco tiempo el tímido Mayor conoce a la igualmente tímida Freda Clegg."
3243,EL DIAMANTE NEGRO (Jungle moon men),Aventuras,Johnny Weissmuller,Jean Byron,Helene Straton,Charles Groud,1955,B&N,DVD,"6-03-1956 Victory
 Jim conduce un safari a la zona de Bakú donde se rumorea sobre la existencia de antiguas civilizaciones. Son capturados por los hombres de la luna que adoran a una sacerdotisa blanca lamada Oma. Descubren que un comerciante integrante de la expedición pretende robar diamantes sagrados."
3245,EL HOMBRE GORILA(Killer Ape),Aventuras,Johnny Weismuller,Carol Thurston,Ray Corrigan,Spencer Bennet,1953,B&N,DVD,16-11-1954 Victory
3246,LA MARCA DEL GORILA(Mark of the Gorila),Aventuras,Johnny Weissmuller,Trudy Marshall,Suzanne Dalbert,William Berke,1950,B&N,DVD,6-11-1950 Rex
3247,DIABLOS EN LA SELVA(Pygmy Island),Aventuras,Johnny Weissmuller,Ann Savage,Tristam Coffin,William Berke,1950,B&N,DVD,31-07-1951 Rex
3223,DUELO (Reto a Muerte),Suspenso,Dennis Weaver,Jacqueline Scott,Eddie Firatone,Steven Spielberg,1971,Color,DVD,"24-04-1975 ABC
 Un viaje en carretera se transforma en una pesadilla para un chofer al ser perseguido por un gran camión"
3219,LAS AVENTURAS DEL JOVEN INDIANA JONES,Aventuras,Corey Carrier,Lloyd Owen,Ruth de Sosa,Varios,1992,Color,DVD,Las aventuras juveniles del arqueólogo más famososo
3228,EL ULTIMO ATRACO DE LOS DALTON,Western,Cliff Potts,Randy Quaid,Larry Wilcox,Dan Curtis,1979,Color,DVD,"Mini Serie TV
 Poderoso y emocionante drama del viejo oeste, que narra el ascenso y la caída de la última gran banda de delincuentes."
3231,ANDREA,Drama,Andrea del Boca,Angel Magaña,Raúl Aubel,Carlos Rinaldi,1973,Color,DVD,"16-08-1973Trocadero, Coventry
 Una niña huérfana de madre al cuidado de su abuelo y el conflicto que ocasiona la llegada de su padre."
3234,JEREMIAH JOHNSON (La ley del talión),Western,Robert Redford,Will Geer,Allyn Ann McLerie,Sidney Pollack,1972,Color,DVD,"26-01-1973
  A mediados del siglo XIX Jeremiah Johnson, hastiado de la civilización, se interna en la montañas buscando la soledad de parajes vírgenes. Su primer invierno casi acaba con su vida. Desnutrido y al borde de la congelación, halla refugiojunto a un viejo y astuto trampero."
3235,EL GRAN GATSBY,Drama,Robert Redford,Mia Farrow,Karen Black,Jack Claiton,1974,Color,DVD,"1-01-1975 Metro, California
  Jack Gatsby(Robert Redford), un hombre que estuvo muy enamorado de la hermosa y arruinada Daisy Buchanan (Mia Farrow), que le fue arrebatada por un joven rico, reaparece con una gran fortuna y está decidido arriesgar todo para conquistar a Daisy."
3220,LAS AVENTURAS DEL JOVEN INDIANA JONES (2da tempora,Aventuras,Sean Patrick Flanery,Rony Coutteure,Christopher Lee,Varios,1993,Color,DVD,Las aventuras juveniles del arqueólogo más famoso del mundo.
3221,LAS AVENTURAS DEL JOVEN INDIANA JONES (3a T),Aventuras,Sean Patrick Flanery,Jay Underwood,Max Von Sidow,Varios,1993,Color,DVD,Las aventuras juveniles del arqueólogo más famoso del mundo.
3255,CITA CON LA MUERTE,Policial,David Suchet,Tim Curry,Jawad Elalami,Ashley Pearce,2008,Color,DVD,"Película de TV
 Siria 1937. A la malhumorada y déspota Sra Boyton se la encuentra muerta en la excavación arquelógica de su marido. Hércules Poirot investiga el caso."
3258,LAS AVENTURAS DE RIN TIN TIN,Western,Lee Arker,James Brown,Rin Tin Tin II,Robert Wañker y otros,1954,Color,DVD,"Serie TV
 Rusty quedó huérfano tras una incursión india. El y su perro Rin Tin Tin fueron adoptados por las tropas de Fort Apache, en Arizona y ayudan a establecer la ley y el orden en Mesa Grande y sus alrededores."
3248,LA ISLA CONDENADA(Savage Mutiny),Aventuras,Johnny Weismuller,Angela Stevens,Lester Matthews,Spencer Bennet,1953,B&N,DVD,9-02-1954 Victory
3249,TIERRA DE MONSTRUOS (The Forbidden Land),Aventuras,Johnny Weismuller,Angela Green,Jean Willes,Lew Landers,1952,B&N,DVD,21-04-1953 Victory
3259,EL LLANERO SOLITARIO (Temp 1),Western,Calyton Moore,Jay Silverheels,,George B. Seitz Jr,1949,B&N,DVD,"Serie TV
 El Llanero Solitario montando a su caballo Plata y junto a su fiel ayudante Toro, socorre a todos los que necesitan ayuda, enfrentándose con todo tipo de villanos resolviendo robos, secuestros y crímenes."
3250,EL TEMPLO DE LOS DIOSES(The Lost Tribe),Aventuras,Johnny Weissmuller,Myrna Dell,Elena Verdugo,William Berke,1949,B&N,DVD,12-03-1950 Rex
3251,VALLE DE LOS CANIBALES(Valley of Headhunters),Aventuras,Johnny Weissmuller,Christine Larson,Robert Foulk,William Berke,1953,B&N,DVD,19-10-1954 Victory
3252,EL TIGRE SAGRADO(Wodoo Tiger),Aventuras,Johnny Weissmuller,Jean Byron,James Seay,Spencer Bennet,1952,B&N,DVD,28-07-1953 Victory
3236,HOMBRES CAIMANES(Cannibal Attack),Aventuras,Johnny Weissmuller,David Bruce,Judy Walsh,Lee Sholem,1954,B&N,DVD,"14-12-1955 Victory
 Un delegado del gobierno es enviado a la selva, donde hay una mina de cobalto para investigar la pérdida de los últimos embarques. Después de varias peripecias descubre que los empleados del gobierno en la mina hacen desaparecer el cobalto como si fuera accidental, para venderlo a una potencia extranjera."
3237,LA MUJER LEOPARDO(Captive Girl),Aventuras,Johnny Weissmuller,Buster Crabbe,Anita Lhoest,William Berke,1950,B&N,DVD,"12-02-1951 Rex
 Jim de la Selva debe salvar a Joan Martindale de un malvado médico brujo, mientras al mismo tiempo lucha contra Barton, un villano  buscador de tesoros."
3261,LA PIEL,Drama,Marcello Mastroiani,Burt Lancaster,Claudia Cardinale,Liliana Cavani,1981,Color,DVD,"25-02-1982 Central
  En el tramo final de la Segunda Guerra Mundial, Nápoles acaba de ser liberada por las fuerzas aliadas. La ciudad se encuentra sumida en la miseria. Entre las ruinas las mujeres se prostituyen buscando sobrevivir en un panorama incierto, en el que nadie sabe cuando terminará la guerra."
3262,EXCELENTISIMOS CADAVERES,Cine Negro,Lino Ventura,Tino Carraro,Marcel Bozzuffi,Francesco Rosi,1975,Color,DVD,"11-04-1985 Metro, Punta Gorda. Título local: Cadáveres Ilustres.
 En la región sur de Italia, un misterioso asesino mata sucesivamente a unos altos magistrados. Se encarga del caso al Inspector Regas (Lino Ventura), un profesional intachable. A pesar de la sospecha de que se trata de un ajuste de cuentas entre grupos mafiosos, la investigaciones lo llevan a pensar en la hipótesis de que se quiere inculpar a grupos extra parlamentarios de izquierda."
3263,HOMBRES (Vivirás tu vida),Drama,Marlon Brando,Teresa Wright,Everett Sloane,Fred Zinnemann,1950,B&N,DVD,"10-06-1952 Eliseo.
 La dificil reincorporación a la vida civil de los soldados parapléjicos a causa de las heridas recibidas en la guerra.Uno de ellos que ha perdido toda esperanza se reencuentra con su antigua novia y decide casarse con ella."
3260,UNA VIDA POR DELANTE,Drama,Robert Redford,Jennifer López,Morgan Freeman,Lasse Hallström,2005,Color,DVD,"26-05-2006 Casablanca,, Alfabeta Hoyts.
 Título local: Un amor, dos destinos.
 Jean (Jennifer López), una joven viuda, cansada de los malos tratos a los que la somete su actual pareja, huye con su hija a su pueblo natal, a casa de su suegro Elmer (Rodert Redford).
 Este, un ranchero que ha dejado que se arruine su granja desde que murió su hijo hace diez años, vive junto a su mejor amigo y ayudante Mitch (Morgan Freeman) y le guarda a Jean un profundo rencor al considerarla culpable de la muerte de su hijo."
3238,LA DIOSA PAGANA(Devil Godess),Aventuras,Johnny Weissmuller,Angela Stevens,Selmer Jacjson,Spencer Bennet,1955,B&N,DVD,"31-07-1956 Victory
 Jim ayuda al Prof. Blakely a buscar a un colega desaparecido que ahora parece ser un dios para un grupo de nativos."
3239,FURIA EN EL CONGO(Fury of the Congo),Aventuras,Johnny Weissmuller,Sherry Moreland,Lyle Talbot,William Berke,1951,B&N,DVD,"20-02-1952 Coventry
 Jim debe proteger a unos extraños animales parecidos a los ponys cuyas glándulas producen un poderoso narcótico. En el camino se enfrenta con una araña gigante."
3240,JIM DE LA SELVA(Jungle Jim),Aventuras,Johnny Weissmuller,Virginia Grey,George Reeves,William Berke,1948,B&N,DVD,"4-08-1949 Rex
 Jim se encuentra en la búsqueda de una niña blanca que es la heredera de una fortuna. Dos safaris van tras ella, uno intenta ayudarla, otro busca matarla."
3264,NOVIA PARA DOS,Comedia,Lolita Torres,Osvaldo Miranda,Luis Dávila,Leo Fleider,1956,B&N,DVD,"17-01-1957 Coventry, Rex
 una empleada de tienda sueña con cantar canciones españolas. Sus patrones se la disputan creyéndola heredera de una fortuna."
3267,CUANDO ELLAS QUIEREN MAS,Comedia,Diane Keaton,Jane Fonda,Candice Bergen,Bill Holderman,2023,Color,DVD,"11-05-2023 Grupo Cine, Life, Movie Mdeo, Portones, P Carretas
  El grupo de cuatroamigas viaja a Italia con su club de lectura y recorreran todo el país."
3266,NOCHE INFERNAL,Suspenso,Christopher Lee,Peter Cushing,Diana Dors,Peter Sasdy,1972,Color,DVD,"No estrenada en salas.
 La sucesión de tres muertes de señoras ancianas y de una niña, que en una excursión sufre un accidente de análogas características, pone en movimiento a la policióa, almédico que atendía a la niña y a un periodista, que por distintos caminos logran descubrir a los causantes, que habían inculcado instintos criminales a los niños residentes en una fundación benéfica."
3265,LAS PETROLERAS,Western,Brigitte Bardot,Claudia Cardinale,Michael J. Pollard,Christian Jaque,1971,Color,DVD,"5-05-1975. 18de julio
 La bella Frenchie King y sus hermanas después de asaltar numerosos bancos y trenes, deciden sentar cabeza y comprar un rancho qe esconde una fortuna en petróleo"
3274,"EL BOTE,EL RIO Y LA GENTE",Drama,Silvia Legrand,Maria Vaner,George Hilton,Enrique Cahen Salaverry,1960,B&N,DVD,"15-10-1963 Continental
  Un grupo de personas llega un domingo al Tigre y unen en una jornada sus diferentes visiones de la vida."
3275,LA PRODIGA,Drama,Eva Duarte,Juan José Miguez,Angelina Pagano,Mario Sofficci,1945,B&N,DVD,"No estrenada en salas en Uruguay
 Una rica mujer viuda, que vive en una región muy apartada y se dedica a ayudar a los humildes vive una historia de amor.
 Por orden del Gral Perón se retiró de circulación y pidió los negativos y las copias. Una de estas fue guardada en Uruguay y posibilitó su estreno en Argentina cuatro décadas después."
3270,LAS NUEVAS AVENTURAS DEL ZORRO,Aventuras,George Hilton,Charo López,Lionel Stander,Franco Locascio,1975,Color,DVD,"No estrenada en salas en Uruguay
 Un serio problema se le presenta al Padre Donato cuando su amigo El Zorro resulta herido en un enfrentamiento con los soldados del Rey. Al quedar imposibilitado de actuar es necesario encontrar un reemplazante.  Felipe, un joven aventurero, busca refugio en la iglesia del Padre Donato y este lo convence de ser el reemplazo e iniciar las nuevas aventuras del Zorro."
3276,PAJARO LOCO,Comedia,Luis Sandrini,María José Demare,Victor Laplace,Lucas Demare,1971,Color,DVD,"16-09-1971. Fecha no confirmada al igual que la sala
 Las aventuras de un sacerdote combatiendo la instalación de un casino en su pueblo."
3272,LA VERDAD,Drama,Robert Redford,Kate Blanchett,Topher Grace,James Vanderbilt,2015,Color,DVD,"31-03-2016 Grupo Cine Torre de los Profesionales, Life Alfa Beta, Life P Carretas, Movie Center Montevideo, Portones, Punta Carretas.
 Título local: Conspicación y Poder.
 En vísperas de las elecciones de 2004, la emisión de un programa de televisión desata una tormenta informativa."
3271,ATRAPADO POR AMOR,Comedia,Meg Ryan,Timothy Hutton,Kristen Bell,Cheryl Hines,2009,Color,DVD,"No estrenada en salas
 Louise, una exitosa abogada, descubre que su marido planea abandonarla tras trece años de matrimonio. Como medida desesperada decide atarle al retrete con cinta adhesiva e intentar recuperar su amor. La visita de unos ladrones complicará más la situación."
3268,EL TREN DE LOS SUEÑOS,Documental,Recopilación de,filmes con viajes,en trenes,Eduardo D'Angelo,1997,B&N,DVD,"Exhibida el 16-01-1998.
 Estrenada en salas el 30-09-2005 en el Cine Metro.
 Mediante la recopilación de distintos filmes con imágenes de trenes, Eduardo D'Angelo realiza un homenaje al cine de todas las épocas."
3044,AL FINAL DE LA ESCAPADA (Sin Aliento),Cine Negro,Jean Paul Belmondo,Jean Seberg,Henri Jacques Huet,Jean-Luc Godard,1960,B&N,DVD,"22-03-1961 Coventry.
 Título local: Sin aliento.
  Un ladrón de poca monta es perseguido por la policía después de robar un coche y disparar a uno de los policías que le siguen. Después de vokver a París se reencuentra con su ex novia americana. La seduce nuevamente y la convence para que vaya a Italia con el, pero la policía descubre su identidad y están tras de su pista.."
3269,SEGUNDO ASALTO,Drama,Dario Grandinetti,Alex González,Eva Marciel,Daniel Cebrián,2005,Color,DVD,"No estrenada en salas.
 Angel, de 20 años, es un boxeador con una carrera no muy prometedora. Un atracador de bancos irrumpe en su vida y el universo de Angel se tambalea."
3277,MATRIMONIO A LA ARGENTINA,Comedia,Rodolfo Bebán,Jorge Barreiro,Mercedes Carreras,Enrique Carreras,1968,Color,DVD,"26-04-1968 Ariel
 Los esfuerzos de un marido por ocultar a su mujer sus infidelidades.
 Remake de Cuando besa mi marido. Hubo una tercera versión: Los reyes del sablazo."
3278,EL CUENTO DE LAS COMADREJAS,Comedia,Graciela Borges,Oscar Martínez,Luis Brandoni,Juan José Campanella,2019,Color,DVD,"23-05-2019 Movie Montevideo, Portones, Punta Carretas.
                   Grupocine Torre de los Profesionales, Life 21
                   Alfabeta, Punta Carretas
 Una ex actriz vive en una antigua mansión junto a su esposo, otro ex actor en silla de ruedas, y dos amigos más.
 La rutina se ve interrumpida con la llegada de dos jóvenes que se muestran interesados en comprar la propiedad."
3273,EL MUNDO EN PELIGRO,Ciencia Ficción,Edmund Gwenn,James Whitmore,Joan Weldon,Gordon Douglas,1954,B&N,DVD,"16-05-1956 El Polvorin.
 Como consecuencia de la radiación de una explosión atómica experimental,unas hormigas sufren mutaciones que las convierten en gigantes. Cuando atacan seres humanos será imprescindible exterminarlas."
3283,NORTHWEST PASSAGE (Serie de TV),Western,Keith Larsen,Buddy Ebsen,Don Barrett,Jacques Torneur y otros,1958,Color,DVD,"Serie TV.
 El ComandanteRobert Rogers (Keith Larsen) organiza un cuerpo de rangers durante laguerra frano-india (1754-1759). Lo apoyaban un experimentado explorador Hunk Morriner(Buddy Ebsen) y Langdon Towne (Don Barrett), un graduado en Harvard que era el creador de mapas.
 Los episodios contaban las diversas peripecias en busca del Paso al Noroeste, las luchas contra los franceses, aliados con los indígenas y diversos villanos.
 Curiosidad. Algunos episodios fueron montados para ser exhibidos como largometrajes y fueron estrenados con los siguientes títulos.
FRONTERAS DE FUEGO.4-02-1960 El Polvorín
MISION PELIGROSA 12-06-1961 El Polvorín
FURIA EN EL RIO 24-10-1961 Victory
FURIA EN EL RIO 24-10-1961 Victory
FURIA EN EL RIO 24-10-1961 Victory"
3284,NEFERTITI,Histórica,Jeanne Crain,Vincent Price,Edmundo Purdom,Fernando Cerchio,1961,Color,DVD,"11-03-1963 Central
Nefertiti, joven y hermosa mujer, está enamorada de un escritor llamado Tumos. Su romance es interrumpido al ser ella elegida como la futura esposa del príncipe Amenophis."
3285,"MORGAN, EL PIRATA",Aventuras,Steve Reeves,Chelo Alonso,Valerie Lagrange,Andre de Toth y Primo Zeglio,1961,Color,DVD,"19-10-1961 Metro
 Capturado por los españoles, Henry Morgan es reducido a la esclavitud en Panamá. Es vendido a Doña Inés, hija del gobernador y acaba enamorándose de ella. Es castigado a una nave como esclavo y aprovecha esta situación para organizar un motín y apropiarse de la nave. Prepara, entonces, su venganza personal y ataca la ciudad de Panamá, la que acaba conquistando y recupera a Doña Inés."
3295,SU ULTIMA DANZA,Drama,Henry Fonda,Lucille Balla,Barton MacLane,Irving Reis,1942,B&N,DVD,"27-03-1943 Radio City
 Un hombre humilde, todo corazón, que vive única y exclusivamente para complacer a la mujer de la que está enamorado a pesar de que ésta, acostumbrada al lujo, es incapaz de agradecer los esfuerzos que él hace por ella."
3287,VACACIONES,Drama,Mecha Ortiz,Francisco Martinez Allende,Amalia Sanchez Ariño,Luis Mottura,1947,B&N,DVD,"27-04-1948 Coventry. Título Local:Mas fuerte que el amor
 Una mujer entre su amor de madre y la pasión por un hombre"
3288,ATRACCION PECULIAR,Comedia,Jorge Porcel,Alberto Olmedo,Beatriz Taibo,Enrique Carreras,1988,Color,DVD,"24-03-1988 Plaza
 Para investigar la vida de los travestis en Mar del Plata, dos periodistas deben hacerse pasar por gays.
 Ultimo film de la pareja Porcel-Olmedo."
3289,LA GRAN AVENTURA,Comedia,Ricardo Bauleo,Victor Bo,Ignacio Quirós,Emilio Vieyra,1974,Color,DVD,"10-10-1974. Censa
 Tres agentes secretos deben rescatar a una reina de belleza colombiana secuestrada."
3290,CRONICA DE UNA SEÑORA,Drama,Graciela Borges,Lautaro Murúa,Federico Luppi,Raúl de la Torre,1971,Color,DVD,"27-08-1971 18 de Julio
 El suicidio de una amiga hace entrar en crisis a una mujer de la alta burguesía."
3291,DIGAN LO QUE DIGAN,Musical,Rafael,Serena Vergano,Ignacio Quirós,Mario Camus,1968,Color,DVD,"16-08-1968 Trocadero
 El encuentro de dos hermanos que se ven enfrentados por una mujer."
3281,LOS GUERRILLEROS,Drama,Arturo García Buhr,Bárbara Mujica,José María Langlais,Lucas Demare,1965,B&N,DVD,"15-12-1966 Rex
 Alentados por un Profesor universitario, un grupo de jóvenes se dedican a la actividad guerrillera con el fin de cambiar la sociedad"
3282,ATRAPADAS,Drama,Leonor Benedetto,Mirta Busnelli,Gerardo Romano,Anibal Di Salvo,1984,Color,DVD,"6-06-1985. 18 de Julio
 la vida en una carcel para mujeres."
3280,LA MALA VIDA,Cine Negro,Hugo del Carril,Soledad Sylveira,Victor Laplace,Hugo Fregonese,1973,Color,DVD,"31-08-1973 Ariel, Radio City
 Durante la década de 1920 grupos de franceses y polacos se enfrentan en Buenos Aires por el liderazgo en el mundo de la prostitución y el delito"
3286,CALAMITY JANE (Entre dos Amores),Western,Yvonne DeCarlo,Howard Duff,Lloyd Bridges,George Sherman,1949,Color,DVD,"13-07-1950 Ambassador
 Sam Bass es un hombre sin rumbo que se presenta en Denton, una pequeña ciudad de Texas, en busca de trabajo. No tardará de atraer la etención Katherine Egan, dueñadel almacén local y hermana del sheriffy de la salvaje chica de la frontera Calamity Jane. Sus problemas con las mujeres y con el juego torceránsu camino y terminará convirtiéndose en un celebre forajido."
3292,BOQUITAS PINTADAS,Drama,Alfredo Alcón,Luisina Brando,Marta Gonzalez,Leopoldo Torre Nilson,1974,Color,DVD,"15-11-1974 Ambassador
 En un pueblo del interior, cuatro personajes en conflicto durante la década de 1940."
3293,AVENTURAS DEL CAPITAN KIDD(Serial),Aventuras,Richard Crane,David Bruce,John Crawford,Derwin Abbe,1953,B&N,DVD,24-09-1957. En episodios en varias salas
3294,Y DIOS CREO A LA MUJER,Drama,Brigitte Bardot,Curt Jurgens,Jean-Louis Trintignant,Roger Vadim,1956,Color,DVD,"2-10-1958 Censa, California
 Juliette es una hermosa joven de 20 años huérfana que trabaja en la librería de sus padres adoptivos. Está enamorada de su hermanastro quién sólo desea aprovecharse sexualmente de ella.
 Sus padres resuelven devolverla al hogar de asilo. Sólo podrá eludir ese regreso contrayendo matrimonio, hecho que realizará con el apocado hermano de su hermanastro."
3318,BOMBA THE JUNGLE BOY,Aventuras,Johnny Sheffield,Peggy Ann Gardner,Onslow Steven,Ford Beebe,1949,B&N,DVD,"George Havland y su hija Patricia son fotógrafos que descubren a un joven en la selva. Cuando Patricia se pierde, Bomba la trae de vuelta, superando plagas de langostas, incendios forestales y feroces animales salvajes ."
3308,¡ATAQUE!,Bélica,Jack Palance,Eddie Albert,Lee Marvin,Robert Aldrich,1956,B&N,DVD,"5-08-1957 Plaza
 Se corren rumores entre los fatigados soldados de una compañía que serán trasladados a la retaguardi"
3309,TOBRUK,Bélica,Rock Hudson,George Peppard,Nigel Green,Arthur Hiller,1966,Color,DVD,"2-05-1967 Censa
 La acción se desarrolla cuando Rommel avanzaba rumbo al canal de Suez."
3310,DIA D HORA H,Bélica,David Brian,John Agar,Frank Lovejoy,Lewis Seller,1950,B&N,DVD,"25-02-1955 Central
 Un pelotón está estacionado en Inglaterra prontos para el desembarco en Normandía"
3311,OCHO HOMBRES DE ACERO,Bélica,Bonard Colleano,Arthur Franz,Lee Marvin,Edward Dmytryk,1952,B&N,DVD,"29-06-1954 Luxor
 Un escuadrón queda atrapado en una casa rodeada de enemigos"
1307,"HOMBRE NUEVO,VIDA NUEVA",Comedia,Goldie Hawn,Kurt Russell,Edward Herrmann,Garry Marshall,1987,Color,DVD,
3299,DOCTOR G Y SU MAQUINA DE BIKINIS,Comedia,Vincent Price,Frankie Avalon,Dwayne Hickman,Norman Taurog,1965,Color,DVD,"16-01-1968 Rex
 Título local: El rapto de los doce hombres de oro.
 El Dr Goldfoot (Vincent Price) ha ideado una máquina asombrosa que son unos robots femeninos en bikinis programados para buscar hombres ricos y engañarlos para que entreguen sus fortunas."
3296,UNA OPORTUNIDAD EN EL CIELO,Drama,Joel McCrea,Ginger Rogers,Marian Nixon,William Seiter,1933,B&N,DVD,"15-08-1935 Rex
 Título local: Tres coraxones en juego.
  Una niña rica mimada se encapricha con un humilde chico empleado de una gasolinera, este abandona a su novia para casarse con la millonaria."
3297,EL TEXANO (Serie TV),Western,Rory Calhoun,James Coburn,Mike Connors,Varios,1958,B&N,DVD,"El Tejano es un veterano de la Guerra Civil cuya reputación de ser el pistolero más rápido del Oeste le precede,recorre Texas de puebloen pueblo sin buscar problemas, pero losproblemas lo encuentran a él."
3298,LOS BRIBONES (Serie TV),Comedia,Charles Boyer,Gig Young,David Niven,Varios,1964,B&N,DVD,"Unos estafadores de gran éxito ya no necesitan estar en actividad, pero pueden llegar a utilizarsu experiencia para actuar en causas nobles."
3300,EL CUARTO MANDAMIENTO (Soberbia),Drama,Joseph Cotten,Anne Baxter,Agnes Moorehead,Orson Welles,1942,B&N,DVD,"17-03-1943 Trocadero
 A fines del siglo XIX, tras romper con Eugene Morgan, un idealista industrial, la joven aristócrata Isabel Amberson se casa con Wilbur Minafer, de cuya unión nace George.Años más tarde, Eugene, ahora viudo regresa a la ciudad con su hija, la joven y atractiva Lucy, de quien se enamora el engreído George. Tras el fallecimiento de Wilbur, la llama del amor vuelve a encenderse entre Isabel y Eugene, que se ha convertido en un próspero hombre de negocios con un revolucionario prototipo de automóvil."
3312,EL PUENTE DE REMAGEN,Bélica,George Segal,Robert Vaughn,Ben Gazzara,John Guillermin,1969,Color,DVD,"12-11-1970 Plaza
 La lucha por el último puente en el Rin dominado por los alemanes"
3313,SANGRE EN LA NIEVE,Bélica,Van Johnson,John Hodiak,Ricardo Montalban,William Wellman,1949,B&N,DVD,"23-03-1950 Metro
 Una división se dispone a disfrutar de permisos navideños."
3320,THE LOST VOLCANO,Aventuras,Johnny Sheffield,Donald Woods,Marjorie Lord,Ford Beebe,1950,B&N,DVD,"Cuando un joven es secuestrado por cazadores que creen conocer la ubicación de un gran tesoro, Bomba busca rescatarlo de ellos y de un volcán que está a punto de entrar en erupción."
3321,BOMBA AND THE HIDDEN CITY,Aventuras,Johnny Sheffield,Sue England,Paul Guilfoyle,Ford Beebe,1950,B&N,DVD,la princesa Leah es la legítima heredera de un trono tribal que le ha sido usurpado por el cobarde Hassan. Bomba viene a su rescate.
3332,UN LEON EN LAS CALLES,Drama,James Cagney,Barbara Hale,Anne Francis,Raoul Walsh,1953,Color,DVD,"Cuando de descubre que una fábrica engañan en el peso a los algodoneros, Cagney se convierte enun héroe y en uno de los candidatos a ocupar el puesto de gobernador."
3322,THE LION HUNTERS,Aventuras,Johnny Sheffield,Morris Arkrum,Ann Todd,Ford Beebe,1951,B&N,DVD,"Bomba informa a los cazadores de leones que no está bien atrapar a los animales que están destinados a vivir libremente en sus tierras. Como no le prestan atención, Bomba debe sakvar a los leones y a Jean por supuesto."
3301,TANGANICA,Aventuras,Van Heflin,Ruth Roman,Howard Duff,Andre de Toth,1954,Color,DVD,"20-11-1956. Eliseo
 La historia da comienzo con un safari, pero no con la finalidad que todo safari tiene en la mayoría de las películas del mismo tema, sino con la intención de matar a un hombre."
3302,REBELION INDIA (Rebelion Apache),Western,George Montgomery,Audrey Long,Carl Benton Reid,Ray Nazarro,1952,Color,DVD,"17-11-1953 Victory
 En 1885, en Arizona, un Capitán del Ejército ha dispersado a sus tropas para mantener los blancos alejados de las tierras indígenas para mantener la paz con los Apaches. En Tucson hay varias personas que quieren ingresar en la zona en busca de oro. Unos blancos matan a un minero con una flecha para tratar de iniciar una guerra con los indios."
3303,RIO FRONTERIZO,Western,Joel McCrea,Yvonne DeCarlo,Pedro Armendariz,George Sherman,1954,Color,DVD,"22-10-1954 California.
 Título local: Hombres sin banderas
 Con la derrota del Sur en el horizonte, el mayor de la Confederación Mattson intenta salvar a su ejército.Roba oro y se dirige a una ciudad fronteriza al Río Grande para efectuar un trueque por armas con el Gral Calleja."
3304,EL GRAN JEFE,Western,Victor Mature,Suzan Ball,John Lund,George Sherman,1955,Color,DVD,"23-01-1956 Trocadero
 Título local: El caudillo Rebelde
 Siendo todavía un niño, Caballo Locotuvo una visión que le anunciaba que cuando fuera un hombre guiaría su pueblo, la nación Sioux, hacia la libertad."
3315,CONDENADA,Drama,Sharon Stone,Rob Morrow,Randy Quaid,Bruce Beresford,1996,Color,DVD,"15-11-1996 Opera, Puna Carretas, Carrasco
  Título local: Ultimo Recurso
 Acusada por participar en un crimen, Cindy Ligger (Stone) hace doce años que está en prisión condenada a muerte. Agotados todos los plazos legales, el momento de la ejecución se aproxima. Un abogado se empeña en salvarle la vida, ahí Cindy entiende que hay alguien que se preocupa por ella. Muy buena película sobre los sentimientos en una situación límite."
3314,DIABOLICAS,Suspenso,Sharon Stone,Isabelle Adjani,Chazz Palminteri,Jeremiah Chechik,1996,Color,DVD,"21-06-1996 Plaza, Beta
 Dos mujeres. Un plan perfecto, envenenar al hombre que domina y atormenta sus vidas. Arrojan el cuerpo a una turbia piscina y ponen fin a los malos tratos. Pero cuando la piscina es vaciada, el cuerpo no aparece y los sucesos más insólitos comienzan a suceder."
3306,EL COCODRILO,Terror,Bill Pullman,Bridget Fonda,Oliver Platt,Steve Miner,1999,Color,DVD,"15-10-1999 Punta Carretas, Movie Center Portones
 Enun lago de Nueva Inglatera vive un cocodrilo gigante."
3316,CUMBRES BORRACOSAS,Drama,Orla Brady,Robert Cavanah,Sara Smart,David Skyner,1998,Color,DVD,"No estrenada en salas.
 Cuando el joven Heathcliff es adoptado por el Sr Earnshaw, su hija Cathy se da cuenta que son almas gemelas. Aunuqe separados por clase y el hermano celoso de Kathy, nada puede romper la unión nacida entre ellos, incluso cuando ella se casa con el rico y apacible Edgar Linton. Sin embargo hay fuerzas de la naturaleza que son mas poderosas."
3307,EL MONSTRUO DEL PANTANO,Terror,Louis Jourdan,Adrianne Barbeau,Roy Wise,Wes Craven,1981,Color,DVD,"28-02-1984 Princess 1
 Un científico sufre un accidente químico y a continuación cae en un pantano del que emergerá transformado en un híbrido ser parte humano y parte vegetal."
3305,EL CAIMAN HUMANO,Terror,Beverly Garland,Bruce Bennett,Lon ChaneyJr,Roy del Ruth,1959,B&N,DVD,"5-09-1961 Victory
 Atento a que los reptiles reproducen sus partes amputadas, un científico decide aplicar secreciones glandulares de caimanes a personas con alguna amputación, con la esperanza de que esta se regenere."
3317,LA ISLA DE LOS CORSARIOS,Aventuras,Errol Flynn,Maureen O'Hara,Anthony Quinn,George Sherman,1952,Color,DVD,"11-06-1953 Plaza
 Título local: Contra todas las banderas.
 En 1700 la isla de Madagascar era un refugio de organizaciones piratas.Un oficial británico se infiltra entrer los corsarios para obtener información sobre las defensaspara qye la marina británica pueda acabar con la amenaza. La misión se complica cuando conoce a una pelirroja capitana pirata."
2497,MERCENARIOS SIN GLORIA,Bélica,Michael Caine,Nigel Davenport,Nigel Green,Andre de Toth,1969,Color,DVD,"9-11-1970 Central
 Segunda Guerra Mundial, norte de Africa. Un grupo de mercenarios es convocado por el ejército británico para recorrer mil kilómetros en el Sahara con la misión de destruir unos depósitos de combustible."
3346,CUENTA HASTA TRES Y REZA,Western,Van Heflin,Joanne Woodward,Raymond Burr,George Sherman,1955,Color,DVD,Tras la Guerra de Secesión norteamericana un predicador trata de reconstruir una iglesia.
3347,AMIGOS MUY INTIMOS,Comedia,Goldie Hawn,Burt Reynolds,Jessica Tandy,Norman Jewson,1982,Color,DVD,Paula (Goldie Hawn) y Richard (Burt Reynolds) son un equipo de felices y famosos guionistas de hollywood. Un día deciden casarse.
3319,BOMBA Y LA PANTERA,Aventuras,Johnny Sheffield,Allene Roberts,Lita Baron,Ford Beebe,1949,B&N,DVD,"8-04-1954 Renacimiento
 Bomba debe detener a una pantera negra devoradora de hombres mientras ayuda a Judy y a su hermano Robert a construir una granja experimental."
3348,VIVIR PARA GOZAR,Comedia,Cary Grant,Katharine Hepburn,Doris Nolan,George Cukor,1938,B&N,DVD,"5-10-1938
 Será el objetivo de una joven robarle el novio a su hermana?"
231,EL JOVEN MANOS DE TIJERA,Drama,Johnny Depp,Winnona Ryder,Vincent Price,Tim Burton,1990,Color,DVD,
3349,EL ULTIMO DE LOS MOHICANOS,Western,John Hart,Lon Chaney,Bill Walsh,Sam Newfieid,1957,B&N,DVD,"Serie TV.
 Narra las aventuras de Ojo de Halcón (John Hart) junto a Chingascook (Lon Chaney)  antes de la independencia de los EEUU."
3333,¿ES UD. EL ASESINO?,Suspenso,Narciso Ibáñez Menta,José María Caffarel,José Orjas,Narciso Ibáñez Menta,1967,B&N,DVD,"Serie TV. Nueve episodios.
 Un misterioso asesino serial aterroriza a la ciudad, cometiendo crímenes que desconciertan a la policía. Ante esta situación, el Sr. Laros (Narciso Ibáñez Menta), un detectve aficionado con un pasado como actor y con un método deductivo, se ofrece para intentar resolver el caso."
3334,MANSION SANGRIENTA,Terror,Vincent Price,Peter Cushing,Peter Quarry,William Butler,1974,Color,DVD,Una estrella de cine de terror retoma el personaje que le dio fama unos años antes despupes de egresar de una institución mental. Entonces una serie de macabros asesinatos empiezan a ocurrir.
3323,ELEPHANT STAMPIDE,Aventuras,Johnny Sheffield,Donna Martel,John Kellog,Ford Beebe,1951,B&N,DVD,Dos cazadores furtivos de elefantes planean robar una carga de marfil que los nativos quieren darle a una misionera. Bomba llama a los elefantes para que pisoteen a los cazadores hasta su muerte.
3335,NACHA REGULES,Drama,Zully Moreno,Arturo de Cordova,Eduardo Cuitiño,Luis César Amadori,1950,B&N,DVD,"7-03-1950 Grand Palace
 Durante los festejos del centenario argentino, los amores frustrados entre un aristócrata y una mujer de vida sentimentalmente agitada."
3325,BOMBA AND THE JUNGLE GIRL,Aventuras,Johnny Sheffield,Karen Sharpe,Walter Sande,Ford Beebe,1952,B&N,DVD,"Bomba, ahora protector animal, descubre esqueletos humanos que resultanser los desus padres."
3326,SAFARI DRUMS,Aventuras,Johnny Sheffield,Douglas Kennedy,Barbara Bester,Ford Beebe,1953,B&N,DVD,Un grupo de cineastas llegan a Africa para hacer una película sobre la vida en Africa. Un geólogo es asesinado. Bomba investiga y resuelve el asesinato. Ayuda a la expedición a completar su película.
3327,THE GOLDEN IDOL,Aventuras,Johnny Sheffield,Anne Kimbell,Paul Guilfoyle,Ford Beebe,1954,B&N,DVD,Bomba descubre unídolo dorado de una tribu que le ha robado un jefe árabe y lo entrega a las autoridades.
3328,EL LEOPARDO ASESINO,Aventuras,Johnny Sheffield,Beverly Garland,Donald Murphy,Ford Beebe,1954,B&N,DVD,"25-10-1955 Victory
 Unaactriz de cine ha ido a la selva para encontrar a su marido perdido. Bomba ayuda en el rescate, pero hay un obstáculo:un leopardo asesino."
3329,LORD OF THE JUNGLE,Aventuras,Johnny Sheffield,Wayne Morris,Nancy Hale,Ford Beebe,1955,B&N,DVD,Una joiven llega en avión para visitar a su tío que es el comisionado de la zona. Justo llegan tres cazadores de elefantes que tienen órdenes del gobernador para exterminar una manada que está aterrorizando a los pueblos originarios. Bomba está preocupado porque sabe que un solo elefante es malvado.
3324,AFRICAN TREASURE,Aventuras,Johnny Sheffield,Laurette Luez,Martin Garralaga,Ford Beebe,1952,B&N,DVD,Bomba captura a un par de bandidos contrabandistas de diamantes.
3330,UN TRISTE CIPRES,Policial,David Suchet,Eliabeth Dermont Walsh,Rupert Penry-Jones,David Moore,2003,Color,DVD,"No estrenada en salas. Pelicula de TV
 Una joven parace ser la asesina de su tia enferma, pero Poirot desconfía de ese veredicto."
3331,LOS TARTAROS,Aventuras,Orson Welles,Victor Mature,Liani Orfei,Richard Thorpe,1961,Color,DVD,"8-02-1962 Metro Ambassador
 En la edad media, en las frías estepas deln¿ norte, de libra una terrible batalla entre una tribu de vickingos y una de tártaros que desean vengar la muerte de una de sus mujeres y otras atrocidades,"
2128,LOS DIAS QUE ME DISTE,Drama,Inda Ledesma,Arturo Puig,Ana María Picchio,Fernando Siro,1975,Color,DVD,"Fecha de estreno en Montevideo. 12-08-1976. Nuevo Liberty.
Una mujer de vida rutinaria y agresiva (Inda Ledesma) vive un romance con un joven carnicero (Arturo Puig)."
3338,NUNCA TE DIRE ADIOS,Drama,Zully Moreno,Angel Magaña,Orestes Caviglia,Lucas Demare,1947,B&N,DVD,"7-05-1947 Grand Palace
 Un hombre, una mujer y un amor desencontrado. Ella es casada y con una hija."
3339,PESADILLA,Drama,Sabina Olmos,Pedro Lopez Lagar,Guillermo Battaglia,Diego Santillán,1963,B&N,DVD,"No estrenada en salas
 Una mujer que cree haber presenciado un asesinato es acpsada por el presunto criminal."
3340,HUMO DE MARIHUANA,Drama,Carlos Estrada,Thelma Biral,Sergio Renán,Lucas Demare,1968,B&N,DVD,"17-05-1968
 Investigando la dudosa muerte de su esposa, un médico se ve envuelto en el tráfico de estupefacientes."
3336,PRIMERO YO,Drama,Alberto de Mendoza,Ricardo Areco,Susana Freyre,Fernando Ayala,1964,B&N,DVD,"1-11-1965 Ambassador
 Un cínico play boy divorciado, reencuentra a su hijo adolescente y quiere frmarlo a su semejanza."
3337,EL HOMBRE DEL SUBSUELO,Drama,Alberto de Mendoza,Regina Duarte,Ignacio Quirós,Nicolás Sarquis,1981,Color,DVD,"No estrenada en salas.
 En una casona habitada por un hombre y su mayordomo se filman películas eróticas."
3341,EL DESQUITE,Cine Negro,Rodolfo Ranni,Julio de Grazia,Ricardo Darin,Juan Carlos Desanzo,1983,Color,DVD,"Al ser asesinado el dueño de dos clubes nocturnos,su amigo, un escritor fracasado, debe hacerse cargo de sus negocios."
3342,LA CASA DE LAS SOMBRAS,Suspenso,Yvonne de Carlo,John Gavin,Leonor Manso,Ricardo Wullicher,1986,Color,DVD,"El misterio de una mujer asesinada a principios del siglo XX en un caserón se resuelve años mas tarde con una sosias de la muerte.
 Ultima película de Mecha Ortiz.
 No estrenada en salas."
3343,COMODINES,Policial,Carlos Calvo,Adrián Suar,Rodolfo Ranni,Jorge Nisco,1997,Color,DVD,Dos policias con muy poco en común trabajan juntos para desbaratar una red narco.
3344,EL DIA DEL FIN DEL MUNDO,Ciencia Ficción,Richard Denning,Adele Jergens,Touch Connrs,Roger Corman,1955,B&N,DVD,"Un grupo de siete sobrevivientes de un holocausto nuclear observan desde un refugio en la montaña, como plantas y animales empiiezan a sufrir mutaciones por efecto de la radioactividad."
3350,EL DESPRECIO,Drama,Brigitte Bardot,Jack Palance,Michel Piccoli,Jean-Luc Godard,1963,Color,DVD,23-08-1965 Un guionista acepta la propuesta de reecribir el guión de un flim que Fritz Lang está rodando en Italia.
3354,EL TIROTEO,Western,Jack Nicholson,Warren Oates,Millie Perkins,Monte Hellman,1967,Color,DVD,"20-10-1978 Radio City
 Título Local:Rumbo al Infierno
 Un ex cazarrecompensas es contratado por una desconocida mujer que lo contrata para que la acompañe hasta un lugar llamado Kingsley. A través del desierto descubrirán que hay alguien que les sigue."
3355,A TRAVES DEL HURACAN,Western,Jack Nicholson,Millie Perris,Cameron Mitchell,Monte Helman,1965,Color,DVD,"No estrenada en salas.
  Tres vaqueros son confundidos con los asaltantes de una diligencia."
3351,OLIVIA,Drama,Katharine Hepburn,Franchot Tone,Eric Blore,George Stevens,1937,B&N,DVD,"26-06-1937. Rex. Títuylo local: calle de Abolengo
 Corre el año 1805,Phoebe Thrssel espera la visita de un joven que ha conocido creyendo que le pedirá matrimonio. Sin embargo solo quiere informarle que se ha alistado en el ejército. Diez años mas tarde regresa inesperadamente y Phoebe se rejuvenece y se hacer pasar por su sobrina."
3352,SIN AMOR,Comedia,Spencer Tracy,Katharine Hepburn,Lucille Ball,Harold S. Bucquet,1945,B&N,DVD,"29-03-1946 Metro.
 Un investigador militar debe alojarse en la casa de una joven."
3353,UN CADAVER EN LA BIBLIOTECA,Policial,Joan Hickson,Andrew Cruickshank,Keith Drinkel,Silvio Narizzano,1984,Color,DVD,"11-10-2017 Sala dos
 Una mañana una familia encuentra el cadaver de una descpnocida joven. Quién es? Cómo llegó hasta allí? Tiene conexión con el cuerpo de otra chica encontrado tiempo después en un barranco?.
 La familia invita  la Miss Marple para que trate de resolver el misterio."
3356,EL HONOR DE LOS PRIZZI,Cine Negro,Jack Nicholson,Kathleen Turner,Anjelica Huston,John Huston,1985,Color,DVD,"13-03-1986 18 de julio, Casablanca
 Charley (Nicholson) es un asesino a sueldo al servicio de los Prizzi. La hija del Don está enamorada de él, pero se interpone una bella rubia."
3357,SOLO PARA ADULTOS,Comedia,Shirley MacLaine,Bo Derek,Anthony Hopkins,Richard Lang,1980,Color,DVD,"1-01-1981 Trocadero
 Una mujer descubre que su esposo tiene una relación sentimental con una alumna mucho más joven que él. Decide pagarle con la misma moneda."
3358,EL TERROR,Terror,Boris Karloff,Jack Nicholson,Sandra Knight,Roger Corman,1963,B&N,DVD,"15-10-1967 Rex
 En la Europa del siglo XIX unjoven oficial es salvado de la merte por una jiven mujer que desparece inmediatamente después.
 Luego querrá conocer a la misteriosa dama y siguiendorastros llegará a un castillo donde vive el Barón Von Leppe."
3359,EL HIJO DE LA NOVIA,Drama,Ricardo Darín,Héctor Alterio,Norma Aleandro,Juan José Campanella,2001,Color,DVD,"16-11-2001. Plaza, Movie Center Punta Carretas, Montevideo, Portones.
 Un hijo quiere cumplir el deseo de su madre, víctima del mal de Alzhaimer, casar a sus padres por iglesia."
3363,EL NUEVO SUPERAGENTE 86,Comedia,Don Adams,Barbara Feldon,Andy Dick,Nick Marck,1995,Color,DVD,"Serie TV 9 episodios
 Don Adams y Bárbara Feldon vuelven a interpretar, treinta años después, Maxwell Smart y la Agente 99. Max es ahora el jefe de Control, mientras que 99 es una congresista a cargo del presupuesto de la Agencia. Juntos, deberán luchar para evitar que su gran rival KAOS, se haga cargo del control del mundo. Cuentan con la colaboración de su hijo Zach (Andy Dick)recién estrenado como espía y de su brillante compañera la Agente 66 (Elaine Hendrix)"
3364,20000 LEGUAS DE VIAJE SUBMARINO,Aventuras,Michael Caine,Mia Sara,Patrick Demesey,Rod Hardy,1997,Color,DVD,"Mini Serie TV.
 Cuando misteriosamente comienzan a hundirse numerosos barcos en alta mar, todo el mundo piensa que el causante de estos desastres es un gigantesco cetáceo. No obstante, un barco ballenero que sale con la intención de cazar al monstruo, descubre, antes de ser hundido, que la bestia no es sino una extraña embarcación metálica con forma de pez. Un arponero, el Prof Arronax y su ayudante logran subir a bordo, dónde conocen al Capitán Nemo."
3365,ALFRED HITCHCOCK PRESENTA Temporada 6),Suspenso,Claude Rains,Martin Balsam,Gena Rowlands,Varios,1960,B&N,DVD,
3366,ALFRED HITCHCOCK PRESENTA Temporada 7,Suspenso,Robert Redford,Robert Duvall,Diana Dors,Varios,1961,B&N,DVD,
3360,REPORTERA DEL CRIMEN (Colección Completas,Policial,Angela Lansbury,William Windom,Ron Masak,Anthony Shaw,1984,Color,DVD,"Jessika Fletcher (Lansbury) es un escritora de novelas policiales que resuelve muchos casos razonando que los mismos son como sus novelas.
 Actores que la acompañam:
 William Conrad 1/18
 Stewart Granger 1/14 
 Virginia Mayo 1/3
 Martin Landau 1-2
 Lloyd Nolan 2/3
 Eleanor Parker 3/10
 Mickey Rooney 10/6
 Elli Wallach 4/17
 Claire Trevor 4/3
 Robert Stack 2/19
 Adam West 3/16
 Vera Miles 2/9, 7/13, 7/19
 Ivonne DeCarlo 2-9
 Ruth Roman 4/7,5/17, 6/11
 Rod Taylor 11/20, 12/6 y 7
 César Romero1/14, 9/1
 Cyd Charisse 2/1
 Ernest Borgnine 3/16
 George Clooney 1/2, 3/18
 Marie Windsor 3/20, 7/14
 Gene Barry 6/9"
3361,LA LEYENDA DE LA CIUDAD SIN NOMBRE,Comedia,Lee Marvin,Clint Eastwood,Jean Seberg,Joshua Logan,1969,Color,DVD,"25-09-1970 Eliseo
 La historia de una ciudad formada por buscadores de oro, se centra en las aventuras y desventuras de Ben y ""Socio"" (Lee Marvin y Clint Eastwood) y la delicada esposa que ambos comparten (Jean Seberg). Divertida combinación de western y comedia."
3362,EL BOTIN DE 500.000 DOLARES,Policial,Clint Eastwood,Jeff Bridges,George Kennedy,Michael Chimino,1974,Color,DVD,"28-02-1975 Trocadero
 Tïtulo local ""Especialista en el crimn""
Eastwood es un atracador retirado, pero con un nuevo socio (Bridges) intentarán atracar un banco inexpugnable. Film de acción explosiva, personajes fascinantes y un final emotivo"
3367,THE DEPUTY,Western,Henry Fonda,Allen Case,Read Morgan,David Butler,1959,B&N,DVD,"TV Serie
 En 1880 Los trabajos del Sheriff de Silver City
 Actores Invitados:
 Robert Redford T 1 Ep31
 Marie Windsor T 1 Ep 3
 Denny Miller T 2 ep 29
 Lee Van Cleef T 1 Ep 34
 Richard Crenna T 1 Ep 30
 George Kennedy T 1 Ep 10
 Roy Bracfort T 1 Ep 7"
3368,BEETHOVEN 1,Comedia,Dean Jones,Bonnie Hunt,Charles Grodin,Briant Levant,1992,Color,DVD,"18-09-1992 California
 Las aventuras de un gran San Bernardo"
3369,BEETHOVEN 2,Comedia,Bonnie Hunt,Charles Grodin,Nicholle Tom,Rod Daniel,1993,Color,DVD,"25-03-1994 Nuevo 18
 Beethoven tiene novia y se la secuestran"
3370,BEETHOVEN 3,Comedia,Judge Reinhold,Julia Sweeney,Joe Pichler,David Mickey Evans,2000,Color,DVD,No estrenada en salas
3371,BEETHOVEN 4,Comedia,Judge Reinhold,Julia Sweeney,Joe Pichler,David Mickey Evans,2001,Color,DVD,No estrenada en salas
3372,BEETHOVEN 5,Comedia,Dave Thomas,Faith Ford,Daveigh Chase,Mark Griffiths,2003,Color,DVD,"No estrenada en salas.
 Beethoven pasa el verano en un pueblo llamado Quick Silver"
3373,BEETHOVEN 6,Comedia,Jonathan Silverman,Jennifer Finnigan,Moisés Arias,Mike Elliot,2008,Color,DVD,"No estrenada en salas.
 Planean secuestrar a Beethoven para pedir rescate."
3374,BEETHOVEN 7,Comedia,John Chase,Munro Chambers,Kim Rhodes,John Putch,2011,Color,DVD,"No estrenada en salas.
Durante la Navidad Beethoven tiene que rescatar a un Elfo y recuperar la bolsa con los juguetes"
3375,BEETHOVEN 8,Comedia,Jonathan Silverman,Kristy Swanson,Bretton Manley,Ron Oliver,2014,Color,DVD,"No estrenada en salas.
 Beethoven y su entrenador se dirigen a casa después de una filmación. Ayudan a un chico a encontrar el mapa de un tesoro perdido."
